serial_number,first_observation_date,last_observation_date,observed_days,is_failed,overall_max_probability,overall_mean_probability,failure_date,eligible_max_probability,eligible_mean_probability,eligible_observed_days,alerted_primary,alert_days_primary,first_alert_date_primary,alerted_high_recall,alert_days_high_recall,first_alert_date_high_recall,error_group,lead_time_days_primary,lead_time_days_high_recall,probability_gap_to_primary,failure_detection_tier,first_primary_alert_date,last_primary_alert_date,primary_alert_span_days,longest_consecutive_primary_alert_run,days_from_last_alert_to_last_observation,alert_pattern,possible_right_censoring
1050A0C7F9RG,2023-10-01,2023-10-31,9,0,0.9999999999998581,0.9999952362398239,,0.9999999999998581,0.9999952362398239,9,True,9,2023-10-01,True,9,2023-10-01,false_positive,,,-0.29999999999985816,not_a_failed_drive,2023-10-01,2023-10-31,31,2,0.0,repeated_nonpersistent_alerts,True
1270A14UFVKG,2023-10-04,2023-12-30,32,0,0.7327646976193126,0.44553191391615227,,0.7327646976193126,0.44553191391615227,32,True,6,2023-12-11,True,20,2023-10-27,false_positive,,,-0.032764697619312666,not_a_failed_drive,2023-12-11,2023-12-30,20,1,0.0,repeated_nonpersistent_alerts,True
12A0A027FVKG,2023-10-02,2023-12-31,25,0,0.9908530267614336,0.9858259157077447,,0.9908530267614336,0.9858259157077447,25,True,25,2023-10-02,True,25,2023-10-02,false_positive,,,-0.29085302676143365,not_a_failed_drive,2023-10-02,2023-12-31,91,6,0.0,repeated_nonpersistent_alerts,True
13L0A09NFVKG,2023-11-20,2023-12-29,8,0,0.99999999999864,0.836760526442903,,0.99999999999864,0.836760526442903,8,True,6,2023-12-04,True,6,2023-12-04,false_positive,,,-0.29999999999864,not_a_failed_drive,2023-12-04,2023-12-29,26,2,0.0,repeated_nonpersistent_alerts,True
175PP3IPT,2023-10-03,2023-12-31,29,0,0.8659616167873122,0.8659616167873122,,0.8659616167873122,0.8659616167873122,29,True,29,2023-10-03,True,29,2023-10-03,false_positive,,,-0.16596161678731225,not_a_failed_drive,2023-10-03,2023-12-31,90,6,0.0,repeated_nonpersistent_alerts,True
176IP6ONT,2023-10-01,2023-12-25,29,0,0.9999998713327193,0.9999998713327194,,0.9999998713327193,0.9999998713327194,29,True,29,2023-10-01,True,29,2023-10-01,false_positive,,,-0.2999998713327193,not_a_failed_drive,2023-10-01,2023-12-25,86,2,0.0,repeated_nonpersistent_alerts,True
176IP6OOT,2023-10-01,2023-12-17,29,0,0.9874263118317014,0.9874263118317014,,0.9874263118317014,0.9874263118317014,29,True,29,2023-10-01,True,29,2023-10-01,false_positive,,,-0.2874263118317014,not_a_failed_drive,2023-10-01,2023-12-17,78,5,0.0,repeated_nonpersistent_alerts,True
177QT3DYT,2023-10-01,2023-12-30,35,0,0.8659616167873122,0.8659616167873122,,0.8659616167873122,0.8659616167873122,35,True,35,2023-10-01,True,35,2023-10-01,false_positive,,,-0.16596161678731225,not_a_failed_drive,2023-10-01,2023-12-30,91,5,0.0,repeated_nonpersistent_alerts,True
188DT94RT,2023-10-02,2023-12-31,29,0,0.7409477283818927,0.7409477283818927,,0.7409477283818927,0.7409477283818927,29,True,29,2023-10-02,True,29,2023-10-02,false_positive,,,-0.040947728381892756,not_a_failed_drive,2023-10-02,2023-12-31,91,4,0.0,repeated_nonpersistent_alerts,True
188UP7DZT,2023-10-01,2023-11-07,10,0,0.8041516754195164,0.5815374047048364,,0.8041516754195164,0.5815374047048364,10,True,3,2023-11-02,True,7,2023-10-01,false_positive,,,-0.10415167541951642,not_a_failed_drive,2023-11-02,2023-11-07,6,1,0.0,repeated_nonpersistent_alerts,True
20W0A0B4F9RG,2023-10-04,2023-12-31,33,0,0.9954301703146493,0.9224459671420867,,0.9954301703146493,0.9224459671420867,33,True,33,2023-10-04,True,33,2023-10-04,false_positive,,,-0.29543017031464935,not_a_failed_drive,2023-10-04,2023-12-31,89,4,0.0,repeated_nonpersistent_alerts,True
2210A01SFV8G,2023-10-06,2023-12-31,26,0,0.8610950714996023,0.8273296715571458,,0.8610950714996023,0.8273296715571458,26,True,26,2023-10-06,True,26,2023-10-06,false_positive,,,-0.16109507149960234,not_a_failed_drive,2023-10-06,2023-12-31,87,4,0.0,repeated_nonpersistent_alerts,True
2250A03BFVKG,2023-10-02,2023-12-31,26,0,0.7169926097390247,0.36127097474097386,,0.7169926097390247,0.36127097474097386,26,True,1,2023-12-31,True,1,2023-12-31,false_positive,,,-0.016992609739024722,not_a_failed_drive,2023-12-31,2023-12-31,1,1,0.0,single_day_spike,True
22D0A0JEFV8G,2023-10-01,2023-12-31,26,0,0.7085091781368064,0.6718936983923213,,0.7085091781368064,0.6718936983923213,26,True,5,2023-12-17,True,26,2023-10-01,false_positive,,,-0.008509178136806406,not_a_failed_drive,2023-12-17,2023-12-31,15,2,0.0,repeated_nonpersistent_alerts,True
2AGDK79Y,2023-10-01,2023-12-30,24,0,0.9920749436437852,0.890466648851188,,0.9920749436437852,0.890466648851188,24,True,24,2023-10-01,True,24,2023-10-01,false_positive,,,-0.2920749436437853,not_a_failed_drive,2023-10-01,2023-12-30,91,3,0.0,repeated_nonpersistent_alerts,True
2AGGHAVY,2023-10-01,2023-12-29,28,0,0.8951033275491926,0.7070424103607168,,0.8951033275491926,0.7070424103607168,28,True,9,2023-11-28,True,28,2023-10-01,false_positive,,,-0.19510332754919268,not_a_failed_drive,2023-11-28,2023-12-29,32,2,0.0,repeated_nonpersistent_alerts,True
2AGH31WY,2023-10-01,2023-12-30,27,0,1.0,1.0,,1.0,1.0,27,True,27,2023-10-01,True,27,2023-10-01,false_positive,,,-0.30000000000000004,not_a_failed_drive,2023-10-01,2023-12-30,91,4,0.0,repeated_nonpersistent_alerts,True
2AGHEPGY,2023-10-08,2023-11-09,12,0,0.76030412931581,0.4518578130114737,,0.76030412931581,0.4518578130114737,12,True,3,2023-11-07,True,5,2023-10-25,false_positive,,,-0.060304129315810084,not_a_failed_drive,2023-11-07,2023-11-09,3,3,0.0,repeated_nonpersistent_alerts,True
2AGHPHZY,2023-10-01,2023-11-23,27,0,0.8642934255661368,0.648866994959827,,0.8642934255661368,0.648866994959827,27,True,8,2023-11-02,True,27,2023-10-01,false_positive,,,-0.1642934255661368,not_a_failed_drive,2023-11-02,2023-11-23,22,3,0.0,repeated_nonpersistent_alerts,True
2AGHSUWY,2023-10-16,2023-12-27,22,0,1.0,1.0,,1.0,1.0,22,True,22,2023-10-16,True,22,2023-10-16,false_positive,,,-0.30000000000000004,not_a_failed_drive,2023-10-16,2023-12-27,73,2,0.0,repeated_nonpersistent_alerts,True
2AGHTBYY,2023-10-05,2023-12-27,26,0,0.8690006775004083,0.7089247980739389,,0.8690006775004083,0.7089247980739389,26,True,8,2023-10-05,True,26,2023-10-05,false_positive,,,-0.16900067750040837,not_a_failed_drive,2023-10-05,2023-11-02,29,2,55.0,repeated_nonpersistent_alerts,False
2AGKT7NY,2023-10-02,2023-12-30,23,0,0.7486983482166739,0.7017126455207425,,0.7486983482166739,0.7017126455207425,23,True,13,2023-10-21,True,23,2023-10-02,false_positive,,,-0.04869834821667396,not_a_failed_drive,2023-10-21,2023-12-30,71,2,0.0,repeated_nonpersistent_alerts,True
2AGM23AY,2023-10-03,2023-12-31,35,0,0.8405697059943824,0.49260238502777504,,0.8405697059943824,0.49260238502777504,35,True,7,2023-12-17,True,35,2023-10-03,false_positive,,,-0.14056970599438245,not_a_failed_drive,2023-12-17,2023-12-31,15,2,0.0,repeated_nonpersistent_alerts,True
2AGM29VY,2023-10-04,2023-12-20,25,0,0.9999999999997424,0.9999990035492082,,0.9999999999997424,0.9999990035492082,25,True,25,2023-10-04,True,25,2023-10-04,false_positive,,,-0.2999999999997425,not_a_failed_drive,2023-10-04,2023-12-20,78,5,0.0,repeated_nonpersistent_alerts,True
2AGM6HEY,2023-10-03,2023-12-31,30,0,0.999999794373973,0.9999992153504619,,0.999999794373973,0.9999992153504619,30,True,30,2023-10-03,True,30,2023-10-03,false_positive,,,-0.29999979437397306,not_a_failed_drive,2023-10-03,2023-12-31,90,2,0.0,repeated_nonpersistent_alerts,True
2AGM8J9Y,2023-10-01,2023-12-30,25,0,0.7060621169975843,0.6038743588652432,,0.7060621169975843,0.6038743588652432,25,True,4,2023-10-31,True,25,2023-10-01,false_positive,,,-0.006062116997584299,not_a_failed_drive,2023-10-31,2023-12-08,39,1,22.0,repeated_nonpersistent_alerts,False
2AGM8KYY,2023-10-01,2023-12-31,37,0,1.0,0.8938888747214045,,1.0,0.8938888747214045,37,True,27,2023-10-18,True,37,2023-10-01,false_positive,,,-0.30000000000000004,not_a_failed_drive,2023-10-18,2023-12-31,75,3,0.0,repeated_nonpersistent_alerts,True
2AGM8WGY,2023-10-06,2023-12-28,23,0,0.9999510089495603,0.960226350075997,,0.9999510089495603,0.960226350075997,23,True,23,2023-10-06,True,23,2023-10-06,false_positive,,,-0.2999510089495604,not_a_failed_drive,2023-10-06,2023-12-28,84,3,0.0,repeated_nonpersistent_alerts,True
2AGM9HVY,2023-10-01,2023-12-31,30,0,0.9802584541327012,0.9578024541302244,,0.9802584541327012,0.9578024541302244,30,True,30,2023-10-01,True,30,2023-10-01,false_positive,,,-0.28025845413270123,not_a_failed_drive,2023-10-01,2023-12-31,92,4,0.0,repeated_nonpersistent_alerts,True
2AGME21Y,2023-10-01,2023-12-15,21,0,0.9446199750891607,0.7726404252156487,,0.9446199750891607,0.7726404252156487,21,True,16,2023-10-16,True,21,2023-10-01,false_positive,,,-0.24461997508916078,not_a_failed_drive,2023-10-16,2023-12-15,61,3,0.0,repeated_nonpersistent_alerts,True
2AGMHRYY,2023-10-05,2023-12-29,31,0,0.9467923771032394,0.6963666210238111,,0.9467923771032394,0.6963666210238111,31,True,14,2023-12-06,True,31,2023-10-05,false_positive,,,-0.24679237710323942,not_a_failed_drive,2023-12-06,2023-12-29,24,4,0.0,repeated_nonpersistent_alerts,True
2AGMHW5Y,2023-10-01,2023-12-29,27,0,0.8143231811345736,0.42915653237907353,,0.8143231811345736,0.42915653237907353,27,True,5,2023-12-16,True,7,2023-12-04,false_positive,,,-0.11432318113457363,not_a_failed_drive,2023-12-16,2023-12-29,14,2,0.0,repeated_nonpersistent_alerts,True
2AGMHY8Y,2023-10-04,2023-12-25,28,0,0.986807960221274,0.6152458473067252,,0.986807960221274,0.6152458473067252,28,True,13,2023-11-09,True,18,2023-10-23,false_positive,,,-0.2868079602212741,not_a_failed_drive,2023-11-09,2023-12-25,47,3,0.0,repeated_nonpersistent_alerts,True
2AGMLZTY,2023-10-07,2023-12-22,23,0,0.9999999995599935,0.99999999267617,,0.9999999995599935,0.99999999267617,23,True,23,2023-10-07,True,23,2023-10-07,false_positive,,,-0.29999999955999357,not_a_failed_drive,2023-10-07,2023-12-22,77,4,0.0,repeated_nonpersistent_alerts,True
2AGMM0UY,2023-10-01,2023-12-31,29,0,0.9999999999999594,0.999999999999958,,0.9999999999999594,0.999999999999958,29,True,29,2023-10-01,True,29,2023-10-01,false_positive,,,-0.2999999999999594,not_a_failed_drive,2023-10-01,2023-12-31,92,4,0.0,repeated_nonpersistent_alerts,True
2AGMM53Y,2023-10-03,2023-11-19,17,0,0.9999841864876093,0.6105616771274365,,0.9999841864876093,0.6105616771274365,17,True,7,2023-10-28,True,8,2023-10-26,false_positive,,,-0.2999841864876094,not_a_failed_drive,2023-10-28,2023-11-19,23,2,0.0,repeated_nonpersistent_alerts,True
2AGMM6WY,2023-10-04,2023-12-14,18,0,0.9375720751541784,0.5349672596332538,,0.9375720751541784,0.5349672596332538,18,True,2,2023-12-13,True,12,2023-10-25,false_positive,,,-0.23757207515417844,not_a_failed_drive,2023-12-13,2023-12-14,2,2,0.0,short_alert_burst,True
2AGMN00Y,2023-10-03,2023-10-14,5,0,1.0,1.0,,1.0,1.0,5,True,5,2023-10-03,True,5,2023-10-03,false_positive,,,-0.30000000000000004,not_a_failed_drive,2023-10-03,2023-10-14,12,1,0.0,repeated_nonpersistent_alerts,True
2AGMNARY,2023-10-04,2023-10-13,3,0,0.7819707013569822,0.7569330210410831,,0.7819707013569822,0.7569330210410831,3,True,3,2023-10-04,True,3,2023-10-04,false_positive,,,-0.08197070135698226,not_a_failed_drive,2023-10-04,2023-10-13,10,1,0.0,repeated_nonpersistent_alerts,True
2AGMNERY,2023-10-04,2023-12-31,28,0,0.8471058669616862,0.6464026119540522,,0.8471058669616862,0.6464026119540522,28,True,11,2023-11-05,True,28,2023-10-04,false_positive,,,-0.14710586696168626,not_a_failed_drive,2023-11-05,2023-12-08,34,3,23.0,repeated_nonpersistent_alerts,False
2AGMNGJY,2023-10-01,2023-12-29,33,0,0.9920403025602335,0.9383382622430746,,0.9920403025602335,0.9383382622430746,33,True,32,2023-10-01,True,32,2023-10-01,false_positive,,,-0.2920403025602335,not_a_failed_drive,2023-10-01,2023-12-29,90,3,0.0,repeated_nonpersistent_alerts,True
2AGMNHJY,2023-10-01,2023-12-30,24,0,0.847111847402676,0.8304810511401844,,0.847111847402676,0.8304810511401844,24,True,24,2023-10-01,True,24,2023-10-01,false_positive,,,-0.14711184740267602,not_a_failed_drive,2023-10-01,2023-12-30,91,2,0.0,repeated_nonpersistent_alerts,True
2AGMR26Y,2023-10-04,2023-12-31,27,0,0.8238495200111444,0.5878685459292833,,0.8238495200111444,0.5878685459292833,27,True,12,2023-10-10,True,27,2023-10-04,false_positive,,,-0.12384952001114446,not_a_failed_drive,2023-10-10,2023-11-12,34,2,49.0,repeated_nonpersistent_alerts,False
2AGMRDVY,2023-10-02,2023-12-31,28,0,0.9996173700697394,0.6905178979816708,,0.9996173700697394,0.6905178979816708,28,True,10,2023-11-29,True,28,2023-10-02,false_positive,,,-0.29961737006973943,not_a_failed_drive,2023-11-29,2023-12-31,33,2,0.0,repeated_nonpersistent_alerts,True
2AGMSPUY,2023-10-01,2023-12-27,26,0,0.8451553788156548,0.7221533162443771,,0.8451553788156548,0.7221533162443771,26,True,17,2023-10-01,True,26,2023-10-01,false_positive,,,-0.14515537881565488,not_a_failed_drive,2023-10-01,2023-11-18,49,4,39.0,repeated_nonpersistent_alerts,False
2AGN025Y,2023-10-02,2023-12-31,26,0,0.9999990944317396,0.9850113951229956,,0.9999990944317396,0.9850113951229956,26,True,25,2023-10-08,True,26,2023-10-02,false_positive,,,-0.29999909443173967,not_a_failed_drive,2023-10-08,2023-12-31,85,3,0.0,repeated_nonpersistent_alerts,True
2AGN02BY,2023-10-01,2023-12-21,23,0,0.7847461309248936,0.7564234265217786,,0.7847461309248936,0.7564234265217786,23,True,23,2023-10-01,True,23,2023-10-01,false_positive,,,-0.08474613092489369,not_a_failed_drive,2023-10-01,2023-12-21,82,3,0.0,repeated_nonpersistent_alerts,True
2AGN08DY,2023-10-05,2023-12-31,20,0,0.9244463252531259,0.600075446900684,,0.9244463252531259,0.600075446900684,20,True,4,2023-12-07,True,20,2023-10-05,false_positive,,,-0.2244463252531259,not_a_failed_drive,2023-12-07,2023-12-31,25,1,0.0,repeated_nonpersistent_alerts,True
2AGN08UY,2023-10-11,2023-12-28,24,0,0.9965829760521558,0.9942192088223417,,0.9965829760521558,0.9942192088223417,24,True,24,2023-10-11,True,24,2023-10-11,false_positive,,,-0.2965829760521559,not_a_failed_drive,2023-10-11,2023-12-28,79,3,0.0,repeated_nonpersistent_alerts,True
2AGN64YY,2023-10-03,2023-12-25,23,0,0.7378074646354216,0.5117576055377326,,0.7378074646354216,0.5117576055377326,23,True,2,2023-12-23,True,23,2023-10-03,false_positive,,,-0.03780746463542162,not_a_failed_drive,2023-12-23,2023-12-25,3,1,0.0,short_alert_burst,True
2AGN8EGY,2023-10-05,2023-12-30,28,0,0.8156997100783581,0.4825833506626206,,0.8156997100783581,0.4825833506626206,28,True,3,2023-12-26,True,28,2023-10-05,false_positive,,,-0.11569971007835811,not_a_failed_drive,2023-12-26,2023-12-30,5,2,0.0,repeated_nonpersistent_alerts,True
2AGN90RY,2023-10-04,2023-12-05,25,0,0.7579918526011329,0.589484713712084,,0.7579918526011329,0.589484713712084,25,True,6,2023-11-11,True,25,2023-10-04,false_positive,,,-0.05799185260113293,not_a_failed_drive,2023-11-11,2023-12-01,21,2,4.0,repeated_nonpersistent_alerts,True
2AGN921Y,2023-10-01,2023-12-31,32,0,0.886135481841592,0.872734014259206,,0.886135481841592,0.872734014259206,32,True,32,2023-10-01,True,32,2023-10-01,false_positive,,,-0.186135481841592,not_a_failed_drive,2023-10-01,2023-12-31,92,5,0.0,repeated_nonpersistent_alerts,True
2AGN9W7Y,2023-10-01,2023-10-30,9,0,0.9742562429665282,0.9517452278726461,,0.9742562429665282,0.9517452278726461,9,True,9,2023-10-01,True,9,2023-10-01,false_positive,,,-0.2742562429665283,not_a_failed_drive,2023-10-01,2023-10-30,30,2,0.0,repeated_nonpersistent_alerts,True
2AGNMWYY,2023-10-02,2023-12-26,21,0,0.9975146949629239,0.5177422162531997,,0.9975146949629239,0.5177422162531997,21,True,7,2023-11-26,True,7,2023-11-26,false_positive,,,-0.29751469496292393,not_a_failed_drive,2023-11-26,2023-12-26,31,1,0.0,repeated_nonpersistent_alerts,True
2AGP6ASY,2023-10-02,2023-12-25,26,0,0.9998055723094921,0.9998055723094921,,0.9998055723094921,0.9998055723094921,26,True,26,2023-10-02,True,26,2023-10-02,false_positive,,,-0.2998055723094921,not_a_failed_drive,2023-10-02,2023-12-25,85,3,0.0,repeated_nonpersistent_alerts,True
2AGPJ7RY,2023-10-06,2023-12-27,23,0,0.8400993923522048,0.805907231790954,,0.8400993923522048,0.805907231790954,23,True,23,2023-10-06,True,23,2023-10-06,false_positive,,,-0.1400993923522048,not_a_failed_drive,2023-10-06,2023-12-27,83,3,0.0,repeated_nonpersistent_alerts,True
2AGPJKBY,2023-10-03,2023-12-31,25,0,0.9839183438101565,0.9825891984938085,,0.9839183438101565,0.9825891984938085,25,True,25,2023-10-03,True,25,2023-10-03,false_positive,,,-0.28391834381015657,not_a_failed_drive,2023-10-03,2023-12-31,90,2,0.0,repeated_nonpersistent_alerts,True
2AGPKTWY,2023-10-03,2023-12-29,29,0,0.9970638567936112,0.9970638567936112,,0.9970638567936112,0.9970638567936112,29,True,29,2023-10-03,True,29,2023-10-03,false_positive,,,-0.29706385679361125,not_a_failed_drive,2023-10-03,2023-12-29,88,4,0.0,repeated_nonpersistent_alerts,True
2AGPL25Y,2023-10-01,2023-12-31,30,0,0.9847807561323202,0.9375313242673722,,0.9847807561323202,0.9375313242673722,30,True,30,2023-10-01,True,30,2023-10-01,false_positive,,,-0.28478075613232023,not_a_failed_drive,2023-10-01,2023-12-31,92,3,0.0,repeated_nonpersistent_alerts,True
2AGPLT6Y,2023-10-08,2023-12-31,32,0,0.9996168032829376,0.9995214353689654,,0.9996168032829376,0.9995214353689654,32,True,32,2023-10-08,True,32,2023-10-08,false_positive,,,-0.2996168032829376,not_a_failed_drive,2023-10-08,2023-12-31,85,4,0.0,repeated_nonpersistent_alerts,True
2AGPPHEY,2023-10-02,2023-12-30,33,0,0.853047478862219,0.42605614815370174,,0.853047478862219,0.42605614815370174,33,True,2,2023-12-29,True,24,2023-10-20,false_positive,,,-0.15304747886221903,not_a_failed_drive,2023-12-29,2023-12-30,2,2,0.0,short_alert_burst,True
2AGPR6AY,2023-10-01,2023-12-25,17,0,0.9675642344496984,0.9675642344496985,,0.9675642344496984,0.9675642344496985,17,True,17,2023-10-01,True,17,2023-10-01,false_positive,,,-0.26756423444969846,not_a_failed_drive,2023-10-01,2023-12-25,86,2,0.0,repeated_nonpersistent_alerts,True
2AGPS6DY,2023-10-05,2023-12-30,23,0,1.0,0.9999999999999999,,1.0,0.9999999999999999,23,True,23,2023-10-05,True,23,2023-10-05,false_positive,,,-0.30000000000000004,not_a_failed_drive,2023-10-05,2023-12-30,87,2,0.0,repeated_nonpersistent_alerts,True
2AGPSHUY,2023-10-02,2023-10-17,6,0,0.9999999999997535,0.949398672843372,,0.9999999999997535,0.949398672843372,6,True,6,2023-10-02,True,6,2023-10-02,false_positive,,,-0.2999999999997536,not_a_failed_drive,2023-10-02,2023-10-17,16,2,0.0,repeated_nonpersistent_alerts,True
2BH4VB7N,2023-10-02,2023-12-19,21,0,1.0,0.8098877850304076,,1.0,0.8098877850304076,21,True,13,2023-10-26,True,18,2023-10-09,false_positive,,,-0.30000000000000004,not_a_failed_drive,2023-10-26,2023-12-19,55,3,0.0,repeated_nonpersistent_alerts,True
2BJ34JHN,2023-10-03,2023-12-31,39,0,0.948485105199252,0.9484851051992519,,0.948485105199252,0.9484851051992519,39,True,39,2023-10-03,True,39,2023-10-03,false_positive,,,-0.24848510519925204,not_a_failed_drive,2023-10-03,2023-12-31,90,4,0.0,repeated_nonpersistent_alerts,True
2BJ38V9N,2023-10-01,2023-12-29,31,0,0.9999999991835278,0.5274396641515197,,0.9999999991835278,0.5274396641515197,31,True,9,2023-10-04,True,9,2023-10-04,false_positive,,,-0.2999999991835278,not_a_failed_drive,2023-10-04,2023-10-30,27,3,60.0,repeated_nonpersistent_alerts,False
2BJ9U18D,2023-10-03,2023-12-31,27,0,0.9999927284778417,0.5565431022345827,,0.9999927284778417,0.5565431022345827,27,True,9,2023-12-08,True,9,2023-12-08,false_positive,,,-0.29999272847784175,not_a_failed_drive,2023-12-08,2023-12-31,24,2,0.0,repeated_nonpersistent_alerts,True
2BJAYYYD,2023-10-04,2023-11-08,11,0,0.9999999999999658,0.7980587979314838,,0.9999999999999658,0.7980587979314838,11,True,8,2023-10-17,True,8,2023-10-17,false_positive,,,-0.29999999999996585,not_a_failed_drive,2023-10-17,2023-11-08,23,2,0.0,repeated_nonpersistent_alerts,True
2BJB89VD,2023-10-02,2023-12-31,24,0,0.999155203689314,0.3995805637009778,,0.999155203689314,0.3995805637009778,24,True,3,2023-12-22,True,3,2023-12-22,false_positive,,,-0.29915520368931403,not_a_failed_drive,2023-12-22,2023-12-31,10,1,0.0,repeated_nonpersistent_alerts,True
2BJB8DRD,2023-10-02,2023-12-09,25,0,0.9999369576598479,0.6088242388121882,,0.9999369576598479,0.6088242388121882,25,True,11,2023-11-17,True,12,2023-11-14,false_positive,,,-0.29993695765984796,not_a_failed_drive,2023-11-17,2023-12-09,23,4,0.0,repeated_nonpersistent_alerts,True
2BJBJH6D,2023-10-02,2023-12-28,20,0,0.9999999997542965,0.999999996276016,,0.9999999997542965,0.999999996276016,20,True,20,2023-10-02,True,20,2023-10-02,false_positive,,,-0.2999999997542966,not_a_failed_drive,2023-10-02,2023-12-28,88,4,0.0,repeated_nonpersistent_alerts,True
2BJBY3LD,2023-10-05,2023-12-29,26,0,0.999999995098364,0.6111605521669156,,0.999999995098364,0.6111605521669156,26,True,11,2023-11-30,True,11,2023-11-30,false_positive,,,-0.29999999509836406,not_a_failed_drive,2023-11-30,2023-12-29,30,3,0.0,repeated_nonpersistent_alerts,True
2BJBZ62D,2023-10-05,2023-12-27,18,0,0.9715543464432767,0.5552128550417934,,0.9715543464432767,0.5552128550417934,18,True,6,2023-12-11,True,6,2023-12-11,false_positive,,,-0.2715543464432767,not_a_failed_drive,2023-12-11,2023-12-27,17,2,0.0,repeated_nonpersistent_alerts,True
2BJBZNPD,2023-10-11,2023-12-31,32,0,0.9999999999995899,0.5506105509190489,,0.9999999999995899,0.5506105509190489,32,True,10,2023-12-10,True,11,2023-12-07,false_positive,,,-0.29999999999958993,not_a_failed_drive,2023-12-10,2023-12-31,22,2,0.0,repeated_nonpersistent_alerts,True
2BJBZY0D,2023-10-06,2023-12-31,27,0,0.8660249611490202,0.4155861961564843,,0.8660249611490202,0.4155861961564843,27,True,2,2023-12-30,True,6,2023-12-22,false_positive,,,-0.1660249611490202,not_a_failed_drive,2023-12-30,2023-12-31,2,2,0.0,short_alert_burst,True
2BJD2BWD,2023-10-03,2023-12-08,16,0,0.999999900496867,0.4163645792061306,,0.999999900496867,0.4163645792061306,16,True,2,2023-12-05,True,2,2023-12-05,false_positive,,,-0.2999999004968671,not_a_failed_drive,2023-12-05,2023-12-08,4,1,0.0,short_alert_burst,True
2BJDDHWD,2023-10-04,2023-12-27,27,0,0.9998659735258634,0.5030385071666952,,0.9998659735258634,0.5030385071666952,27,True,8,2023-12-13,True,8,2023-12-13,false_positive,,,-0.2998659735258634,not_a_failed_drive,2023-12-13,2023-12-27,15,4,0.0,repeated_nonpersistent_alerts,True
2BJL7YXD,2023-10-16,2023-12-30,24,0,0.9999999999999984,0.9381396141376958,,0.9999999999999984,0.9381396141376958,24,True,22,2023-10-24,True,22,2023-10-24,false_positive,,,-0.2999999999999985,not_a_failed_drive,2023-10-24,2023-12-30,68,2,0.0,repeated_nonpersistent_alerts,True
2BJP47AN,2023-10-09,2023-12-30,22,0,1.0,0.6438411505496646,,1.0,0.6438411505496646,22,True,10,2023-10-09,True,10,2023-10-09,false_positive,,,-0.30000000000000004,not_a_failed_drive,2023-10-09,2023-11-07,30,2,53.0,repeated_nonpersistent_alerts,False
2CJAKUHN,2023-10-09,2023-12-30,21,0,0.7409477283818927,0.7409477283818927,,0.7409477283818927,0.7409477283818927,21,True,21,2023-10-09,True,21,2023-10-09,false_positive,,,-0.040947728381892756,not_a_failed_drive,2023-10-09,2023-12-30,83,1,0.0,repeated_nonpersistent_alerts,True
2CJB6EUJ,2023-10-02,2023-12-25,24,0,0.7375204972074509,0.5968534806158258,,0.7375204972074509,0.5968534806158258,24,True,6,2023-10-02,True,24,2023-10-02,false_positive,,,-0.03752049720745099,not_a_failed_drive,2023-10-02,2023-10-22,21,3,64.0,repeated_nonpersistent_alerts,False
2CJTZ39N,2023-10-02,2023-12-31,27,0,0.948485105199252,0.9259577145777906,,0.948485105199252,0.9259577145777906,27,True,27,2023-10-02,True,27,2023-10-02,false_positive,,,-0.24848510519925204,not_a_failed_drive,2023-10-02,2023-12-31,91,3,0.0,repeated_nonpersistent_alerts,True
2CK69JBN,2023-10-04,2023-12-28,29,0,0.9742217290838695,0.5577263343294739,,0.9742217290838695,0.5577263343294739,29,True,10,2023-11-29,True,10,2023-11-29,false_positive,,,-0.27422172908386955,not_a_failed_drive,2023-11-29,2023-12-28,30,2,0.0,repeated_nonpersistent_alerts,True
2CKEJZBN,2023-10-02,2023-12-31,31,0,0.8021652023491624,0.5993993110935885,,0.8021652023491624,0.5993993110935885,31,True,17,2023-10-02,True,18,2023-10-02,false_positive,,,-0.10216520234916249,not_a_failed_drive,2023-10-02,2023-11-18,48,4,43.0,repeated_nonpersistent_alerts,False
2CKHGE3N,2023-10-04,2023-12-31,33,0,0.7379429430501359,0.7379429430501359,,0.7379429430501359,0.7379429430501359,33,True,33,2023-10-04,True,33,2023-10-04,false_positive,,,-0.0379429430501359,not_a_failed_drive,2023-10-04,2023-12-31,89,4,0.0,repeated_nonpersistent_alerts,True
2EG84ZNR,2023-10-04,2023-11-30,18,0,1.0,1.0,,1.0,1.0,18,True,18,2023-10-04,True,18,2023-10-04,false_positive,,,-0.30000000000000004,not_a_failed_drive,2023-10-04,2023-11-30,58,3,0.0,repeated_nonpersistent_alerts,True
2GG1ZP0F,2023-10-06,2023-10-10,2,0,0.9986063616368138,0.6705331778669714,,0.9986063616368138,0.6705331778669714,2,True,1,2023-10-06,True,1,2023-10-06,false_positive,,,-0.29860636163681387,not_a_failed_drive,2023-10-06,2023-10-06,1,1,4.0,single_day_spike,True
2GGHVVDD,2023-10-02,2023-12-22,20,0,0.9462395602528864,0.7475616210441216,,0.9462395602528864,0.7475616210441216,20,True,8,2023-10-02,True,20,2023-10-02,false_positive,,,-0.2462395602528864,not_a_failed_drive,2023-10-02,2023-11-03,33,1,49.0,repeated_nonpersistent_alerts,False
2GK3451V,2023-12-27,2023-12-31,3,0,1.0,0.7795060772757202,,1.0,0.7795060772757202,3,True,2,2023-12-30,True,2,2023-12-30,false_positive,,,-0.30000000000000004,not_a_failed_drive,2023-12-30,2023-12-31,2,2,0.0,short_alert_burst,True
2PGNDTKT,2023-10-01,2023-12-24,25,0,0.9991557249168113,0.9617251660282028,,0.9991557249168113,0.9617251660282028,25,True,25,2023-10-01,True,25,2023-10-01,false_positive,,,-0.2991557249168113,not_a_failed_drive,2023-10-01,2023-12-24,85,4,0.0,repeated_nonpersistent_alerts,True
2PGPJKZT,2023-10-01,2023-12-26,32,0,0.9995453406343288,0.987612734517781,,0.9995453406343288,0.987612734517781,32,True,32,2023-10-01,True,32,2023-10-01,false_positive,,,-0.2995453406343288,not_a_failed_drive,2023-10-01,2023-12-26,87,3,0.0,repeated_nonpersistent_alerts,True
2PGS8G7V,2023-10-03,2023-10-12,6,0,1.0,1.0,,1.0,1.0,6,True,6,2023-10-03,True,6,2023-10-03,false_positive,,,-0.30000000000000004,not_a_failed_drive,2023-10-03,2023-10-12,10,3,0.0,repeated_nonpersistent_alerts,True
31G0A0R3FV8G,2023-10-02,2023-10-09,3,0,0.9949436860785408,0.9949436860785408,,0.9949436860785408,0.9949436860785408,3,True,3,2023-10-02,True,3,2023-10-02,false_positive,,,-0.2949436860785408,not_a_failed_drive,2023-10-02,2023-10-09,8,1,0.0,repeated_nonpersistent_alerts,True
31G0A0YQFV8G,2023-10-02,2023-12-30,25,0,0.9936542931292967,0.6914868246550996,,0.9936542931292967,0.6914868246550996,25,True,14,2023-11-10,True,14,2023-11-10,false_positive,,,-0.2936542931292967,not_a_failed_drive,2023-11-10,2023-12-30,51,2,0.0,repeated_nonpersistent_alerts,True
31K0A2CUFV8G,2023-10-02,2023-12-30,35,0,0.7896543031908184,0.734306954873479,,0.7896543031908184,0.734306954873479,35,True,27,2023-10-25,True,35,2023-10-02,false_positive,,,-0.08965430319081846,not_a_failed_drive,2023-10-25,2023-12-30,67,5,0.0,repeated_nonpersistent_alerts,True
39D0A004F97G,2023-10-02,2023-12-31,30,0,0.9598279417664427,0.39170537819217033,,0.9598279417664427,0.39170537819217033,30,True,1,2023-12-31,True,29,2023-10-02,false_positive,,,-0.25982794176644275,not_a_failed_drive,2023-12-31,2023-12-31,1,1,0.0,single_day_spike,True
3GKUPVXK,2023-10-01,2023-12-30,24,0,0.9962135934391233,0.41641722316426866,,0.9962135934391233,0.41641722316426866,24,True,3,2023-12-19,True,3,2023-12-19,false_positive,,,-0.29621359343912335,not_a_failed_drive,2023-12-19,2023-12-30,12,2,0.0,repeated_nonpersistent_alerts,True
41A0A02DFV8G,2023-10-01,2023-12-31,38,0,0.8187347041612902,0.8062730303351071,,0.8187347041612902,0.8062730303351071,38,True,38,2023-10-01,True,38,2023-10-01,false_positive,,,-0.11873470416129028,not_a_failed_drive,2023-10-01,2023-12-31,92,6,0.0,repeated_nonpersistent_alerts,True
41B0A012FV8G,2023-10-02,2023-12-27,25,0,0.9256813669834197,0.9256813669834197,,0.9256813669834197,0.9256813669834197,25,True,25,2023-10-02,True,25,2023-10-02,false_positive,,,-0.22568136698341978,not_a_failed_drive,2023-10-02,2023-12-27,87,3,0.0,repeated_nonpersistent_alerts,True
51M0A1T3FVGG,2023-10-02,2023-11-27,14,0,0.992753690070924,0.7927116592287552,,0.992753690070924,0.7927116592287552,14,True,10,2023-10-28,True,14,2023-10-02,false_positive,,,-0.292753690070924,not_a_failed_drive,2023-10-28,2023-11-27,31,2,0.0,repeated_nonpersistent_alerts,True
51R0A15HFVGG,2023-10-02,2023-12-29,27,0,0.9361088024744335,0.9361024704558081,,0.9361088024744335,0.9361024704558081,27,True,27,2023-10-02,True,27,2023-10-02,false_positive,,,-0.23610880247443355,not_a_failed_drive,2023-10-02,2023-12-29,89,3,0.0,repeated_nonpersistent_alerts,True
51R0A17DFVGG,2023-10-08,2023-12-29,21,0,0.9727622068416316,0.6489643032818061,,0.9727622068416316,0.6489643032818061,21,True,7,2023-11-23,True,21,2023-10-08,false_positive,,,-0.27276220684163166,not_a_failed_drive,2023-11-23,2023-12-29,37,3,0.0,repeated_nonpersistent_alerts,True
51R0A19BFVGG,2023-10-02,2023-11-05,13,0,0.982411969069275,0.4708470002046725,,0.982411969069275,0.4708470002046725,13,True,2,2023-11-02,True,6,2023-10-20,false_positive,,,-0.282411969069275,not_a_failed_drive,2023-11-02,2023-11-05,4,1,0.0,short_alert_burst,True
51R0A1D8FVGG,2023-10-04,2023-12-30,28,0,0.999999997161304,0.9999999909196333,,0.999999997161304,0.9999999909196333,28,True,28,2023-10-04,True,28,2023-10-04,false_positive,,,-0.2999999971613041,not_a_failed_drive,2023-10-04,2023-12-30,88,4,0.0,repeated_nonpersistent_alerts,True
51R0A1PDFVGG,2023-10-04,2023-12-31,26,0,0.8827623461190555,0.8433046733343958,,0.8827623461190555,0.8433046733343958,26,True,24,2023-10-07,True,26,2023-10-04,false_positive,,,-0.1827623461190555,not_a_failed_drive,2023-10-07,2023-12-31,86,3,0.0,repeated_nonpersistent_alerts,True
51R0A1XAFVGG,2023-10-01,2023-12-31,34,0,1.0,0.9585690655413023,,1.0,0.9585690655413023,34,True,31,2023-10-14,True,34,2023-10-01,false_positive,,,-0.30000000000000004,not_a_failed_drive,2023-10-14,2023-12-31,79,4,0.0,repeated_nonpersistent_alerts,True
51R0A220FVGG,2023-10-01,2023-12-29,20,0,0.9994348150305348,0.8947364060018053,,0.9994348150305348,0.8947364060018053,20,True,17,2023-10-20,True,17,2023-10-20,false_positive,,,-0.2994348150305348,not_a_failed_drive,2023-10-20,2023-12-29,71,2,0.0,repeated_nonpersistent_alerts,True
51R0A2ARFVGG,2023-10-03,2023-12-27,29,0,0.9999382543945117,0.9865075838219518,,0.9999382543945117,0.9865075838219518,29,True,29,2023-10-03,True,29,2023-10-03,false_positive,,,-0.2999382543945117,not_a_failed_drive,2023-10-03,2023-12-27,86,3,0.0,repeated_nonpersistent_alerts,True
51R0A2B8FVGG,2023-10-02,2023-12-26,18,0,0.9995271970871759,0.9938288308997298,,0.9995271970871759,0.9938288308997298,18,True,18,2023-10-02,True,18,2023-10-02,false_positive,,,-0.2995271970871759,not_a_failed_drive,2023-10-02,2023-12-26,86,2,0.0,repeated_nonpersistent_alerts,True
51R0A2EVFVGG,2023-10-02,2023-12-29,24,0,0.9301138596033047,0.8457697922035469,,0.9301138596033047,0.8457697922035469,24,True,24,2023-10-02,True,24,2023-10-02,false_positive,,,-0.23011385960330477,not_a_failed_drive,2023-10-02,2023-12-29,89,2,0.0,repeated_nonpersistent_alerts,True
51R0A2HSFVGG,2023-10-08,2023-12-31,26,0,0.9999995783830867,0.9999995771958723,,0.9999995783830867,0.9999995771958723,26,True,26,2023-10-08,True,26,2023-10-08,false_positive,,,-0.2999995783830868,not_a_failed_drive,2023-10-08,2023-12-31,85,2,0.0,repeated_nonpersistent_alerts,True
51R0A2HZFVGG,2023-10-06,2023-12-31,22,0,0.8450380318228281,0.8107870446901859,,0.8450380318228281,0.8107870446901859,22,True,22,2023-10-06,True,22,2023-10-06,false_positive,,,-0.14503803182282815,not_a_failed_drive,2023-10-06,2023-12-31,87,3,0.0,repeated_nonpersistent_alerts,True
51R0A2JPFVGG,2023-10-05,2023-12-30,31,0,0.9999995593527825,0.9999859862404831,,0.9999995593527825,0.9999859862404831,31,True,31,2023-10-05,True,31,2023-10-05,false_positive,,,-0.29999955935278255,not_a_failed_drive,2023-10-05,2023-12-30,87,2,0.0,repeated_nonpersistent_alerts,True
51R0A2VMFVGG,2023-10-04,2023-12-31,32,0,0.9980070177343978,0.9963784230653664,,0.9980070177343978,0.9963784230653664,32,True,32,2023-10-04,True,32,2023-10-04,false_positive,,,-0.29800701773439786,not_a_failed_drive,2023-10-04,2023-12-31,89,5,0.0,repeated_nonpersistent_alerts,True
51R0A35DFVGG,2023-10-01,2023-12-30,34,0,0.8570583207002499,0.5805810558315255,,0.8570583207002499,0.5805810558315255,34,True,16,2023-11-13,True,16,2023-11-13,false_positive,,,-0.15705832070024994,not_a_failed_drive,2023-11-13,2023-12-30,48,2,0.0,repeated_nonpersistent_alerts,True
51R0A36GFVGG,2023-10-07,2023-12-31,20,0,1.0,0.9991075253880519,,1.0,0.9991075253880519,20,True,20,2023-10-07,True,20,2023-10-07,false_positive,,,-0.30000000000000004,not_a_failed_drive,2023-10-07,2023-12-31,86,2,0.0,repeated_nonpersistent_alerts,True
51R0A3DFFVGG,2023-10-03,2023-12-31,32,0,0.9999999999999987,0.7560381452571276,,0.9999999999999987,0.7560381452571276,32,True,19,2023-11-01,True,32,2023-10-03,false_positive,,,-0.2999999999999987,not_a_failed_drive,2023-11-01,2023-12-31,61,3,0.0,repeated_nonpersistent_alerts,True
51R0A3Q2FVGG,2023-10-08,2023-11-24,16,0,0.9999999989128756,0.9999996414503732,,0.9999999989128756,0.9999996414503732,16,True,16,2023-10-08,True,16,2023-10-08,false_positive,,,-0.29999999891287565,not_a_failed_drive,2023-10-08,2023-11-24,48,5,0.0,repeated_nonpersistent_alerts,True
51R0A45PFVGG,2023-10-05,2023-12-30,25,0,0.9999888406556565,0.9999742778670541,,0.9999888406556565,0.9999742778670541,25,True,25,2023-10-05,True,25,2023-10-05,false_positive,,,-0.29998884065565656,not_a_failed_drive,2023-10-05,2023-12-30,87,3,0.0,repeated_nonpersistent_alerts,True
51S0A2FUFVGG,2023-10-02,2023-12-29,34,0,0.9999998989793217,0.5121604543089842,,0.9999998989793217,0.5121604543089842,34,True,8,2023-10-14,True,34,2023-10-02,false_positive,,,-0.2999998989793218,not_a_failed_drive,2023-10-14,2023-11-01,19,4,58.0,repeated_nonpersistent_alerts,False
51S0A2JQFVGG,2023-10-03,2023-12-28,26,0,0.9999999992970383,0.9988916125332087,,0.9999999992970383,0.9988916125332087,26,True,26,2023-10-03,True,26,2023-10-03,false_positive,,,-0.29999999929703836,not_a_failed_drive,2023-10-03,2023-12-28,87,5,0.0,repeated_nonpersistent_alerts,True
51S0A2JTFVGG,2023-10-01,2023-12-30,33,0,0.9999836986279792,0.680900232175649,,0.9999836986279792,0.680900232175649,33,True,16,2023-11-22,True,22,2023-11-05,false_positive,,,-0.29998369862797925,not_a_failed_drive,2023-11-22,2023-12-30,39,3,0.0,repeated_nonpersistent_alerts,True
51S0A2LXFVGG,2023-10-01,2023-12-26,30,0,0.7373848781181209,0.7062205155727148,,0.7373848781181209,0.7062205155727148,30,True,25,2023-10-19,True,30,2023-10-01,false_positive,,,-0.03738487811812097,not_a_failed_drive,2023-10-19,2023-12-26,69,4,0.0,repeated_nonpersistent_alerts,True
51S0A2M1FVGG,2023-10-04,2023-12-28,31,0,0.9785608602285432,0.9391774595466519,,0.9785608602285432,0.9391774595466519,31,True,29,2023-10-08,True,31,2023-10-04,false_positive,,,-0.2785608602285432,not_a_failed_drive,2023-10-08,2023-12-28,82,4,0.0,repeated_nonpersistent_alerts,True
51S0A2N0FVGG,2023-10-02,2023-12-28,19,0,0.9443805534257957,0.703412196090798,,0.9443805534257957,0.703412196090798,19,True,11,2023-11-12,True,19,2023-10-02,false_positive,,,-0.2443805534257958,not_a_failed_drive,2023-11-12,2023-12-28,47,3,0.0,repeated_nonpersistent_alerts,True
51S0A2ULFVGG,2023-10-05,2023-12-29,23,0,0.9992472472354246,0.9992472472354246,,0.9992472472354246,0.9992472472354246,23,True,23,2023-10-05,True,23,2023-10-05,false_positive,,,-0.2992472472354246,not_a_failed_drive,2023-10-05,2023-12-29,86,2,0.0,repeated_nonpersistent_alerts,True
51S0A2WTFVGG,2023-10-01,2023-12-30,28,0,0.9927732300088123,0.9927732300088123,,0.9927732300088123,0.9927732300088123,28,True,28,2023-10-01,True,28,2023-10-01,false_positive,,,-0.2927732300088124,not_a_failed_drive,2023-10-01,2023-12-30,91,2,0.0,repeated_nonpersistent_alerts,True
51S0A2ZYFVGG,2023-10-06,2023-12-29,23,0,0.9999999970064672,0.9999999257196474,,0.9999999970064672,0.9999999257196474,23,True,23,2023-10-06,True,23,2023-10-06,false_positive,,,-0.2999999970064673,not_a_failed_drive,2023-10-06,2023-12-29,85,4,0.0,repeated_nonpersistent_alerts,True
51S0A38PFVGG,2023-10-03,2023-12-31,25,0,0.948485105199252,0.69420117739948,,0.948485105199252,0.69420117739948,25,True,16,2023-10-03,True,16,2023-10-03,false_positive,,,-0.24848510519925204,not_a_failed_drive,2023-10-03,2023-11-26,55,3,35.0,repeated_nonpersistent_alerts,False
51S0A3FPFVGG,2023-10-02,2023-12-30,25,0,0.9999999999999984,0.6845197212023162,,0.9999999999999984,0.6845197212023162,25,True,8,2023-10-25,True,21,2023-10-02,false_positive,,,-0.2999999999999985,not_a_failed_drive,2023-10-25,2023-11-08,15,3,52.0,repeated_nonpersistent_alerts,False
51T0A1RAFVGG,2023-10-04,2023-12-29,22,0,0.9153944036075322,0.7471098257930983,,0.9153944036075322,0.7471098257930983,22,True,11,2023-10-04,True,22,2023-10-04,false_positive,,,-0.21539440360753226,not_a_failed_drive,2023-10-04,2023-10-27,24,2,63.0,repeated_nonpersistent_alerts,False
51T0A45ZFVGG,2023-10-11,2023-11-20,11,0,0.9999997095901099,0.5725695830892413,,0.9999997095901099,0.5725695830892413,11,True,3,2023-11-17,True,8,2023-10-21,false_positive,,,-0.2999997095901099,not_a_failed_drive,2023-11-17,2023-11-20,4,2,0.0,repeated_nonpersistent_alerts,True
52R0A01RFVKG,2023-10-03,2023-12-31,25,0,0.7375204972074509,0.46810777269256115,,0.7375204972074509,0.46810777269256115,25,True,2,2023-12-29,True,15,2023-10-05,false_positive,,,-0.03752049720745099,not_a_failed_drive,2023-12-29,2023-12-31,3,1,0.0,short_alert_burst,True
52S0A0S5FVKG,2023-10-02,2023-12-24,27,0,0.9999991886444627,0.3861328212504698,,0.9999991886444627,0.3861328212504698,27,True,2,2023-12-22,True,4,2023-12-17,false_positive,,,-0.29999918864446273,not_a_failed_drive,2023-12-22,2023-12-24,3,1,0.0,short_alert_burst,True
52S0A18CFVKG,2023-10-02,2023-12-27,25,0,0.999982109851398,0.809656338490087,,0.999982109851398,0.809656338490087,25,True,21,2023-10-17,True,25,2023-10-02,false_positive,,,-0.29998210985139806,not_a_failed_drive,2023-10-17,2023-12-27,72,2,0.0,repeated_nonpersistent_alerts,True
52U0A02QFVKG,2023-10-01,2023-12-31,26,0,0.8830651520273656,0.7762980238949237,,0.8830651520273656,0.7762980238949237,26,True,23,2023-10-18,True,26,2023-10-01,false_positive,,,-0.18306515202736562,not_a_failed_drive,2023-10-18,2023-12-31,75,3,0.0,repeated_nonpersistent_alerts,True
5641SFRNS,2023-10-01,2023-12-19,27,0,0.9712306818129913,0.655240626287836,,0.9712306818129913,0.655240626287836,27,True,9,2023-12-01,True,22,2023-10-19,false_positive,,,-0.27123068181299137,not_a_failed_drive,2023-12-01,2023-12-19,19,5,0.0,repeated_nonpersistent_alerts,True
5PG81WRF,2023-10-02,2023-12-31,30,0,0.999999999257623,0.9999999988418012,,0.999999999257623,0.9999999988418012,30,True,30,2023-10-02,True,30,2023-10-02,false_positive,,,-0.299999999257623,not_a_failed_drive,2023-10-02,2023-12-31,91,6,0.0,repeated_nonpersistent_alerts,True
5PH9X8UE,2023-10-02,2023-12-25,29,0,0.8052377035840137,0.6132286257462788,,0.8052377035840137,0.6132286257462788,29,True,17,2023-11-08,True,17,2023-11-08,false_positive,,,-0.10523770358401374,not_a_failed_drive,2023-11-08,2023-12-25,48,3,0.0,repeated_nonpersistent_alerts,True
5PHEXMTF,2023-10-09,2023-12-31,35,0,0.9716747795392653,0.4319485454063711,,0.9716747795392653,0.4319485454063711,35,True,7,2023-12-16,True,7,2023-12-16,false_positive,,,-0.27167477953926533,not_a_failed_drive,2023-12-16,2023-12-31,16,2,0.0,repeated_nonpersistent_alerts,True
5PHKUS3D,2023-10-03,2023-10-19,8,0,0.7434313769710048,0.49109793353602454,,0.7434313769710048,0.49109793353602454,8,True,1,2023-10-19,True,8,2023-10-03,false_positive,,,-0.043431376971004854,not_a_failed_drive,2023-10-19,2023-10-19,1,1,0.0,single_day_spike,True
5PHKUVJD,2023-10-01,2023-12-31,25,0,0.837063614758684,0.5606725208663054,,0.837063614758684,0.5606725208663054,25,True,7,2023-12-09,True,25,2023-10-01,false_positive,,,-0.137063614758684,not_a_failed_drive,2023-12-09,2023-12-31,23,2,0.0,repeated_nonpersistent_alerts,True
5PHL1A4D,2023-10-03,2023-12-23,30,0,0.8107525698114554,0.752535454699722,,0.8107525698114554,0.752535454699722,30,True,27,2023-10-03,True,30,2023-10-03,false_positive,,,-0.11075256981145543,not_a_failed_drive,2023-10-03,2023-12-15,74,4,8.0,repeated_nonpersistent_alerts,False
5PHL1DKD,2023-10-14,2023-12-31,25,0,0.719312754324695,0.41722410466035187,,0.719312754324695,0.41722410466035187,25,True,1,2023-12-31,True,25,2023-10-14,false_positive,,,-0.019312754324695036,not_a_failed_drive,2023-12-31,2023-12-31,1,1,0.0,single_day_spike,True
5PHLAGPD,2023-10-05,2023-12-23,27,0,0.7987380854358106,0.42690699879852484,,0.7987380854358106,0.42690699879852484,27,True,2,2023-12-20,True,25,2023-10-05,false_positive,,,-0.09873808543581064,not_a_failed_drive,2023-12-20,2023-12-23,4,1,0.0,short_alert_burst,True
5PHLBTHF,2023-10-02,2023-12-24,23,0,0.9922968978246144,0.9922968978246144,,0.9922968978246144,0.9922968978246144,23,True,23,2023-10-02,True,23,2023-10-02,false_positive,,,-0.29229689782461443,not_a_failed_drive,2023-10-02,2023-12-24,84,5,0.0,repeated_nonpersistent_alerts,True
5PHRBWUD,2023-10-03,2023-12-30,34,0,0.9999999860434405,0.7055125383117171,,0.9999999860434405,0.7055125383117171,34,True,19,2023-10-03,True,19,2023-10-03,false_positive,,,-0.2999999860434406,not_a_failed_drive,2023-10-03,2023-11-18,47,3,42.0,repeated_nonpersistent_alerts,False
5PHRN8DD,2023-10-01,2023-12-31,28,0,0.9954068909254312,0.9954047667603331,,0.9954068909254312,0.9954047667603331,28,True,28,2023-10-01,True,28,2023-10-01,false_positive,,,-0.29540689092543126,not_a_failed_drive,2023-10-01,2023-12-31,92,5,0.0,repeated_nonpersistent_alerts,True
5PHYSXMD,2023-10-03,2023-12-30,29,0,0.9977175982315031,0.9325061382867992,,0.9977175982315031,0.9325061382867992,29,True,29,2023-10-03,True,29,2023-10-03,false_positive,,,-0.2977175982315031,not_a_failed_drive,2023-10-03,2023-12-30,89,3,0.0,repeated_nonpersistent_alerts,True
5PJ1ADBD,2023-10-02,2023-12-31,30,0,0.7413032602143008,0.5290713290626364,,0.7413032602143008,0.5290713290626364,30,True,9,2023-10-02,True,19,2023-10-02,false_positive,,,-0.04130326021430086,not_a_failed_drive,2023-10-02,2023-12-31,91,3,0.0,repeated_nonpersistent_alerts,True
5PJ231AD,2023-10-01,2023-12-31,28,0,0.7375204972074509,0.3609877660505661,,0.7375204972074509,0.3609877660505661,28,True,1,2023-12-31,True,1,2023-12-31,false_positive,,,-0.03752049720745099,not_a_failed_drive,2023-12-31,2023-12-31,1,1,0.0,single_day_spike,True
5PJ28AKD,2023-10-01,2023-12-31,24,0,0.9517962617298199,0.4524930847258412,,0.9517962617298199,0.4524930847258412,24,True,4,2023-12-20,True,7,2023-12-19,false_positive,,,-0.25179626172981995,not_a_failed_drive,2023-12-20,2023-12-31,12,2,0.0,repeated_nonpersistent_alerts,True
5PJ2K59D,2023-10-01,2023-12-24,24,0,0.9490965597373006,0.45495379810360154,,0.9490965597373006,0.45495379810360154,24,True,2,2023-12-06,True,8,2023-11-22,false_positive,,,-0.2490965597373006,not_a_failed_drive,2023-12-06,2023-12-17,12,1,7.0,short_alert_burst,True
5PJ2NL3D,2023-10-01,2023-12-31,36,0,0.8021652023491624,0.3959844024286456,,0.8021652023491624,0.3959844024286456,36,True,2,2023-10-31,True,7,2023-10-28,false_positive,,,-0.10216520234916249,not_a_failed_drive,2023-10-31,2023-11-01,2,2,60.0,short_alert_burst,False
5PJ2UGVD,2023-10-02,2023-12-30,28,0,0.847111847402676,0.5638263833405904,,0.847111847402676,0.5638263833405904,28,True,8,2023-11-30,True,16,2023-11-04,false_positive,,,-0.14711184740267602,not_a_failed_drive,2023-11-30,2023-12-19,20,3,11.0,repeated_nonpersistent_alerts,False
5PJ7L7ZD,2023-10-02,2023-12-31,20,0,0.999837331927497,0.6524812107572877,,0.999837331927497,0.6524812107572877,20,True,7,2023-10-25,True,16,2023-10-19,false_positive,,,-0.29983733192749706,not_a_failed_drive,2023-10-25,2023-12-31,68,1,0.0,repeated_nonpersistent_alerts,True
5PJAAKXD,2023-10-03,2023-12-31,29,0,0.9411275227166342,0.3592978625474871,,0.9411275227166342,0.3592978625474871,29,True,1,2023-12-31,True,1,2023-12-31,false_positive,,,-0.2411275227166343,not_a_failed_drive,2023-12-31,2023-12-31,1,1,0.0,single_day_spike,True
5PJABBTD,2023-10-02,2023-12-25,25,0,0.9839183438101565,0.4380873377677206,,0.9839183438101565,0.4380873377677206,25,True,4,2023-12-14,True,4,2023-12-14,false_positive,,,-0.28391834381015657,not_a_failed_drive,2023-12-14,2023-12-25,12,1,0.0,repeated_nonpersistent_alerts,True
5PJATA4F,2023-10-02,2023-12-31,25,0,0.7379429430501359,0.4116675660772824,,0.7379429430501359,0.4116675660772824,25,True,1,2023-12-31,True,7,2023-11-09,false_positive,,,-0.0379429430501359,not_a_failed_drive,2023-12-31,2023-12-31,1,1,0.0,single_day_spike,True
6210A03AFVKG,2023-10-02,2023-12-30,23,0,0.8570583207002499,0.43193477745402015,,0.8570583207002499,0.43193477745402015,23,True,2,2023-12-25,True,11,2023-11-29,false_positive,,,-0.15705832070024994,not_a_failed_drive,2023-12-25,2023-12-30,6,1,0.0,short_alert_burst,True
6210A14VFVKG,2023-10-02,2023-12-26,29,0,0.8467673156356308,0.4992953689702043,,0.8467673156356308,0.4992953689702043,29,True,3,2023-12-21,True,17,2023-11-03,false_positive,,,-0.14676731563563084,not_a_failed_drive,2023-12-21,2023-12-26,6,2,0.0,repeated_nonpersistent_alerts,True
6210A16LFVKG,2023-10-02,2023-12-25,23,0,0.7496373940827555,0.5562391393007825,,0.7496373940827555,0.5562391393007825,23,True,9,2023-11-23,True,23,2023-10-02,false_positive,,,-0.04963739408275558,not_a_failed_drive,2023-11-23,2023-12-25,33,2,0.0,repeated_nonpersistent_alerts,True
6240A2X8FVKG,2023-10-01,2023-12-22,21,0,0.9993923369830087,0.5823909282714874,,0.9993923369830087,0.5823909282714874,21,True,8,2023-11-20,True,9,2023-11-18,false_positive,,,-0.2993923369830087,not_a_failed_drive,2023-11-20,2023-12-22,33,3,0.0,repeated_nonpersistent_alerts,True
6240A35WFVKG,2023-10-04,2023-12-23,26,0,0.7234386784150839,0.658482151093936,,0.7234386784150839,0.658482151093936,26,True,2,2023-10-04,True,26,2023-10-04,false_positive,,,-0.023438678415083958,not_a_failed_drive,2023-10-04,2023-10-09,6,1,75.0,short_alert_burst,False
6250A02YFVKG,2023-10-03,2023-12-28,23,0,0.9441600031358456,0.8944823785523148,,0.9441600031358456,0.8944823785523148,23,True,23,2023-10-03,True,23,2023-10-03,false_positive,,,-0.24416000313584563,not_a_failed_drive,2023-10-03,2023-12-28,87,2,0.0,repeated_nonpersistent_alerts,True
6250A0MQFVKG,2023-10-03,2023-12-13,25,0,0.9999603830991716,0.7045801248515728,,0.9999603830991716,0.7045801248515728,25,True,11,2023-11-03,True,25,2023-10-03,false_positive,,,-0.2999603830991716,not_a_failed_drive,2023-11-03,2023-12-13,41,2,0.0,repeated_nonpersistent_alerts,True
6250A1MMFVKG,2023-10-02,2023-12-30,29,0,0.7979532759369483,0.7451800979130505,,0.7979532759369483,0.7451800979130505,29,True,20,2023-10-02,True,29,2023-10-02,false_positive,,,-0.09795327593694836,not_a_failed_drive,2023-10-02,2023-11-26,56,2,34.0,repeated_nonpersistent_alerts,False
6270A0ERFVKG,2023-10-05,2023-12-31,32,0,0.7437405722410855,0.7404024341299394,,0.7437405722410855,0.7404024341299394,32,True,32,2023-10-05,True,32,2023-10-05,false_positive,,,-0.04374057224108552,not_a_failed_drive,2023-10-05,2023-12-31,88,5,0.0,repeated_nonpersistent_alerts,True
7190A0LWFVGG,2023-10-05,2023-12-30,28,0,0.8721935694724177,0.6843864979561262,,0.8721935694724177,0.6843864979561262,28,True,12,2023-12-01,True,28,2023-10-05,false_positive,,,-0.1721935694724177,not_a_failed_drive,2023-12-01,2023-12-30,30,2,0.0,repeated_nonpersistent_alerts,True
71A0A0VMFVGG,2023-10-02,2023-12-31,24,0,0.9999999773937952,0.9999999773937952,,0.9999999773937952,0.9999999773937952,24,True,24,2023-10-02,True,24,2023-10-02,false_positive,,,-0.29999997739379525,not_a_failed_drive,2023-10-02,2023-12-31,91,6,0.0,repeated_nonpersistent_alerts,True
71A0A1QBFV8G,2023-10-01,2023-10-28,7,0,0.7024076873382533,0.7024076873382533,,0.7024076873382533,0.7024076873382533,7,True,7,2023-10-01,True,7,2023-10-01,false_positive,,,-0.0024076873382533615,not_a_failed_drive,2023-10-01,2023-10-28,28,2,0.0,repeated_nonpersistent_alerts,True
71A0A3D7FVGG,2023-10-02,2023-12-30,29,0,0.9999999999999991,0.5903347494684168,,0.9999999999999991,0.5903347494684168,29,True,10,2023-12-07,True,19,2023-11-03,false_positive,,,-0.29999999999999916,not_a_failed_drive,2023-12-07,2023-12-30,24,4,0.0,repeated_nonpersistent_alerts,True
71A0A3KLFVGG,2023-10-02,2023-11-10,11,0,0.9949040667589557,0.9942878860833474,,0.9949040667589557,0.9942878860833474,11,True,11,2023-10-02,True,11,2023-10-02,false_positive,,,-0.29490406675895575,not_a_failed_drive,2023-10-02,2023-11-10,40,2,0.0,repeated_nonpersistent_alerts,True
71A0A4AVFVGG,2023-10-03,2023-12-31,27,0,0.9999999999999989,0.999999999999999,,0.9999999999999989,0.999999999999999,27,True,27,2023-10-03,True,27,2023-10-03,false_positive,,,-0.29999999999999893,not_a_failed_drive,2023-10-03,2023-12-31,90,3,0.0,repeated_nonpersistent_alerts,True
71A0A4LQFVGG,2023-10-01,2023-12-29,23,0,0.9999494719968514,0.9999494719968515,,0.9999494719968514,0.9999494719968515,23,True,23,2023-10-01,True,23,2023-10-01,false_positive,,,-0.2999494719968514,not_a_failed_drive,2023-10-01,2023-12-29,90,5,0.0,repeated_nonpersistent_alerts,True
71A0A4SPFVGG,2023-10-05,2023-12-26,23,0,0.9999776425517221,0.9999776425517221,,0.9999776425517221,0.9999776425517221,23,True,23,2023-10-05,True,23,2023-10-05,false_positive,,,-0.2999776425517221,not_a_failed_drive,2023-10-05,2023-12-26,83,3,0.0,repeated_nonpersistent_alerts,True
71A0A4TTFVGG,2023-10-03,2023-12-29,36,0,0.8660473199027072,0.8284800514725958,,0.8660473199027072,0.8284800514725958,36,True,36,2023-10-03,True,36,2023-10-03,false_positive,,,-0.16604731990270727,not_a_failed_drive,2023-10-03,2023-12-29,88,3,0.0,repeated_nonpersistent_alerts,True
71C0A00KFVGG,2023-10-02,2023-12-30,30,0,0.9999396276723542,0.9999396276723542,,0.9999396276723542,0.9999396276723542,30,True,30,2023-10-02,True,30,2023-10-02,false_positive,,,-0.29993962767235427,not_a_failed_drive,2023-10-02,2023-12-30,90,3,0.0,repeated_nonpersistent_alerts,True
71C0A06YFVGG,2023-10-01,2023-12-31,32,0,0.8823049562366923,0.5913947754435749,,0.8823049562366923,0.5913947754435749,32,True,13,2023-11-20,True,32,2023-10-01,false_positive,,,-0.1823049562366923,not_a_failed_drive,2023-11-20,2023-12-31,42,2,0.0,repeated_nonpersistent_alerts,True
71C0A08XFVGG,2023-10-01,2023-12-27,20,0,0.9995715132915526,0.9980707822939889,,0.9995715132915526,0.9980707822939889,20,True,20,2023-10-01,True,20,2023-10-01,false_positive,,,-0.2995715132915526,not_a_failed_drive,2023-10-01,2023-12-27,88,4,0.0,repeated_nonpersistent_alerts,True
71R0A0K5FV8G,2023-10-01,2023-12-31,32,0,0.8612361796913945,0.8612361796913945,,0.8612361796913945,0.8612361796913945,32,True,32,2023-10-01,True,32,2023-10-01,false_positive,,,-0.1612361796913946,not_a_failed_drive,2023-10-01,2023-12-31,92,4,0.0,repeated_nonpersistent_alerts,True
8130A0CRFVKG,2023-10-02,2023-12-04,16,0,0.9999999999640403,0.9675959906492855,,0.9999999999640403,0.9675959906492855,16,True,15,2023-10-05,True,16,2023-10-02,false_positive,,,-0.29999999996404036,not_a_failed_drive,2023-10-05,2023-12-04,61,2,0.0,repeated_nonpersistent_alerts,True
8160A12WFVKG,2023-10-01,2023-11-08,12,0,0.9999999999980522,0.4520399799953694,,0.9999999999980522,0.4520399799953694,12,True,2,2023-11-05,True,2,2023-11-05,false_positive,,,-0.29999999999805227,not_a_failed_drive,2023-11-05,2023-11-08,4,1,0.0,short_alert_burst,True
8160A2DRFVKG,2023-10-01,2023-12-31,24,0,0.8907637669036911,0.5635512747501342,,0.8907637669036911,0.5635512747501342,24,True,8,2023-10-01,True,17,2023-10-01,false_positive,,,-0.19076376690369112,not_a_failed_drive,2023-10-01,2023-10-27,27,4,65.0,repeated_nonpersistent_alerts,False
8190A0NAFVKG,2023-10-02,2023-12-29,24,0,0.9878593729587478,0.9832784316173764,,0.9878593729587478,0.9832784316173764,24,True,24,2023-10-02,True,24,2023-10-02,false_positive,,,-0.28785937295874786,not_a_failed_drive,2023-10-02,2023-12-29,89,3,0.0,repeated_nonpersistent_alerts,True
8190A1GSFVKG,2023-10-06,2023-10-26,10,0,0.9890936227228908,0.6150603201597693,,0.9890936227228908,0.6150603201597693,10,True,1,2023-10-26,True,10,2023-10-06,false_positive,,,-0.28909362272289085,not_a_failed_drive,2023-10-26,2023-10-26,1,1,0.0,single_day_spike,True
81A0A001FVKG,2023-10-13,2023-11-30,22,0,1.0,0.6149777210551314,,1.0,0.6149777210551314,22,True,10,2023-11-04,True,12,2023-10-31,false_positive,,,-0.30000000000000004,not_a_failed_drive,2023-11-04,2023-11-30,27,2,0.0,repeated_nonpersistent_alerts,True
81A0A04MFV8G,2023-10-02,2023-12-31,23,0,0.9295877361670392,0.7645597094135439,,0.9295877361670392,0.7645597094135439,23,True,23,2023-10-02,True,23,2023-10-02,false_positive,,,-0.2295877361670392,not_a_failed_drive,2023-10-02,2023-12-31,91,7,0.0,persistent_7_plus_day_run,True
8220A1QEFVKG,2023-10-01,2023-12-28,33,0,0.7060250490799146,0.364640098274362,,0.7060250490799146,0.364640098274362,33,True,1,2023-12-28,True,11,2023-10-01,false_positive,,,-0.006025049079914635,not_a_failed_drive,2023-12-28,2023-12-28,1,1,0.0,single_day_spike,True
8230A0XRFVKG,2023-10-02,2023-12-28,31,0,0.8570583207002499,0.4288146248354448,,0.8570583207002499,0.4288146248354448,31,True,5,2023-12-20,True,10,2023-12-01,false_positive,,,-0.15705832070024994,not_a_failed_drive,2023-12-20,2023-12-28,9,2,0.0,repeated_nonpersistent_alerts,True
87DFWOG8T,2023-10-01,2023-12-29,28,0,0.999999995098364,0.9999999950983641,,0.999999995098364,0.9999999950983641,28,True,28,2023-10-01,True,28,2023-10-01,false_positive,,,-0.29999999509836406,not_a_failed_drive,2023-10-01,2023-12-29,90,2,0.0,repeated_nonpersistent_alerts,True
8CGB64EH,2023-10-02,2023-12-31,28,0,0.8061190896975308,0.6165714130772575,,0.8061190896975308,0.6165714130772575,28,True,7,2023-11-23,True,28,2023-10-02,false_positive,,,-0.10611908969753081,not_a_failed_drive,2023-11-23,2023-12-31,39,3,0.0,repeated_nonpersistent_alerts,True
8CGBSPBH,2023-10-02,2023-12-29,22,0,0.9893220884653853,0.9435060660003957,,0.9893220884653853,0.9435060660003957,22,True,22,2023-10-02,True,22,2023-10-02,false_positive,,,-0.2893220884653853,not_a_failed_drive,2023-10-02,2023-12-29,89,2,0.0,repeated_nonpersistent_alerts,True
8CGBSTDH,2023-10-01,2023-12-11,26,0,1.0,0.9996244400648321,,1.0,0.9996244400648321,26,True,26,2023-10-01,True,26,2023-10-01,false_positive,,,-0.30000000000000004,not_a_failed_drive,2023-10-01,2023-12-11,72,3,0.0,repeated_nonpersistent_alerts,True
8CGBWN9H,2023-10-02,2023-12-23,18,0,0.9998039283717791,0.9623058486501722,,0.9998039283717791,0.9623058486501722,18,True,18,2023-10-02,True,18,2023-10-02,false_positive,,,-0.29980392837177916,not_a_failed_drive,2023-10-02,2023-12-23,83,2,0.0,repeated_nonpersistent_alerts,True
8CGBWZSH,2023-10-06,2023-12-31,34,0,0.9991536380769321,0.9991536380769322,,0.9991536380769321,0.9991536380769322,34,True,34,2023-10-06,True,34,2023-10-06,false_positive,,,-0.2991536380769322,not_a_failed_drive,2023-10-06,2023-12-31,87,5,0.0,repeated_nonpersistent_alerts,True
8CGD2NGH,2023-10-01,2023-12-28,29,0,0.9999963469529239,0.9998578432642087,,0.9999963469529239,0.9998578432642087,29,True,29,2023-10-01,True,29,2023-10-01,false_positive,,,-0.299996346952924,not_a_failed_drive,2023-10-01,2023-12-28,89,6,0.0,repeated_nonpersistent_alerts,True
8CGDEUYH,2023-10-08,2023-12-28,27,0,0.9999999004446768,0.9999970519670573,,0.9999999004446768,0.9999970519670573,27,True,27,2023-10-08,True,27,2023-10-08,false_positive,,,-0.29999990044467684,not_a_failed_drive,2023-10-08,2023-12-28,82,3,0.0,repeated_nonpersistent_alerts,True
8CGE0VJH,2023-10-01,2023-12-31,30,0,0.987473662238099,0.6092801595386259,,0.987473662238099,0.6092801595386259,30,True,11,2023-11-09,True,18,2023-10-04,false_positive,,,-0.287473662238099,not_a_failed_drive,2023-11-09,2023-12-31,53,5,0.0,repeated_nonpersistent_alerts,True
8CGE0Z1H,2023-10-01,2023-10-19,6,0,1.0,1.0,,1.0,1.0,6,True,6,2023-10-01,True,6,2023-10-01,false_positive,,,-0.30000000000000004,not_a_failed_drive,2023-10-01,2023-10-19,19,2,0.0,repeated_nonpersistent_alerts,True
8CGE15YH,2023-10-04,2023-10-16,5,0,0.9700333599946607,0.6691144796986177,,0.9700333599946607,0.6691144796986177,5,True,1,2023-10-16,True,5,2023-10-04,false_positive,,,-0.2700333599946607,not_a_failed_drive,2023-10-16,2023-10-16,1,1,0.0,single_day_spike,True
8CGGUTYG,2023-10-07,2023-12-31,26,0,1.0,1.0,,1.0,1.0,26,True,26,2023-10-07,True,26,2023-10-07,false_positive,,,-0.30000000000000004,not_a_failed_drive,2023-10-07,2023-12-31,86,4,0.0,repeated_nonpersistent_alerts,True
8CGJ7SXG,2023-10-03,2023-10-22,7,0,1.0,1.0,,1.0,1.0,7,True,7,2023-10-03,True,7,2023-10-03,false_positive,,,-0.30000000000000004,not_a_failed_drive,2023-10-03,2023-10-22,20,2,0.0,repeated_nonpersistent_alerts,True
8CGJEDMG,2023-10-10,2023-12-24,25,0,0.9904167086559507,0.5192247573248105,,0.9904167086559507,0.5192247573248105,25,True,7,2023-12-08,True,25,2023-10-10,false_positive,,,-0.2904167086559507,not_a_failed_drive,2023-12-08,2023-12-24,17,3,0.0,repeated_nonpersistent_alerts,True
8CGJEG8G,2023-10-01,2023-12-31,31,0,0.9999993825004334,0.9999678718114028,,0.9999993825004334,0.9999678718114028,31,True,31,2023-10-01,True,31,2023-10-01,false_positive,,,-0.29999938250043345,not_a_failed_drive,2023-10-01,2023-12-31,92,5,0.0,repeated_nonpersistent_alerts,True
8CGJG8NG,2023-10-04,2023-12-24,26,0,0.9702826429128825,0.815044981481678,,0.9702826429128825,0.815044981481678,26,True,26,2023-10-04,True,26,2023-10-04,false_positive,,,-0.2702826429128825,not_a_failed_drive,2023-10-04,2023-12-24,82,3,0.0,repeated_nonpersistent_alerts,True
8CGJGBGG,2023-10-01,2023-12-30,34,0,0.9999999998408156,0.9999999997897226,,0.9999999998408156,0.9999999997897226,34,True,34,2023-10-01,True,34,2023-10-01,false_positive,,,-0.2999999998408156,not_a_failed_drive,2023-10-01,2023-12-30,91,4,0.0,repeated_nonpersistent_alerts,True
8CGJK6TG,2023-10-01,2023-12-31,25,0,0.99860796355625,0.991361277688936,,0.99860796355625,0.991361277688936,25,True,25,2023-10-01,True,25,2023-10-01,false_positive,,,-0.2986079635562501,not_a_failed_drive,2023-10-01,2023-12-31,92,4,0.0,repeated_nonpersistent_alerts,True
8CGJNH8G,2023-10-02,2023-12-31,29,0,0.9999989006762701,0.9999989006762701,,0.9999989006762701,0.9999989006762701,29,True,29,2023-10-02,True,29,2023-10-02,false_positive,,,-0.2999989006762701,not_a_failed_drive,2023-10-02,2023-12-31,91,4,0.0,repeated_nonpersistent_alerts,True
8CGJNTMG,2023-10-01,2023-12-24,30,0,0.9200956775998008,0.8493944984797979,,0.9200956775998008,0.8493944984797979,30,True,30,2023-10-01,True,30,2023-10-01,false_positive,,,-0.22009567759980087,not_a_failed_drive,2023-10-01,2023-12-24,85,4,0.0,repeated_nonpersistent_alerts,True
8CGJR2EG,2023-10-01,2023-12-30,32,0,0.9715543464432767,0.9542405431966972,,0.9715543464432767,0.9542405431966972,32,True,32,2023-10-01,True,32,2023-10-01,false_positive,,,-0.2715543464432767,not_a_failed_drive,2023-10-01,2023-12-30,91,3,0.0,repeated_nonpersistent_alerts,True
8CGKAJUG,2023-10-02,2023-12-25,23,0,1.0,0.9710486750909987,,1.0,0.9710486750909987,23,True,22,2023-10-11,True,22,2023-10-11,false_positive,,,-0.30000000000000004,not_a_failed_drive,2023-10-11,2023-12-25,76,3,0.0,repeated_nonpersistent_alerts,True
8CGKALLG,2023-10-01,2023-10-20,7,0,1.0,0.9999999999487228,,1.0,0.9999999999487228,7,True,7,2023-10-01,True,7,2023-10-01,false_positive,,,-0.30000000000000004,not_a_failed_drive,2023-10-01,2023-10-20,20,3,0.0,repeated_nonpersistent_alerts,True
8CGKBK6G,2023-10-01,2023-12-31,24,0,0.999972883081326,0.999972883081326,,0.999972883081326,0.999972883081326,24,True,24,2023-10-01,True,24,2023-10-01,false_positive,,,-0.2999728830813261,not_a_failed_drive,2023-10-01,2023-12-31,92,4,0.0,repeated_nonpersistent_alerts,True
8CGKHZ5G,2023-10-04,2023-12-30,31,0,0.9369589888003047,0.9369589888003047,,0.9369589888003047,0.9369589888003047,31,True,31,2023-10-04,True,31,2023-10-04,false_positive,,,-0.23695898880030475,not_a_failed_drive,2023-10-04,2023-12-30,88,5,0.0,repeated_nonpersistent_alerts,True
8CGKZNXG,2023-10-01,2023-12-29,23,0,0.9986626265257834,0.9977043092310034,,0.9986626265257834,0.9977043092310034,23,True,23,2023-10-01,True,23,2023-10-01,false_positive,,,-0.29866262652578346,not_a_failed_drive,2023-10-01,2023-12-29,90,2,0.0,repeated_nonpersistent_alerts,True
8CGL02NG,2023-10-01,2023-12-30,32,0,0.9999999999933074,0.9999999999933074,,0.9999999999933074,0.9999999999933074,32,True,32,2023-10-01,True,32,2023-10-01,false_positive,,,-0.2999999999933074,not_a_failed_drive,2023-10-01,2023-12-30,91,3,0.0,repeated_nonpersistent_alerts,True
8CGL1NAG,2023-10-05,2023-12-28,27,0,0.9944923229615985,0.9944923229615985,,0.9944923229615985,0.9944923229615985,27,True,27,2023-10-05,True,27,2023-10-05,false_positive,,,-0.29449232296159855,not_a_failed_drive,2023-10-05,2023-12-28,85,3,0.0,repeated_nonpersistent_alerts,True
8CGL3X0G,2023-10-01,2023-12-31,34,0,1.0,0.9999999999998963,,1.0,0.9999999999998963,34,True,34,2023-10-01,True,34,2023-10-01,false_positive,,,-0.30000000000000004,not_a_failed_drive,2023-10-01,2023-12-31,92,3,0.0,repeated_nonpersistent_alerts,True
8CGL3Y8G,2023-10-01,2023-12-31,34,0,0.9999999998690212,0.7130325324761302,,0.9999999998690212,0.7130325324761302,34,True,20,2023-10-01,True,34,2023-10-01,false_positive,,,-0.29999999986902126,not_a_failed_drive,2023-10-01,2023-12-31,92,4,0.0,repeated_nonpersistent_alerts,True
8CGL3ZSG,2023-10-01,2023-12-28,30,0,0.7375204972074509,0.6687499557626565,,0.7375204972074509,0.6687499557626565,30,True,19,2023-10-01,True,30,2023-10-01,false_positive,,,-0.03752049720745099,not_a_failed_drive,2023-10-01,2023-11-19,50,6,39.0,repeated_nonpersistent_alerts,False
8CGL43VG,2023-10-02,2023-12-14,28,0,0.9999409561004361,0.9996830179070632,,0.9999409561004361,0.9996830179070632,28,True,28,2023-10-02,True,28,2023-10-02,false_positive,,,-0.29994095610043614,not_a_failed_drive,2023-10-02,2023-12-14,74,4,0.0,repeated_nonpersistent_alerts,True
8CGL46JG,2023-10-01,2023-12-30,27,0,0.9911129784101749,0.9807879935105013,,0.9911129784101749,0.9807879935105013,27,True,27,2023-10-01,True,27,2023-10-01,false_positive,,,-0.2911129784101749,not_a_failed_drive,2023-10-01,2023-12-30,91,3,0.0,repeated_nonpersistent_alerts,True
8CGL7J7G,2023-10-05,2023-12-30,30,0,0.9999999982781398,0.977620167865002,,0.9999999982781398,0.977620167865002,30,True,30,2023-10-05,True,30,2023-10-05,false_positive,,,-0.29999999827813983,not_a_failed_drive,2023-10-05,2023-12-30,87,2,0.0,repeated_nonpersistent_alerts,True
8CGL7JSG,2023-10-04,2023-10-23,5,0,1.0,1.0,,1.0,1.0,5,True,5,2023-10-04,True,5,2023-10-04,false_positive,,,-0.30000000000000004,not_a_failed_drive,2023-10-04,2023-10-23,20,1,0.0,repeated_nonpersistent_alerts,True
8CGL7JUG,2023-10-01,2023-12-31,30,0,0.9999995248605066,0.9995676354323116,,0.9999995248605066,0.9995676354323116,30,True,30,2023-10-01,True,30,2023-10-01,false_positive,,,-0.29999952486050663,not_a_failed_drive,2023-10-01,2023-12-31,92,3,0.0,repeated_nonpersistent_alerts,True
8CGL7K1G,2023-10-03,2023-12-26,27,0,0.9700333599946607,0.8102954415148921,,0.9700333599946607,0.8102954415148921,27,True,27,2023-10-03,True,27,2023-10-03,false_positive,,,-0.2700333599946607,not_a_failed_drive,2023-10-03,2023-12-26,85,7,0.0,persistent_7_plus_day_run,True
8CGL7K3G,2023-10-03,2023-10-23,5,0,1.0,1.0,,1.0,1.0,5,True,5,2023-10-03,True,5,2023-10-03,false_positive,,,-0.30000000000000004,not_a_failed_drive,2023-10-03,2023-10-23,21,2,0.0,repeated_nonpersistent_alerts,True
8CGL7UTG,2023-10-06,2023-12-31,31,0,0.9986063616368138,0.9982825452004572,,0.9986063616368138,0.9982825452004572,31,True,31,2023-10-06,True,31,2023-10-06,false_positive,,,-0.29860636163681387,not_a_failed_drive,2023-10-06,2023-12-31,87,3,0.0,repeated_nonpersistent_alerts,True
8CGL7WEG,2023-10-01,2023-12-30,30,0,0.9715543464432767,0.7711404907099574,,0.9715543464432767,0.7711404907099574,30,True,20,2023-10-01,True,22,2023-10-01,false_positive,,,-0.2715543464432767,not_a_failed_drive,2023-10-01,2023-12-06,67,2,24.0,repeated_nonpersistent_alerts,False
8CGL7XBG,2023-10-01,2023-12-31,30,0,0.7409477283818927,0.6958054829823953,,0.7409477283818927,0.6958054829823953,30,True,23,2023-10-01,True,30,2023-10-01,false_positive,,,-0.040947728381892756,not_a_failed_drive,2023-10-01,2023-12-02,63,4,29.0,repeated_nonpersistent_alerts,False
8CGL7XXG,2023-10-01,2023-12-30,29,0,0.9999932436653236,0.9999675620823127,,0.9999932436653236,0.9999675620823127,29,True,29,2023-10-01,True,29,2023-10-01,false_positive,,,-0.29999324366532365,not_a_failed_drive,2023-10-01,2023-12-30,91,3,0.0,repeated_nonpersistent_alerts,True
8CGLA7SG,2023-10-11,2023-12-09,17,0,1.0,0.999970758317963,,1.0,0.999970758317963,17,True,17,2023-10-11,True,17,2023-10-11,false_positive,,,-0.30000000000000004,not_a_failed_drive,2023-10-11,2023-12-09,60,2,0.0,repeated_nonpersistent_alerts,True
8CGLA7ZG,2023-10-01,2023-12-31,29,0,0.9433852721826297,0.7973212491355712,,0.9433852721826297,0.7973212491355712,29,True,29,2023-10-01,True,29,2023-10-01,false_positive,,,-0.24338527218262973,not_a_failed_drive,2023-10-01,2023-12-31,92,6,0.0,repeated_nonpersistent_alerts,True
8CGLB2EG,2023-10-02,2023-12-30,32,0,0.9999999999998175,0.9989136238403742,,0.9999999999998175,0.9989136238403742,32,True,32,2023-10-02,True,32,2023-10-02,false_positive,,,-0.2999999999998175,not_a_failed_drive,2023-10-02,2023-12-30,90,6,0.0,repeated_nonpersistent_alerts,True
8CGLB44G,2023-10-20,2023-12-28,24,0,0.9953024235640058,0.9681321851007495,,0.9953024235640058,0.9681321851007495,24,True,24,2023-10-20,True,24,2023-10-20,false_positive,,,-0.2953024235640058,not_a_failed_drive,2023-10-20,2023-12-28,70,2,0.0,repeated_nonpersistent_alerts,True
8CGLB5NG,2023-10-14,2023-12-29,23,0,1.0,0.7397135384145189,,1.0,0.7397135384145189,23,True,14,2023-11-14,True,14,2023-11-14,false_positive,,,-0.30000000000000004,not_a_failed_drive,2023-11-14,2023-12-29,46,2,0.0,repeated_nonpersistent_alerts,True
8CGLB7VG,2023-10-03,2023-12-26,28,0,1.0,1.0,,1.0,1.0,28,True,28,2023-10-03,True,28,2023-10-03,false_positive,,,-0.30000000000000004,not_a_failed_drive,2023-10-03,2023-12-26,85,3,0.0,repeated_nonpersistent_alerts,True
8CGLBHRG,2023-10-13,2023-12-31,22,0,0.8471797482055932,0.5527609371219446,,0.8471797482055932,0.5527609371219446,22,True,2,2023-12-26,True,15,2023-11-07,false_positive,,,-0.1471797482055932,not_a_failed_drive,2023-12-26,2023-12-31,6,1,0.0,short_alert_burst,True
8CGPU5AE,2023-10-03,2023-12-29,26,0,0.9041461269980499,0.8366809963467754,,0.9041461269980499,0.8366809963467754,26,True,26,2023-10-03,True,26,2023-10-03,false_positive,,,-0.2041461269980499,not_a_failed_drive,2023-10-03,2023-12-29,88,3,0.0,repeated_nonpersistent_alerts,True
8CGUJU6E,2023-10-04,2023-12-31,28,0,0.9999763561158476,0.5326157509217209,,0.9999763561158476,0.5326157509217209,28,True,8,2023-12-03,True,9,2023-12-01,false_positive,,,-0.2999763561158476,not_a_failed_drive,2023-12-03,2023-12-31,29,4,0.0,repeated_nonpersistent_alerts,True
8CGUK25E,2023-10-05,2023-12-29,23,0,0.9959629472822421,0.5763496311408854,,0.9959629472822421,0.5763496311408854,23,True,4,2023-11-27,True,23,2023-10-05,false_positive,,,-0.29596294728224215,not_a_failed_drive,2023-11-27,2023-12-29,33,1,0.0,repeated_nonpersistent_alerts,True
8CGYZEEE,2023-10-10,2023-12-29,25,0,0.9243311589570087,0.9243311589570087,,0.9243311589570087,0.9243311589570087,25,True,25,2023-10-10,True,25,2023-10-10,false_positive,,,-0.22433115895700872,not_a_failed_drive,2023-10-10,2023-12-29,81,2,0.0,repeated_nonpersistent_alerts,True
8CGZK3PE,2023-10-01,2023-12-21,23,0,0.9999999999999247,0.9999999999987661,,0.9999999999999247,0.9999999999987661,23,True,23,2023-10-01,True,23,2023-10-01,false_positive,,,-0.29999999999992477,not_a_failed_drive,2023-10-01,2023-12-21,82,5,0.0,repeated_nonpersistent_alerts,True
8CGZRAME,2023-10-05,2023-12-29,24,0,0.9735655097325105,0.9599722915774344,,0.9735655097325105,0.9599722915774344,24,True,24,2023-10-05,True,24,2023-10-05,false_positive,,,-0.2735655097325106,not_a_failed_drive,2023-10-05,2023-12-29,86,3,0.0,repeated_nonpersistent_alerts,True
8CH04B9E,2023-10-02,2023-12-21,25,0,0.8781165778358326,0.8781165778358325,,0.8781165778358326,0.8781165778358325,25,True,25,2023-10-02,True,25,2023-10-02,false_positive,,,-0.17811657783583268,not_a_failed_drive,2023-10-02,2023-12-21,81,3,0.0,repeated_nonpersistent_alerts,True
8CH06B7E,2023-10-01,2023-10-13,4,0,1.0,1.0,,1.0,1.0,4,True,4,2023-10-01,True,4,2023-10-01,false_positive,,,-0.30000000000000004,not_a_failed_drive,2023-10-01,2023-10-13,13,1,0.0,repeated_nonpersistent_alerts,True
8CH08WDE,2023-10-01,2023-12-26,30,0,0.9999999999999969,0.9999999999999143,,0.9999999999999969,0.9999999999999143,30,True,30,2023-10-01,True,30,2023-10-01,false_positive,,,-0.29999999999999694,not_a_failed_drive,2023-10-01,2023-12-26,87,3,0.0,repeated_nonpersistent_alerts,True
8CH0HW6E,2023-10-08,2023-12-30,35,0,0.9995445958473054,0.9995167667249086,,0.9995445958473054,0.9995167667249086,35,True,35,2023-10-08,True,35,2023-10-08,false_positive,,,-0.2995445958473054,not_a_failed_drive,2023-10-08,2023-12-30,84,4,0.0,repeated_nonpersistent_alerts,True
8CH0J1GE,2023-10-04,2023-12-27,21,0,0.9999999989748685,0.7130859919997656,,0.9999999989748685,0.7130859919997656,21,True,12,2023-11-13,True,12,2023-11-13,false_positive,,,-0.2999999989748685,not_a_failed_drive,2023-11-13,2023-12-27,45,2,0.0,repeated_nonpersistent_alerts,True
8CH0VY3E,2023-10-01,2023-12-29,27,0,0.8021652023491624,0.38297815306687155,,0.8021652023491624,0.38297815306687155,27,True,1,2023-12-29,True,27,2023-10-01,false_positive,,,-0.10216520234916249,not_a_failed_drive,2023-12-29,2023-12-29,1,1,0.0,single_day_spike,True
8CH12E0E,2023-10-01,2023-12-30,24,0,0.9999999999980642,0.9999999999701353,,0.9999999999980642,0.9999999999701353,24,True,24,2023-10-01,True,24,2023-10-01,false_positive,,,-0.29999999999806426,not_a_failed_drive,2023-10-01,2023-12-30,91,2,0.0,repeated_nonpersistent_alerts,True
8CH15D3E,2023-10-03,2023-12-29,21,0,0.7800573706363794,0.6667458459266159,,0.7800573706363794,0.6667458459266159,21,True,3,2023-12-12,True,21,2023-10-03,false_positive,,,-0.08005737063637941,not_a_failed_drive,2023-12-12,2023-12-29,18,2,0.0,repeated_nonpersistent_alerts,True
8CH1APSE,2023-10-01,2023-12-29,27,0,0.9157600741595793,0.8603045470966632,,0.9157600741595793,0.8603045470966632,27,True,26,2023-10-05,True,27,2023-10-01,false_positive,,,-0.21576007415957932,not_a_failed_drive,2023-10-05,2023-12-29,86,3,0.0,repeated_nonpersistent_alerts,True
8CH3835E,2023-10-01,2023-12-30,33,0,0.8012255957831138,0.6850383024622264,,0.8012255957831138,0.6850383024622264,33,True,11,2023-10-08,True,33,2023-10-01,false_positive,,,-0.10122559578311385,not_a_failed_drive,2023-10-08,2023-12-23,77,5,7.0,repeated_nonpersistent_alerts,True
8CH39H5E,2023-10-09,2023-12-31,26,0,0.8567503433711017,0.4754669636788148,,0.8567503433711017,0.4754669636788148,26,True,4,2023-12-24,True,26,2023-10-09,false_positive,,,-0.15675034337110172,not_a_failed_drive,2023-12-24,2023-12-31,8,1,0.0,repeated_nonpersistent_alerts,True
8CH4YWWE,2023-10-05,2023-12-31,22,0,0.9365658648512515,0.5220906751714968,,0.9365658648512515,0.5220906751714968,22,True,8,2023-12-04,True,9,2023-11-30,false_positive,,,-0.23656586485125153,not_a_failed_drive,2023-12-04,2023-12-31,28,2,0.0,repeated_nonpersistent_alerts,True
8CH5B99E,2023-10-02,2023-10-09,4,0,1.0,1.0,,1.0,1.0,4,True,4,2023-10-02,True,4,2023-10-02,false_positive,,,-0.30000000000000004,not_a_failed_drive,2023-10-02,2023-10-09,8,2,0.0,repeated_nonpersistent_alerts,True
8CH5H01E,2023-10-03,2023-12-27,41,0,0.9999999999999918,0.9999999999997377,,0.9999999999999918,0.9999999999997377,41,True,41,2023-10-03,True,41,2023-10-03,false_positive,,,-0.29999999999999183,not_a_failed_drive,2023-10-03,2023-12-27,86,4,0.0,repeated_nonpersistent_alerts,True
8CH5HS1E,2023-10-04,2023-12-30,22,0,0.7992884803544479,0.6627327885524935,,0.7992884803544479,0.6627327885524935,22,True,10,2023-10-21,True,22,2023-10-04,false_positive,,,-0.09928848035444793,not_a_failed_drive,2023-10-21,2023-12-11,52,2,19.0,repeated_nonpersistent_alerts,False
8CKLUMXF,2023-10-07,2023-12-30,26,0,0.9999991406232709,0.9998806603621196,,0.9999991406232709,0.9998806603621196,26,True,26,2023-10-07,True,26,2023-10-07,false_positive,,,-0.29999914062327093,not_a_failed_drive,2023-10-07,2023-12-30,85,4,0.0,repeated_nonpersistent_alerts,True
8DGD1X2D,2023-10-03,2023-12-31,34,0,0.9893765378348056,0.4483839740486685,,0.9893765378348056,0.4483839740486685,34,True,5,2023-10-03,True,6,2023-10-03,false_positive,,,-0.28937653783480566,not_a_failed_drive,2023-10-03,2023-10-11,9,2,81.0,repeated_nonpersistent_alerts,False
8DGEX7PH,2023-10-01,2023-12-27,33,0,0.9999999087440928,0.9909384716615226,,0.9999999087440928,0.9909384716615226,33,True,33,2023-10-01,True,33,2023-10-01,false_positive,,,-0.2999999087440929,not_a_failed_drive,2023-10-01,2023-12-27,88,4,0.0,repeated_nonpersistent_alerts,True
8DGJL57Y,2023-10-01,2023-12-30,22,0,0.843182578650221,0.8393538204360667,,0.843182578650221,0.8393538204360667,22,True,22,2023-10-01,True,22,2023-10-01,false_positive,,,-0.143182578650221,not_a_failed_drive,2023-10-01,2023-12-30,91,3,0.0,repeated_nonpersistent_alerts,True
8DGJTABH,2023-10-06,2023-12-25,27,0,0.9994409560701091,0.8462315770075418,,0.9994409560701091,0.8462315770075418,27,True,27,2023-10-06,True,27,2023-10-06,false_positive,,,-0.2994409560701091,not_a_failed_drive,2023-10-06,2023-12-25,81,3,0.0,repeated_nonpersistent_alerts,True
8DGL0PEH,2023-10-14,2023-12-26,25,0,0.8711654154778873,0.6407324902432948,,0.8711654154778873,0.6407324902432948,25,True,10,2023-10-14,True,25,2023-10-14,false_positive,,,-0.17116541547788733,not_a_failed_drive,2023-10-14,2023-11-05,23,4,51.0,repeated_nonpersistent_alerts,False
8DGLAHAH,2023-10-01,2023-12-29,33,0,0.9913659186531804,0.40446569729067783,,0.9913659186531804,0.40446569729067783,33,True,3,2023-12-23,True,4,2023-10-28,false_positive,,,-0.2913659186531804,not_a_failed_drive,2023-12-23,2023-12-29,7,1,0.0,repeated_nonpersistent_alerts,True
8DGM8D2H,2023-10-02,2023-12-30,23,0,0.8070375922446553,0.46488668031744435,,0.8070375922446553,0.46488668031744435,23,True,6,2023-11-20,True,6,2023-11-20,false_positive,,,-0.10703759224465537,not_a_failed_drive,2023-11-20,2023-12-18,29,1,12.0,repeated_nonpersistent_alerts,False
8DGMEUSH,2023-10-04,2023-12-29,30,0,0.9900373825638806,0.6055561211232968,,0.9900373825638806,0.6055561211232968,30,True,12,2023-11-17,True,17,2023-11-17,false_positive,,,-0.2900373825638807,not_a_failed_drive,2023-11-17,2023-12-29,43,2,0.0,repeated_nonpersistent_alerts,True
8DGMRS4D,2023-10-02,2023-12-30,20,0,0.996333834554151,0.7667243709187439,,0.996333834554151,0.7667243709187439,20,True,13,2023-10-18,True,19,2023-10-11,false_positive,,,-0.2963338345541511,not_a_failed_drive,2023-10-18,2023-12-30,74,1,0.0,repeated_nonpersistent_alerts,True
8DGN43XH,2023-10-01,2023-12-25,31,0,0.9986730010720618,0.915057614156177,,0.9986730010720618,0.915057614156177,31,True,29,2023-10-01,True,31,2023-10-01,false_positive,,,-0.29867300107206185,not_a_failed_drive,2023-10-01,2023-12-18,79,3,7.0,repeated_nonpersistent_alerts,True
8DGNMVHH,2023-10-02,2023-12-31,28,0,0.9727221812105937,0.9366969563360242,,0.9727221812105937,0.9366969563360242,28,True,28,2023-10-02,True,28,2023-10-02,false_positive,,,-0.2727221812105938,not_a_failed_drive,2023-10-02,2023-12-31,91,3,0.0,repeated_nonpersistent_alerts,True
8DGNPM2H,2023-10-02,2023-12-31,37,0,0.941570868196529,0.46934157713960545,,0.941570868196529,0.46934157713960545,37,True,11,2023-12-10,True,11,2023-12-10,false_positive,,,-0.24157086819652906,not_a_failed_drive,2023-12-10,2023-12-31,22,3,0.0,repeated_nonpersistent_alerts,True
8DGNR1AH,2023-10-01,2023-11-02,12,0,1.0,1.0,,1.0,1.0,12,True,12,2023-10-01,True,12,2023-10-01,false_positive,,,-0.30000000000000004,not_a_failed_drive,2023-10-01,2023-11-02,33,2,0.0,repeated_nonpersistent_alerts,True
8DGNVS8H,2023-10-02,2023-12-30,30,0,0.9999999999953646,0.9473544952070009,,0.9999999999953646,0.9473544952070009,30,True,30,2023-10-02,True,30,2023-10-02,false_positive,,,-0.29999999999536464,not_a_failed_drive,2023-10-02,2023-12-30,90,4,0.0,repeated_nonpersistent_alerts,True
8DGP7B0H,2023-10-01,2023-10-30,10,0,0.9999681347470254,0.9975398411129774,,0.9999681347470254,0.9975398411129774,10,True,10,2023-10-01,True,10,2023-10-01,false_positive,,,-0.29996813474702544,not_a_failed_drive,2023-10-01,2023-10-30,30,4,0.0,repeated_nonpersistent_alerts,True
8DGR4KKH,2023-10-01,2023-12-28,25,0,0.948485105199252,0.948485105199252,,0.948485105199252,0.948485105199252,25,True,25,2023-10-01,True,25,2023-10-01,false_positive,,,-0.24848510519925204,not_a_failed_drive,2023-10-01,2023-12-28,89,3,0.0,repeated_nonpersistent_alerts,True
8DGS38GH,2023-10-04,2023-12-31,31,0,0.8021652023491624,0.3813243657582295,,0.8021652023491624,0.3813243657582295,31,True,2,2023-12-03,True,4,2023-12-03,false_positive,,,-0.10216520234916249,not_a_failed_drive,2023-12-03,2023-12-29,27,1,2.0,short_alert_burst,True
8DGTYZDH,2023-10-01,2023-11-12,18,0,0.7499720006281583,0.5389832200118732,,0.7499720006281583,0.5389832200118732,18,True,6,2023-11-04,True,11,2023-10-01,false_positive,,,-0.04997200062815832,not_a_failed_drive,2023-11-04,2023-11-12,9,4,0.0,repeated_nonpersistent_alerts,True
8DGW3HZH,2023-10-01,2023-12-31,31,0,0.847111847402676,0.5492453388357504,,0.847111847402676,0.5492453388357504,31,True,13,2023-11-11,True,13,2023-11-11,false_positive,,,-0.14711184740267602,not_a_failed_drive,2023-11-11,2023-12-16,36,3,15.0,repeated_nonpersistent_alerts,False
8DGW8XAH,2023-10-02,2023-12-31,35,0,1.0,1.0,,1.0,1.0,35,True,35,2023-10-02,True,35,2023-10-02,false_positive,,,-0.30000000000000004,not_a_failed_drive,2023-10-02,2023-12-31,91,4,0.0,repeated_nonpersistent_alerts,True
8DGXUPYH,2023-10-02,2023-12-30,26,0,0.9999999860882363,0.9488295078596138,,0.9999999860882363,0.9488295078596138,26,True,24,2023-10-17,True,24,2023-10-17,false_positive,,,-0.2999999860882363,not_a_failed_drive,2023-10-17,2023-12-30,75,3,0.0,repeated_nonpersistent_alerts,True
8DH1HH4H,2023-10-04,2023-12-30,25,0,0.9996272759769401,0.9977746327478123,,0.9996272759769401,0.9977746327478123,25,True,25,2023-10-04,True,25,2023-10-04,false_positive,,,-0.29962727597694017,not_a_failed_drive,2023-10-04,2023-12-30,88,3,0.0,repeated_nonpersistent_alerts,True
8DH543EH,2023-10-02,2023-12-30,30,0,0.7418052254794315,0.6230565850038835,,0.7418052254794315,0.6230565850038835,30,True,11,2023-10-13,True,30,2023-10-02,false_positive,,,-0.04180522547943155,not_a_failed_drive,2023-10-13,2023-11-19,38,1,41.0,repeated_nonpersistent_alerts,False
8DH6NXXH,2023-10-03,2023-10-05,2,0,1.0,1.0,,1.0,1.0,2,True,2,2023-10-03,True,2,2023-10-03,false_positive,,,-0.30000000000000004,not_a_failed_drive,2023-10-03,2023-10-05,3,1,0.0,short_alert_burst,True
8DH7V3EH,2023-10-09,2023-12-31,25,0,0.7375204972074509,0.3945141696299024,,0.7375204972074509,0.3945141696299024,25,True,2,2023-11-25,True,4,2023-11-25,false_positive,,,-0.03752049720745099,not_a_failed_drive,2023-11-25,2023-11-26,2,2,35.0,short_alert_burst,False
8DH8P6YH,2023-10-01,2023-12-29,21,0,0.8021652023491624,0.8021652023491624,,0.8021652023491624,0.8021652023491624,21,True,21,2023-10-01,True,21,2023-10-01,false_positive,,,-0.10216520234916249,not_a_failed_drive,2023-10-01,2023-12-29,90,2,0.0,repeated_nonpersistent_alerts,True
8DHAP79H,2023-10-03,2023-12-30,32,0,0.9733422689304061,0.8617111111216879,,0.9733422689304061,0.8617111111216879,32,True,29,2023-10-08,True,32,2023-10-03,false_positive,,,-0.27334226893040614,not_a_failed_drive,2023-10-08,2023-12-30,84,4,0.0,repeated_nonpersistent_alerts,True
8DHAU6ZH,2023-10-03,2023-12-24,23,0,0.7410662741106777,0.40856267329781515,,0.7410662741106777,0.40856267329781515,23,True,4,2023-11-23,True,4,2023-11-23,false_positive,,,-0.04106627411067776,not_a_failed_drive,2023-11-23,2023-11-29,7,2,25.0,repeated_nonpersistent_alerts,False
8DHBGDEH,2023-10-03,2023-12-25,24,0,0.948485105199252,0.7598444959621501,,0.948485105199252,0.7598444959621501,24,True,10,2023-11-22,True,24,2023-10-03,false_positive,,,-0.24848510519925204,not_a_failed_drive,2023-11-22,2023-12-25,34,2,0.0,repeated_nonpersistent_alerts,True
8DHEHUKH,2023-10-06,2023-12-30,24,0,0.996130224629155,0.65290048596084,,0.996130224629155,0.65290048596084,24,True,4,2023-12-16,True,24,2023-10-06,false_positive,,,-0.29613022462915506,not_a_failed_drive,2023-12-16,2023-12-30,15,2,0.0,repeated_nonpersistent_alerts,True
8DHEJ1PH,2023-10-01,2023-12-28,39,0,0.984488945529789,0.916978550319059,,0.984488945529789,0.916978550319059,39,True,39,2023-10-01,True,39,2023-10-01,false_positive,,,-0.2844889455297891,not_a_failed_drive,2023-10-01,2023-12-28,89,4,0.0,repeated_nonpersistent_alerts,True
8DHEM99H,2023-10-08,2023-12-31,27,0,0.7409477283818927,0.3760671845555437,,0.7409477283818927,0.3760671845555437,27,True,2,2023-11-30,True,3,2023-10-08,false_positive,,,-0.040947728381892756,not_a_failed_drive,2023-11-30,2023-12-01,2,2,30.0,short_alert_burst,False
8DHG12KH,2023-10-02,2023-12-27,29,0,0.9999998713327193,0.9999977086304578,,0.9999998713327193,0.9999977086304578,29,True,29,2023-10-02,True,29,2023-10-02,false_positive,,,-0.2999998713327193,not_a_failed_drive,2023-10-02,2023-12-27,87,3,0.0,repeated_nonpersistent_alerts,True
8DHHZU0H,2023-10-02,2023-12-31,33,0,0.8041516754195164,0.8041516754195164,,0.8041516754195164,0.8041516754195164,33,True,33,2023-10-02,True,33,2023-10-02,false_positive,,,-0.10415167541951642,not_a_failed_drive,2023-10-02,2023-12-31,91,4,0.0,repeated_nonpersistent_alerts,True
8DHMH6ND,2023-10-02,2023-12-29,27,0,1.0,1.0,,1.0,1.0,27,True,27,2023-10-02,True,27,2023-10-02,false_positive,,,-0.30000000000000004,not_a_failed_drive,2023-10-02,2023-12-29,89,3,0.0,repeated_nonpersistent_alerts,True
8DHN7SEH,2023-10-02,2023-12-24,22,0,0.7418052254794315,0.7418052254794315,,0.7418052254794315,0.7418052254794315,22,True,22,2023-10-02,True,22,2023-10-02,false_positive,,,-0.04180522547943155,not_a_failed_drive,2023-10-02,2023-12-24,84,2,0.0,repeated_nonpersistent_alerts,True
8DHNVKGH,2023-10-02,2023-12-28,28,0,0.947018262574914,0.947018262574914,,0.947018262574914,0.947018262574914,28,True,28,2023-10-02,True,28,2023-10-02,false_positive,,,-0.247018262574914,not_a_failed_drive,2023-10-02,2023-12-28,88,5,0.0,repeated_nonpersistent_alerts,True
8DHP5XHH,2023-10-04,2023-12-31,31,0,0.9430482878188086,0.5136134205368372,,0.9430482878188086,0.5136134205368372,31,True,4,2023-12-18,True,19,2023-11-06,false_positive,,,-0.2430482878188086,not_a_failed_drive,2023-12-18,2023-12-31,14,1,0.0,repeated_nonpersistent_alerts,True
8DHPGH7H,2023-10-01,2023-12-27,21,0,0.9999392736260728,0.9917765115195211,,0.9999392736260728,0.9917765115195211,21,True,21,2023-10-01,True,21,2023-10-01,false_positive,,,-0.29993927362607287,not_a_failed_drive,2023-10-01,2023-12-27,88,2,0.0,repeated_nonpersistent_alerts,True
8DHR24TH,2023-10-01,2023-12-29,28,0,1.0,1.0,,1.0,1.0,28,True,28,2023-10-01,True,28,2023-10-01,false_positive,,,-0.30000000000000004,not_a_failed_drive,2023-10-01,2023-12-29,90,4,0.0,repeated_nonpersistent_alerts,True
8DHRLZXH,2023-10-01,2023-12-25,28,0,0.9999999999991167,0.9999999994057619,,0.9999999999991167,0.9999999994057619,28,True,28,2023-10-01,True,28,2023-10-01,false_positive,,,-0.29999999999911675,not_a_failed_drive,2023-10-01,2023-12-25,86,2,0.0,repeated_nonpersistent_alerts,True
8DHTK49H,2023-10-05,2023-12-30,26,0,0.999999999997985,0.9999999999965448,,0.999999999997985,0.9999999999965448,26,True,26,2023-10-05,True,26,2023-10-05,false_positive,,,-0.299999999997985,not_a_failed_drive,2023-10-05,2023-12-30,87,3,0.0,repeated_nonpersistent_alerts,True
8DHTN80H,2023-10-03,2023-12-14,23,0,0.9395060757050461,0.5422536433118695,,0.9395060757050461,0.5422536433118695,23,True,9,2023-11-17,True,9,2023-11-17,false_positive,,,-0.23950607570504612,not_a_failed_drive,2023-11-17,2023-12-14,28,3,0.0,repeated_nonpersistent_alerts,True
8DHTV7JH,2023-10-02,2023-12-31,29,0,0.847111847402676,0.6940010586076817,,0.847111847402676,0.6940010586076817,29,True,9,2023-11-20,True,29,2023-10-02,false_positive,,,-0.14711184740267602,not_a_failed_drive,2023-11-20,2023-12-18,29,3,13.0,repeated_nonpersistent_alerts,False
8DHU1PDH,2023-10-03,2023-12-19,36,0,0.9999986691184897,0.9036556286656054,,0.9999986691184897,0.9036556286656054,36,True,36,2023-10-03,True,36,2023-10-03,false_positive,,,-0.2999986691184897,not_a_failed_drive,2023-10-03,2023-12-19,78,4,0.0,repeated_nonpersistent_alerts,True
8DHUXLLH,2023-10-03,2023-12-24,20,0,0.8041516754195164,0.48302539098047365,,0.8041516754195164,0.48302539098047365,20,True,5,2023-12-05,True,7,2023-11-21,false_positive,,,-0.10415167541951642,not_a_failed_drive,2023-12-05,2023-12-24,20,2,0.0,repeated_nonpersistent_alerts,True
8DHWY1VH,2023-10-01,2023-12-27,27,0,0.9721515801749551,0.972151580174955,,0.9721515801749551,0.972151580174955,27,True,27,2023-10-01,True,27,2023-10-01,false_positive,,,-0.2721515801749551,not_a_failed_drive,2023-10-01,2023-12-27,88,2,0.0,repeated_nonpersistent_alerts,True
8DHX9N0H,2023-10-03,2023-12-31,34,0,0.9996418207731123,0.8555208308362309,,0.9996418207731123,0.8555208308362309,34,True,29,2023-10-16,True,34,2023-10-03,false_positive,,,-0.2996418207731123,not_a_failed_drive,2023-10-16,2023-12-31,77,4,0.0,repeated_nonpersistent_alerts,True
8DHYXS6Y,2023-10-01,2023-12-27,20,0,0.8712347275841414,0.8712347275841414,,0.8712347275841414,0.8712347275841414,20,True,20,2023-10-01,True,20,2023-10-01,false_positive,,,-0.1712347275841415,not_a_failed_drive,2023-10-01,2023-12-27,88,2,0.0,repeated_nonpersistent_alerts,True
8DHZAW7H,2023-10-02,2023-12-31,37,0,1.0,1.0,,1.0,1.0,37,True,37,2023-10-02,True,37,2023-10-02,false_positive,,,-0.30000000000000004,not_a_failed_drive,2023-10-02,2023-12-31,91,6,0.0,repeated_nonpersistent_alerts,True
8DJ08A8H,2023-10-02,2023-12-30,33,0,0.989327747141428,0.5396378580355802,,0.989327747141428,0.5396378580355802,33,True,6,2023-12-19,True,19,2023-11-07,false_positive,,,-0.28932774714142806,not_a_failed_drive,2023-12-19,2023-12-30,12,2,0.0,repeated_nonpersistent_alerts,True
8DJ0H5PH,2023-10-02,2023-12-27,28,0,0.999801884737304,0.9991153594515828,,0.999801884737304,0.9991153594515828,28,True,28,2023-10-02,True,28,2023-10-02,false_positive,,,-0.29980188473730407,not_a_failed_drive,2023-10-02,2023-12-27,87,4,0.0,repeated_nonpersistent_alerts,True
8DJ0R8PH,2023-10-18,2023-12-31,20,0,0.8018248628619861,0.614833448729109,,0.8018248628619861,0.614833448729109,20,True,12,2023-10-18,True,12,2023-10-18,false_positive,,,-0.10182486286198611,not_a_failed_drive,2023-10-18,2023-11-27,41,3,34.0,repeated_nonpersistent_alerts,False
8DJ0X9PH,2023-10-07,2023-10-15,3,0,1.0,1.0,,1.0,1.0,3,True,3,2023-10-07,True,3,2023-10-07,false_positive,,,-0.30000000000000004,not_a_failed_drive,2023-10-07,2023-10-15,9,2,0.0,repeated_nonpersistent_alerts,True
8DJ4081H,2023-10-01,2023-12-26,32,0,0.9874263118317014,0.44988928420980157,,0.9874263118317014,0.44988928420980157,32,True,3,2023-12-06,True,10,2023-12-06,false_positive,,,-0.2874263118317014,not_a_failed_drive,2023-12-06,2023-12-17,12,2,9.0,repeated_nonpersistent_alerts,False
8DJ68W2H,2023-10-02,2023-12-25,22,0,0.9999999973556841,0.8936701760540988,,0.9999999973556841,0.8936701760540988,22,True,18,2023-10-29,True,22,2023-10-02,false_positive,,,-0.29999999735568417,not_a_failed_drive,2023-10-29,2023-12-25,58,3,0.0,repeated_nonpersistent_alerts,True
8DJ6LHUH,2023-10-07,2023-12-30,28,0,0.9989535200301632,0.9989535200301632,,0.9989535200301632,0.9989535200301632,28,True,28,2023-10-07,True,28,2023-10-07,false_positive,,,-0.2989535200301633,not_a_failed_drive,2023-10-07,2023-12-30,85,3,0.0,repeated_nonpersistent_alerts,True
8DJ6ZRZH,2023-10-01,2023-12-27,24,0,0.9040717179357107,0.9040717179357106,,0.9040717179357107,0.9040717179357106,24,True,24,2023-10-01,True,24,2023-10-01,false_positive,,,-0.20407171793571077,not_a_failed_drive,2023-10-01,2023-12-27,88,3,0.0,repeated_nonpersistent_alerts,True
8DJAGBMH,2023-10-02,2023-12-26,24,0,0.7488335517525901,0.5805999710161915,,0.7488335517525901,0.5805999710161915,24,True,13,2023-11-04,True,15,2023-10-28,false_positive,,,-0.04883355175259019,not_a_failed_drive,2023-11-04,2023-12-03,30,3,23.0,repeated_nonpersistent_alerts,False
8DJAUAYY,2023-10-01,2023-12-29,31,0,0.9999971518490671,0.9999946604827141,,0.9999971518490671,0.9999946604827141,31,True,31,2023-10-01,True,31,2023-10-01,false_positive,,,-0.29999715184906717,not_a_failed_drive,2023-10-01,2023-12-29,90,3,0.0,repeated_nonpersistent_alerts,True
8DJD9EPH,2023-10-01,2023-12-31,30,0,0.9702929408183534,0.35600580218462696,,0.9702929408183534,0.35600580218462696,30,True,1,2023-10-01,True,1,2023-10-01,false_positive,,,-0.2702929408183534,not_a_failed_drive,2023-10-01,2023-10-01,1,1,91.0,single_day_spike,False
8DJUK3SH,2023-10-09,2023-12-27,22,0,0.8021368575516287,0.6659965773545614,,0.8021368575516287,0.6659965773545614,22,True,8,2023-10-09,True,22,2023-10-09,false_positive,,,-0.10213685755162871,not_a_failed_drive,2023-10-09,2023-10-25,17,3,63.0,repeated_nonpersistent_alerts,False
8DK2LXEH,2023-10-01,2023-12-30,30,0,0.9952879611864844,0.8608031943409116,,0.9952879611864844,0.8608031943409116,30,True,30,2023-10-01,True,30,2023-10-01,false_positive,,,-0.2952879611864845,not_a_failed_drive,2023-10-01,2023-12-30,91,3,0.0,repeated_nonpersistent_alerts,True
8DKBVZUH,2023-10-09,2023-12-29,29,0,0.999823315706503,0.9576057513762353,,0.999823315706503,0.9576057513762353,29,True,29,2023-10-09,True,29,2023-10-09,false_positive,,,-0.299823315706503,not_a_failed_drive,2023-10-09,2023-12-29,82,6,0.0,repeated_nonpersistent_alerts,True
8DKKT29H,2023-10-02,2023-12-25,26,0,0.8659616167873122,0.3869589945292257,,0.8659616167873122,0.3869589945292257,26,True,2,2023-12-15,True,2,2023-12-15,false_positive,,,-0.16596161678731225,not_a_failed_drive,2023-12-15,2023-12-18,4,1,7.0,short_alert_burst,True
8DKLW0PH,2023-10-02,2023-10-15,3,0,1.0,1.0,,1.0,1.0,3,True,3,2023-10-02,True,3,2023-10-02,false_positive,,,-0.30000000000000004,not_a_failed_drive,2023-10-02,2023-10-15,14,1,0.0,repeated_nonpersistent_alerts,True
8DKN513H,2023-10-03,2023-12-25,29,0,0.8041516754195164,0.6083859262311525,,0.8041516754195164,0.6083859262311525,29,True,2,2023-12-23,True,29,2023-10-03,false_positive,,,-0.10415167541951642,not_a_failed_drive,2023-12-23,2023-12-25,3,1,0.0,short_alert_burst,True
8HG09K2H,2023-10-02,2023-12-31,34,0,0.920183796079607,0.920183796079607,,0.920183796079607,0.920183796079607,34,True,34,2023-10-02,True,34,2023-10-02,false_positive,,,-0.22018379607960703,not_a_failed_drive,2023-10-02,2023-12-31,91,6,0.0,repeated_nonpersistent_alerts,True
8HG349WH,2023-10-06,2023-12-31,28,0,0.8807155676107571,0.8380741464329091,,0.8807155676107571,0.8380741464329091,28,True,28,2023-10-06,True,28,2023-10-06,false_positive,,,-0.18071556761075713,not_a_failed_drive,2023-10-06,2023-12-31,87,3,0.0,repeated_nonpersistent_alerts,True
8HG9GHLY,2023-10-03,2023-12-31,39,0,0.847111847402676,0.8471118474026761,,0.847111847402676,0.8471118474026761,39,True,39,2023-10-03,True,39,2023-10-03,false_positive,,,-0.14711184740267602,not_a_failed_drive,2023-10-03,2023-12-31,90,5,0.0,repeated_nonpersistent_alerts,True
8HGEY6UY,2023-10-03,2023-12-28,24,0,0.9411275227166342,0.9411275227166342,,0.9411275227166342,0.9411275227166342,24,True,24,2023-10-03,True,24,2023-10-03,false_positive,,,-0.2411275227166343,not_a_failed_drive,2023-10-03,2023-12-28,87,3,0.0,repeated_nonpersistent_alerts,True
8HGHXP6H,2023-10-03,2023-12-31,28,0,0.7375204972074509,0.7375204972074509,,0.7375204972074509,0.7375204972074509,28,True,28,2023-10-03,True,28,2023-10-03,false_positive,,,-0.03752049720745099,not_a_failed_drive,2023-10-03,2023-12-31,90,4,0.0,repeated_nonpersistent_alerts,True
8HGMJ0RH,2023-10-02,2023-12-26,22,0,0.843182578650221,0.628330372402091,,0.843182578650221,0.628330372402091,22,True,11,2023-11-21,True,14,2023-10-06,false_positive,,,-0.143182578650221,not_a_failed_drive,2023-11-21,2023-12-26,36,2,0.0,repeated_nonpersistent_alerts,True
8HGV82JH,2023-10-13,2023-12-31,22,0,0.8659616167873122,0.6985094708857225,,0.8659616167873122,0.6985094708857225,22,True,14,2023-11-06,True,22,2023-10-13,false_positive,,,-0.16596161678731225,not_a_failed_drive,2023-11-06,2023-12-09,34,6,22.0,repeated_nonpersistent_alerts,False
8HGVW33H,2023-10-02,2023-12-31,24,0,0.847111847402676,0.6991047515675147,,0.847111847402676,0.6991047515675147,24,True,8,2023-12-13,True,24,2023-10-02,false_positive,,,-0.14711184740267602,not_a_failed_drive,2023-12-13,2023-12-31,19,2,0.0,repeated_nonpersistent_alerts,True
8HGXP5YH,2023-10-03,2023-12-29,31,0,0.9999858948030155,0.882006886688624,,0.9999858948030155,0.882006886688624,31,True,23,2023-10-03,True,31,2023-10-03,false_positive,,,-0.2999858948030155,not_a_failed_drive,2023-10-03,2023-12-29,88,3,0.0,repeated_nonpersistent_alerts,True
8HGY9EPH,2023-10-07,2023-12-27,25,0,0.8735827565559913,0.36810868323871965,,0.8735827565559913,0.36810868323871965,25,True,1,2023-12-27,True,1,2023-12-27,false_positive,,,-0.1735827565559913,not_a_failed_drive,2023-12-27,2023-12-27,1,1,0.0,single_day_spike,True
8HH0YM5H,2023-10-01,2023-12-29,30,0,0.9200515657116499,0.3881206769534923,,0.9200515657116499,0.3881206769534923,30,True,1,2023-11-18,True,5,2023-11-15,false_positive,,,-0.22005156571164997,not_a_failed_drive,2023-11-18,2023-11-18,1,1,41.0,single_day_spike,False
8HH218HH,2023-10-03,2023-12-31,31,0,0.9985412432650959,0.5858203558740736,,0.9985412432650959,0.5858203558740736,31,True,12,2023-10-27,True,14,2023-10-27,false_positive,,,-0.2985412432650959,not_a_failed_drive,2023-10-27,2023-12-31,66,2,0.0,repeated_nonpersistent_alerts,True
8HH27BJH,2023-10-05,2023-12-31,33,0,0.9702929408183534,0.9702929408183534,,0.9702929408183534,0.9702929408183534,33,True,33,2023-10-05,True,33,2023-10-05,false_positive,,,-0.2702929408183534,not_a_failed_drive,2023-10-05,2023-12-31,88,3,0.0,repeated_nonpersistent_alerts,True
8HH2KWJY,2023-10-11,2023-12-23,27,0,0.8021652023491624,0.7308585987669389,,0.8021652023491624,0.7308585987669389,27,True,18,2023-11-09,True,27,2023-10-11,false_positive,,,-0.10216520234916249,not_a_failed_drive,2023-11-09,2023-12-23,45,3,0.0,repeated_nonpersistent_alerts,True
8HH2UE9H,2023-10-02,2023-12-31,34,0,1.0,1.0,,1.0,1.0,34,True,34,2023-10-02,True,34,2023-10-02,false_positive,,,-0.30000000000000004,not_a_failed_drive,2023-10-02,2023-12-31,91,5,0.0,repeated_nonpersistent_alerts,True
8HH3AMJH,2023-10-01,2023-12-30,32,0,0.948485105199252,0.6605012404619327,,0.948485105199252,0.6605012404619327,32,True,17,2023-11-05,True,17,2023-11-05,false_positive,,,-0.24848510519925204,not_a_failed_drive,2023-11-05,2023-12-30,56,4,0.0,repeated_nonpersistent_alerts,True
8HH3EAKH,2023-10-02,2023-12-30,29,0,0.8022603790664625,0.41542791969311377,,0.8022603790664625,0.41542791969311377,29,True,5,2023-12-07,True,5,2023-12-07,false_positive,,,-0.10226037906646257,not_a_failed_drive,2023-12-07,2023-12-30,24,2,0.0,repeated_nonpersistent_alerts,True
8HH3SVDH,2023-10-04,2023-12-31,26,0,0.9433852721826297,0.9121699086536091,,0.9433852721826297,0.9121699086536091,26,True,26,2023-10-04,True,26,2023-10-04,false_positive,,,-0.24338527218262973,not_a_failed_drive,2023-10-04,2023-12-31,89,4,0.0,repeated_nonpersistent_alerts,True
8HH3VLVH,2023-10-01,2023-12-31,28,0,0.920183796079607,0.4484777765278273,,0.920183796079607,0.4484777765278273,28,True,4,2023-12-24,True,8,2023-12-08,false_positive,,,-0.22018379607960703,not_a_failed_drive,2023-12-24,2023-12-31,8,2,0.0,repeated_nonpersistent_alerts,True
8HH3ZVLH,2023-10-02,2023-12-25,31,0,0.9891730144411328,0.8051450188810518,,0.9891730144411328,0.8051450188810518,31,True,24,2023-10-12,True,27,2023-10-12,false_positive,,,-0.28917301444113286,not_a_failed_drive,2023-10-12,2023-12-25,75,3,0.0,repeated_nonpersistent_alerts,True
8HH4180H,2023-10-03,2023-12-27,32,0,0.919946404350972,0.919946404350972,,0.919946404350972,0.919946404350972,32,True,32,2023-10-03,True,32,2023-10-03,false_positive,,,-0.219946404350972,not_a_failed_drive,2023-10-03,2023-12-27,86,3,0.0,repeated_nonpersistent_alerts,True
8HH4Z8JH,2023-10-01,2023-12-31,24,0,1.0,1.0,,1.0,1.0,24,True,24,2023-10-01,True,24,2023-10-01,false_positive,,,-0.30000000000000004,not_a_failed_drive,2023-10-01,2023-12-31,92,3,0.0,repeated_nonpersistent_alerts,True
8HH5AV2H,2023-10-01,2023-12-30,21,0,0.7410662741106777,0.42516511699292925,,0.7410662741106777,0.42516511699292925,21,True,4,2023-12-23,True,5,2023-12-11,false_positive,,,-0.04106627411067776,not_a_failed_drive,2023-12-23,2023-12-30,8,3,0.0,repeated_nonpersistent_alerts,True
8HH5AX4H,2023-10-04,2023-12-22,23,0,0.920183796079607,0.8798247975891407,,0.920183796079607,0.8798247975891407,23,True,23,2023-10-04,True,23,2023-10-04,false_positive,,,-0.22018379607960703,not_a_failed_drive,2023-10-04,2023-12-22,80,5,0.0,repeated_nonpersistent_alerts,True
8HH5EGUH,2023-10-01,2023-12-27,24,0,0.9839183438101565,0.3882694284860697,,0.9839183438101565,0.3882694284860697,24,True,2,2023-12-14,True,2,2023-12-14,false_positive,,,-0.28391834381015657,not_a_failed_drive,2023-12-14,2023-12-27,14,1,0.0,short_alert_burst,True
8HH5ESTH,2023-10-01,2023-12-30,34,0,0.9998484618336394,0.9486082761861444,,0.9998484618336394,0.9486082761861444,34,True,34,2023-10-01,True,34,2023-10-01,false_positive,,,-0.29984846183363945,not_a_failed_drive,2023-10-01,2023-12-30,91,4,0.0,repeated_nonpersistent_alerts,True
8HH5RDNY,2023-10-03,2023-12-30,33,0,0.9960967842550501,0.9934596954355057,,0.9960967842550501,0.9934596954355057,33,True,33,2023-10-03,True,33,2023-10-03,false_positive,,,-0.29609678425505015,not_a_failed_drive,2023-10-03,2023-12-30,89,4,0.0,repeated_nonpersistent_alerts,True
8HH5ZTZH,2023-10-02,2023-12-31,31,0,0.7409477283818927,0.7409477283818927,,0.7409477283818927,0.7409477283818927,31,True,31,2023-10-02,True,31,2023-10-02,false_positive,,,-0.040947728381892756,not_a_failed_drive,2023-10-02,2023-12-31,91,4,0.0,repeated_nonpersistent_alerts,True
8HH6794H,2023-10-01,2023-12-24,31,0,0.847111847402676,0.3672158058226293,,0.847111847402676,0.3672158058226293,31,True,2,2023-10-01,True,2,2023-10-01,false_positive,,,-0.14711184740267602,not_a_failed_drive,2023-10-01,2023-10-02,2,2,83.0,short_alert_burst,False
8HH6A1NH,2023-10-04,2023-12-26,21,0,0.9986063616368138,0.9747147923383912,,0.9986063616368138,0.9747147923383912,21,True,21,2023-10-04,True,21,2023-10-04,false_positive,,,-0.29860636163681387,not_a_failed_drive,2023-10-04,2023-12-26,84,4,0.0,repeated_nonpersistent_alerts,True
8HH6RKTY,2023-10-02,2023-12-28,30,0,0.9715543464432767,0.9715543464432767,,0.9715543464432767,0.9715543464432767,30,True,30,2023-10-02,True,30,2023-10-02,false_positive,,,-0.2715543464432767,not_a_failed_drive,2023-10-02,2023-12-28,88,3,0.0,repeated_nonpersistent_alerts,True
8HH6XG7H,2023-10-02,2023-12-31,28,0,0.948485105199252,0.3560611548824809,,0.948485105199252,0.3560611548824809,28,True,1,2023-12-31,True,1,2023-12-31,false_positive,,,-0.24848510519925204,not_a_failed_drive,2023-12-31,2023-12-31,1,1,0.0,single_day_spike,True
8HH71U2H,2023-10-08,2023-12-30,24,0,0.847111847402676,0.847111847402676,,0.847111847402676,0.847111847402676,24,True,24,2023-10-08,True,24,2023-10-08,false_positive,,,-0.14711184740267602,not_a_failed_drive,2023-10-08,2023-12-30,84,3,0.0,repeated_nonpersistent_alerts,True
8HH75E7H,2023-10-01,2023-12-31,33,0,0.9755569573372914,0.7816878084007355,,0.9755569573372914,0.7816878084007355,33,True,28,2023-10-01,True,33,2023-10-01,false_positive,,,-0.27555695733729146,not_a_failed_drive,2023-10-01,2023-12-07,68,3,24.0,repeated_nonpersistent_alerts,False
8HH79H3H,2023-10-02,2023-12-27,24,0,0.7409477283818927,0.7409477283818927,,0.7409477283818927,0.7409477283818927,24,True,24,2023-10-02,True,24,2023-10-02,false_positive,,,-0.040947728381892756,not_a_failed_drive,2023-10-02,2023-12-27,87,3,0.0,repeated_nonpersistent_alerts,True
8HH79VUH,2023-10-01,2023-12-31,28,0,1.0,1.0,,1.0,1.0,28,True,28,2023-10-01,True,28,2023-10-01,false_positive,,,-0.30000000000000004,not_a_failed_drive,2023-10-01,2023-12-31,92,4,0.0,repeated_nonpersistent_alerts,True
8HH7GLBH,2023-10-01,2023-12-29,26,0,0.9703828966175198,0.638857539185637,,0.9703828966175198,0.638857539185637,26,True,11,2023-10-01,True,19,2023-10-01,false_positive,,,-0.2703828966175198,not_a_failed_drive,2023-10-01,2023-12-29,90,3,0.0,repeated_nonpersistent_alerts,True
8HHAY98H,2023-10-02,2023-12-27,28,0,0.999999999998926,0.9999977706672345,,0.999999999998926,0.9999977706672345,28,True,28,2023-10-02,True,28,2023-10-02,false_positive,,,-0.299999999998926,not_a_failed_drive,2023-10-02,2023-12-27,87,4,0.0,repeated_nonpersistent_alerts,True
8HHEHEWH,2023-10-04,2023-12-29,23,0,0.9707287261521721,0.8864400461945544,,0.9707287261521721,0.8864400461945544,23,True,23,2023-10-04,True,23,2023-10-04,false_positive,,,-0.27072872615217214,not_a_failed_drive,2023-10-04,2023-12-29,87,2,0.0,repeated_nonpersistent_alerts,True
8HHP6K5H,2023-10-04,2023-12-05,19,0,0.9971352218120081,0.9124670524606922,,0.9971352218120081,0.9124670524606922,19,True,16,2023-10-14,True,19,2023-10-04,false_positive,,,-0.29713522181200813,not_a_failed_drive,2023-10-14,2023-12-05,53,3,0.0,repeated_nonpersistent_alerts,True
8HHPUREH,2023-10-02,2023-12-31,21,0,0.9515531736491649,0.6430473844694469,,0.9515531736491649,0.6430473844694469,21,True,2,2023-10-02,True,21,2023-10-02,false_positive,,,-0.25155317364916496,not_a_failed_drive,2023-10-02,2023-10-04,3,1,88.0,short_alert_burst,False
8HHYL35H,2023-10-01,2023-11-25,16,0,0.8473154756605259,0.44857503912995195,,0.8473154756605259,0.44857503912995195,16,True,3,2023-11-21,True,4,2023-11-21,false_positive,,,-0.14731547566052594,not_a_failed_drive,2023-11-21,2023-11-23,3,3,2.0,repeated_nonpersistent_alerts,True
8HJ7ML4H,2023-10-04,2023-12-31,23,0,0.9414263666594218,0.8769928381348834,,0.9414263666594218,0.8769928381348834,23,True,23,2023-10-04,True,23,2023-10-04,false_positive,,,-0.24142636665942185,not_a_failed_drive,2023-10-04,2023-12-31,89,3,0.0,repeated_nonpersistent_alerts,True
8HJ8HH0Y,2023-10-02,2023-12-29,21,0,0.9998337518847131,0.9710616297916355,,0.9998337518847131,0.9710616297916355,21,True,21,2023-10-02,True,21,2023-10-02,false_positive,,,-0.2998337518847132,not_a_failed_drive,2023-10-02,2023-12-29,89,2,0.0,repeated_nonpersistent_alerts,True
8HJBGL8H,2023-10-06,2023-12-31,22,0,0.999972883081326,0.999972883081326,,0.999972883081326,0.999972883081326,22,True,22,2023-10-06,True,22,2023-10-06,false_positive,,,-0.2999728830813261,not_a_failed_drive,2023-10-06,2023-12-31,87,3,0.0,repeated_nonpersistent_alerts,True
8HJHESVH,2023-10-03,2023-12-28,21,0,0.7860802765624553,0.7860802765624554,,0.7860802765624553,0.7860802765624554,21,True,21,2023-10-03,True,21,2023-10-03,false_positive,,,-0.08608027656245532,not_a_failed_drive,2023-10-03,2023-12-28,87,3,0.0,repeated_nonpersistent_alerts,True
8HJJ4AEH,2023-10-01,2023-12-29,28,0,0.9547202227037547,0.6657986085450556,,0.9547202227037547,0.6657986085450556,28,True,10,2023-11-24,True,28,2023-10-01,false_positive,,,-0.2547202227037547,not_a_failed_drive,2023-11-24,2023-12-29,36,3,0.0,repeated_nonpersistent_alerts,True
8HJJMVWH,2023-10-01,2023-12-25,26,0,0.7723542113068408,0.6846484707632116,,0.7723542113068408,0.6846484707632116,26,True,4,2023-12-08,True,26,2023-10-01,false_positive,,,-0.07235421130684083,not_a_failed_drive,2023-12-08,2023-12-25,18,2,0.0,repeated_nonpersistent_alerts,True
8HJPR9DH,2023-10-09,2023-12-31,23,0,0.9980145559376175,0.9971173829958303,,0.9980145559376175,0.9971173829958303,23,True,23,2023-10-09,True,23,2023-10-09,false_positive,,,-0.2980145559376175,not_a_failed_drive,2023-10-09,2023-12-31,84,3,0.0,repeated_nonpersistent_alerts,True
8HJPTXBH,2023-10-05,2023-12-31,28,0,0.9187482220230995,0.4698266256383364,,0.9187482220230995,0.4698266256383364,28,True,3,2023-12-27,True,28,2023-10-05,false_positive,,,-0.21874822202309951,not_a_failed_drive,2023-12-27,2023-12-31,5,1,0.0,repeated_nonpersistent_alerts,True
8HJTN1TH,2023-10-11,2023-12-27,25,0,0.8304263052611118,0.6399894355957573,,0.8304263052611118,0.6399894355957573,25,True,8,2023-11-02,True,25,2023-10-11,false_positive,,,-0.13042630526111187,not_a_failed_drive,2023-11-02,2023-11-19,18,3,38.0,repeated_nonpersistent_alerts,False
8HJVZZ4H,2023-10-04,2023-12-21,26,0,0.9995276368626894,0.9983491964855714,,0.9995276368626894,0.9983491964855714,26,True,26,2023-10-04,True,26,2023-10-04,false_positive,,,-0.29952763686268946,not_a_failed_drive,2023-10-04,2023-12-21,79,4,0.0,repeated_nonpersistent_alerts,True
8HJZ2BSH,2023-10-01,2023-12-31,29,0,1.0,1.0,,1.0,1.0,29,True,29,2023-10-01,True,29,2023-10-01,false_positive,,,-0.30000000000000004,not_a_failed_drive,2023-10-01,2023-12-31,92,3,0.0,repeated_nonpersistent_alerts,True
8HJZEG6H,2023-10-10,2023-11-16,7,0,0.9114672706274969,0.6564834874869042,,0.9114672706274969,0.6564834874869042,7,True,2,2023-11-14,True,7,2023-10-10,false_positive,,,-0.21146727062749693,not_a_failed_drive,2023-11-14,2023-11-16,3,1,0.0,short_alert_burst,True
8HJZJZWH,2023-10-10,2023-12-31,19,0,0.9709239594732239,0.5076215994142819,,0.9709239594732239,0.5076215994142819,19,True,2,2023-12-28,True,19,2023-10-10,false_positive,,,-0.2709239594732239,not_a_failed_drive,2023-12-28,2023-12-31,4,1,0.0,short_alert_burst,True
8HJZMSZH,2023-10-07,2023-12-29,30,0,0.8580999116975884,0.8580999116975884,,0.8580999116975884,0.8580999116975884,30,True,30,2023-10-07,True,30,2023-10-07,false_positive,,,-0.1580999116975884,not_a_failed_drive,2023-10-07,2023-12-29,84,3,0.0,repeated_nonpersistent_alerts,True
8HJZSD4H,2023-10-05,2023-12-28,27,0,0.9999005130676585,0.7002236125140375,,0.9999005130676585,0.7002236125140375,27,True,5,2023-12-15,True,27,2023-10-05,false_positive,,,-0.2999005130676585,not_a_failed_drive,2023-12-15,2023-12-28,14,1,0.0,repeated_nonpersistent_alerts,True
8HK143ZH,2023-10-03,2023-12-31,31,0,0.9994559435422455,0.9993825594127029,,0.9994559435422455,0.9993825594127029,31,True,31,2023-10-03,True,31,2023-10-03,false_positive,,,-0.2994559435422456,not_a_failed_drive,2023-10-03,2023-12-31,90,3,0.0,repeated_nonpersistent_alerts,True
8HK3N88H,2023-10-01,2023-12-08,23,0,0.9845128012485092,0.5491901263715686,,0.9845128012485092,0.5491901263715686,23,True,2,2023-12-06,True,23,2023-10-01,false_positive,,,-0.2845128012485092,not_a_failed_drive,2023-12-06,2023-12-08,3,1,0.0,short_alert_burst,True
8HK3N8XH,2023-10-04,2023-12-31,24,0,0.7019974408732386,0.679806340409059,,0.7019974408732386,0.679806340409059,24,True,2,2023-12-29,True,24,2023-10-04,false_positive,,,-0.0019974408732386095,not_a_failed_drive,2023-12-29,2023-12-31,3,1,0.0,short_alert_burst,True
8HK43HDH,2023-10-04,2023-12-25,24,0,0.9685325306831482,0.8992038823592128,,0.9685325306831482,0.8992038823592128,24,True,24,2023-10-04,True,24,2023-10-04,false_positive,,,-0.2685325306831482,not_a_failed_drive,2023-10-04,2023-12-25,83,3,0.0,repeated_nonpersistent_alerts,True
8HK5T2WH,2023-10-05,2023-12-24,26,0,0.9996894636624012,0.844406963275211,,0.9996894636624012,0.844406963275211,26,True,19,2023-10-21,True,26,2023-10-05,false_positive,,,-0.29968946366240123,not_a_failed_drive,2023-10-21,2023-12-24,65,2,0.0,repeated_nonpersistent_alerts,True
8HK5TYTH,2023-10-04,2023-12-30,28,0,0.9999992163771209,0.9999290617319226,,0.9999992163771209,0.9999290617319226,28,True,28,2023-10-04,True,28,2023-10-04,false_positive,,,-0.2999992163771209,not_a_failed_drive,2023-10-04,2023-12-30,88,2,0.0,repeated_nonpersistent_alerts,True
8HK6VH7H,2023-10-06,2023-12-22,29,0,0.7855154356885373,0.7583898697977531,,0.7855154356885373,0.7583898697977531,29,True,29,2023-10-06,True,29,2023-10-06,false_positive,,,-0.08551543568853737,not_a_failed_drive,2023-10-06,2023-12-22,78,6,0.0,repeated_nonpersistent_alerts,True
8HK6VSKH,2023-10-06,2023-12-28,26,0,0.9708220967199139,0.6772362383824071,,0.9708220967199139,0.6772362383824071,26,True,8,2023-12-07,True,26,2023-10-06,false_positive,,,-0.270822096719914,not_a_failed_drive,2023-12-07,2023-12-28,22,2,0.0,repeated_nonpersistent_alerts,True
8HK6XMMH,2023-10-09,2023-12-27,17,0,0.9999552184716622,0.9407820688667052,,0.9999552184716622,0.9407820688667052,17,True,14,2023-10-15,True,17,2023-10-09,false_positive,,,-0.2999552184716623,not_a_failed_drive,2023-10-15,2023-12-27,74,4,0.0,repeated_nonpersistent_alerts,True
8HK74U2H,2023-10-01,2023-12-28,33,0,0.9999999944481208,0.999999956780222,,0.9999999944481208,0.999999956780222,33,True,33,2023-10-01,True,33,2023-10-01,false_positive,,,-0.29999999444812087,not_a_failed_drive,2023-10-01,2023-12-28,89,6,0.0,repeated_nonpersistent_alerts,True
8HK7Y22H,2023-10-04,2023-12-31,22,0,0.9996789274256571,0.7960864116492643,,0.9996789274256571,0.7960864116492643,22,True,22,2023-10-04,True,22,2023-10-04,false_positive,,,-0.29967892742565716,not_a_failed_drive,2023-10-04,2023-12-31,89,3,0.0,repeated_nonpersistent_alerts,True
8HK7ZHVH,2023-10-01,2023-12-12,18,0,0.7420672299713209,0.5029318598920199,,0.7420672299713209,0.5029318598920199,18,True,2,2023-12-10,True,18,2023-10-01,false_positive,,,-0.04206722997132095,not_a_failed_drive,2023-12-10,2023-12-12,3,1,0.0,short_alert_burst,True
8HKD9VKH,2023-10-01,2023-11-26,14,0,0.9968562495962333,0.993261410197071,,0.9968562495962333,0.993261410197071,14,True,14,2023-10-01,True,14,2023-10-01,false_positive,,,-0.29685624959623336,not_a_failed_drive,2023-10-01,2023-11-26,57,3,0.0,repeated_nonpersistent_alerts,True
8HKDGLHH,2023-10-01,2023-12-29,21,0,0.9997161543467452,0.990727731605036,,0.9997161543467452,0.990727731605036,21,True,21,2023-10-01,True,21,2023-10-01,false_positive,,,-0.29971615434674526,not_a_failed_drive,2023-10-01,2023-12-29,90,2,0.0,repeated_nonpersistent_alerts,True
8HKHMDKH,2023-10-01,2023-12-24,23,0,0.9417401590141583,0.8816036229570261,,0.9417401590141583,0.8816036229570261,23,True,21,2023-10-06,True,23,2023-10-01,false_positive,,,-0.24174015901415835,not_a_failed_drive,2023-10-06,2023-12-24,80,3,0.0,repeated_nonpersistent_alerts,True
8HKKB66H,2023-10-02,2023-12-30,23,0,0.9999979960328529,0.9999961583711097,,0.9999979960328529,0.9999961583711097,23,True,23,2023-10-02,True,23,2023-10-02,false_positive,,,-0.29999799603285293,not_a_failed_drive,2023-10-02,2023-12-30,90,2,0.0,repeated_nonpersistent_alerts,True
8HKMY23H,2023-10-01,2023-12-28,25,0,0.9084628610092763,0.569480593666203,,0.9084628610092763,0.569480593666203,25,True,9,2023-12-03,True,25,2023-10-01,false_positive,,,-0.20846286100927636,not_a_failed_drive,2023-12-03,2023-12-28,26,2,0.0,repeated_nonpersistent_alerts,True
8HKS4X3H,2023-10-01,2023-12-30,28,0,0.9749994289396055,0.9726121717608163,,0.9749994289396055,0.9726121717608163,28,True,28,2023-10-01,True,28,2023-10-01,false_positive,,,-0.2749994289396055,not_a_failed_drive,2023-10-01,2023-12-30,91,3,0.0,repeated_nonpersistent_alerts,True
8HKU3YTH,2023-10-04,2023-12-24,22,0,0.9962122595777825,0.8473453626410771,,0.9962122595777825,0.8473453626410771,22,True,15,2023-11-03,True,22,2023-10-04,false_positive,,,-0.2962122595777825,not_a_failed_drive,2023-11-03,2023-12-24,52,3,0.0,repeated_nonpersistent_alerts,True
8HKY0KHH,2023-10-01,2023-12-29,31,0,0.9999999999562075,0.8554292412249104,,0.9999999999562075,0.8554292412249104,31,True,30,2023-10-01,True,31,2023-10-01,false_positive,,,-0.2999999999562075,not_a_failed_drive,2023-10-01,2023-12-29,90,3,0.0,repeated_nonpersistent_alerts,True
9KGRBBJL,2023-10-02,2023-12-31,28,0,0.7974815574999014,0.786027643222609,,0.7974815574999014,0.786027643222609,28,True,28,2023-10-02,True,28,2023-10-02,false_positive,,,-0.0974815574999014,not_a_failed_drive,2023-10-02,2023-12-31,91,3,0.0,repeated_nonpersistent_alerts,True
9LG5UTRA,2023-10-04,2023-12-11,26,0,0.7375204972074509,0.4239071466563669,,0.7375204972074509,0.4239071466563669,26,True,2,2023-12-10,True,8,2023-11-23,false_positive,,,-0.03752049720745099,not_a_failed_drive,2023-12-10,2023-12-11,2,2,0.0,short_alert_burst,True
9LG64J4A,2023-10-06,2023-12-29,29,0,0.8451573927878239,0.8451573927878239,,0.8451573927878239,0.8451573927878239,29,True,29,2023-10-06,True,29,2023-10-06,false_positive,,,-0.1451573927878239,not_a_failed_drive,2023-10-06,2023-12-29,85,4,0.0,repeated_nonpersistent_alerts,True
9RKWB9EL,2023-10-05,2023-12-29,25,0,0.8659616167873122,0.5962571392492305,,0.8659616167873122,0.5962571392492305,25,True,12,2023-10-05,True,12,2023-10-05,false_positive,,,-0.16596161678731225,not_a_failed_drive,2023-10-05,2023-10-31,27,2,59.0,repeated_nonpersistent_alerts,False
9RKZ9HXL,2023-10-04,2023-12-31,27,0,0.9999990972950472,0.40868165835461784,,0.9999990972950472,0.40868165835461784,27,True,3,2023-12-26,True,3,2023-12-26,false_positive,,,-0.29999909729504726,not_a_failed_drive,2023-12-26,2023-12-31,6,1,0.0,repeated_nonpersistent_alerts,True
AAG05AWH,2023-10-03,2023-12-28,30,0,0.9158750262274061,0.5380352004567006,,0.9158750262274061,0.5380352004567006,30,True,3,2023-10-30,True,19,2023-10-30,false_positive,,,-0.21587502622740617,not_a_failed_drive,2023-10-30,2023-11-02,4,2,56.0,repeated_nonpersistent_alerts,False
AAG193MH,2023-10-01,2023-12-28,29,0,0.793124062238654,0.6052024402244904,,0.793124062238654,0.6052024402244904,29,True,12,2023-10-06,True,29,2023-10-01,false_positive,,,-0.09312406223865399,not_a_failed_drive,2023-10-06,2023-11-08,34,5,50.0,repeated_nonpersistent_alerts,False
AAG1LJLH,2023-10-01,2023-12-29,31,0,0.8954263911691936,0.5602656029817651,,0.8954263911691936,0.5602656029817651,31,True,12,2023-12-11,True,19,2023-11-17,false_positive,,,-0.1954263911691937,not_a_failed_drive,2023-12-11,2023-12-29,19,5,0.0,repeated_nonpersistent_alerts,True
AAG1LJVH,2023-10-02,2023-12-31,28,0,0.7105953640083827,0.5809082147739587,,0.7105953640083827,0.5809082147739587,28,True,5,2023-12-22,True,26,2023-10-10,false_positive,,,-0.01059536400838279,not_a_failed_drive,2023-12-22,2023-12-31,10,2,0.0,repeated_nonpersistent_alerts,True
AAG1LW3H,2023-10-02,2023-12-30,30,0,0.7056473167207538,0.446238675392813,,0.7056473167207538,0.446238675392813,30,True,6,2023-12-15,True,23,2023-10-25,false_positive,,,-0.005647316720753803,not_a_failed_drive,2023-12-15,2023-12-30,16,2,0.0,repeated_nonpersistent_alerts,True
AAG1RUVH,2023-10-03,2023-12-30,26,0,0.9975014052359119,0.9598328421077559,,0.9975014052359119,0.9598328421077559,26,True,26,2023-10-03,True,26,2023-10-03,false_positive,,,-0.29750140523591195,not_a_failed_drive,2023-10-03,2023-12-30,89,3,0.0,repeated_nonpersistent_alerts,True
AAG1UY5H,2023-10-07,2023-12-30,24,0,0.8827623461190555,0.8827623461190554,,0.8827623461190555,0.8827623461190554,24,True,24,2023-10-07,True,24,2023-10-07,false_positive,,,-0.1827623461190555,not_a_failed_drive,2023-10-07,2023-12-30,85,3,0.0,repeated_nonpersistent_alerts,True
AAG1VEDH,2023-10-04,2023-12-22,33,0,0.7438683907334859,0.6624705312441438,,0.7438683907334859,0.6624705312441438,33,True,5,2023-10-04,True,33,2023-10-04,false_positive,,,-0.04386839073348592,not_a_failed_drive,2023-10-04,2023-12-22,80,3,0.0,repeated_nonpersistent_alerts,True
AAG23A2H,2023-10-01,2023-12-29,32,0,0.9443427190514693,0.5939162326288185,,0.9443427190514693,0.5939162326288185,32,True,12,2023-12-01,True,18,2023-11-10,false_positive,,,-0.24434271905146931,not_a_failed_drive,2023-12-01,2023-12-29,29,2,0.0,repeated_nonpersistent_alerts,True
AAG26UZH,2023-10-01,2023-12-30,34,0,0.9970814616601439,0.5453503577768809,,0.9970814616601439,0.5453503577768809,34,True,10,2023-12-08,True,23,2023-10-01,false_positive,,,-0.29708146166014393,not_a_failed_drive,2023-12-08,2023-12-30,23,3,0.0,repeated_nonpersistent_alerts,True
AAG27YWH,2023-10-03,2023-12-29,34,0,0.7334880095725052,0.4676860078742021,,0.7334880095725052,0.4676860078742021,34,True,11,2023-12-10,True,13,2023-10-31,false_positive,,,-0.033488009572505195,not_a_failed_drive,2023-12-10,2023-12-29,20,3,0.0,repeated_nonpersistent_alerts,True
AAG280UH,2023-10-05,2023-12-30,25,0,0.7624158212118606,0.631006534451707,,0.7624158212118606,0.631006534451707,25,True,5,2023-12-17,True,25,2023-10-05,false_positive,,,-0.06241582121186062,not_a_failed_drive,2023-12-17,2023-12-30,14,2,0.0,repeated_nonpersistent_alerts,True
AAG282KH,2023-10-07,2023-12-28,24,0,0.7294512919170537,0.4215367161903378,,0.7294512919170537,0.4215367161903378,24,True,4,2023-12-15,True,15,2023-10-07,false_positive,,,-0.029451291917053757,not_a_failed_drive,2023-12-15,2023-12-28,14,1,0.0,repeated_nonpersistent_alerts,True
AAG2S28H,2023-10-04,2023-10-14,4,0,0.9994270197542113,0.9976571763743791,,0.9994270197542113,0.9976571763743791,4,True,4,2023-10-04,True,4,2023-10-04,false_positive,,,-0.2994270197542114,not_a_failed_drive,2023-10-04,2023-10-14,11,2,0.0,repeated_nonpersistent_alerts,True
AAG2V1NH,2023-10-09,2023-12-28,28,0,0.9728215356588342,0.8583432445221134,,0.9728215356588342,0.8583432445221134,28,True,21,2023-10-23,True,28,2023-10-09,false_positive,,,-0.27282153565883427,not_a_failed_drive,2023-10-23,2023-12-28,67,3,0.0,repeated_nonpersistent_alerts,True
AAG2VS0H,2023-10-01,2023-10-18,10,0,0.9926822828762737,0.9901744566174706,,0.9926822828762737,0.9901744566174706,10,True,10,2023-10-01,True,10,2023-10-01,false_positive,,,-0.29268228287627374,not_a_failed_drive,2023-10-01,2023-10-18,18,5,0.0,repeated_nonpersistent_alerts,True
AAG2WP0H,2023-10-04,2023-12-29,24,0,0.9999999605158023,0.9999939367203586,,0.9999999605158023,0.9999939367203586,24,True,24,2023-10-04,True,24,2023-10-04,false_positive,,,-0.29999996051580236,not_a_failed_drive,2023-10-04,2023-12-29,87,4,0.0,repeated_nonpersistent_alerts,True
AAG2Y5PH,2023-10-03,2023-12-31,26,0,0.9999993969401288,0.9999871296405707,,0.9999993969401288,0.9999871296405707,26,True,26,2023-10-03,True,26,2023-10-03,false_positive,,,-0.2999993969401289,not_a_failed_drive,2023-10-03,2023-12-31,90,3,0.0,repeated_nonpersistent_alerts,True
AAG32PDH,2023-10-02,2023-12-26,27,0,0.8232835287291193,0.6784555580551195,,0.8232835287291193,0.6784555580551195,27,True,11,2023-11-17,True,27,2023-10-02,false_positive,,,-0.1232835287291193,not_a_failed_drive,2023-11-17,2023-12-26,40,3,0.0,repeated_nonpersistent_alerts,True
AAG34V7H,2023-10-02,2023-12-29,27,0,0.7075585964468766,0.49426303198015026,,0.7075585964468766,0.49426303198015026,27,True,3,2023-12-26,True,27,2023-10-02,false_positive,,,-0.00755859644687662,not_a_failed_drive,2023-12-26,2023-12-29,4,2,0.0,repeated_nonpersistent_alerts,True
AAG351NH,2023-10-03,2023-12-31,31,0,0.9999977434128609,0.5386953893806263,,0.9999977434128609,0.5386953893806263,31,True,5,2023-12-04,True,31,2023-10-03,false_positive,,,-0.2999977434128609,not_a_failed_drive,2023-12-04,2023-12-31,28,2,0.0,repeated_nonpersistent_alerts,True
AAG3586H,2023-10-03,2023-12-31,29,0,0.9999662239592121,0.9998487523742198,,0.9999662239592121,0.9998487523742198,29,True,29,2023-10-03,True,29,2023-10-03,false_positive,,,-0.29996622395921213,not_a_failed_drive,2023-10-03,2023-12-31,90,3,0.0,repeated_nonpersistent_alerts,True
AAG3W8WH,2023-10-04,2023-12-30,27,0,0.999999803814987,0.8217509329978004,,0.999999803814987,0.8217509329978004,27,True,19,2023-11-02,True,27,2023-10-04,false_positive,,,-0.29999980381498703,not_a_failed_drive,2023-11-02,2023-12-30,59,3,0.0,repeated_nonpersistent_alerts,True
AAG3ZSKH,2023-10-04,2023-12-29,33,0,0.8845053695437008,0.8128848090965648,,0.8845053695437008,0.8128848090965648,33,True,26,2023-10-19,True,33,2023-10-04,false_positive,,,-0.1845053695437009,not_a_failed_drive,2023-10-19,2023-12-29,72,3,0.0,repeated_nonpersistent_alerts,True
AAG43UAH,2023-10-02,2023-12-28,30,0,0.9177149631333472,0.7018364277723035,,0.9177149631333472,0.7018364277723035,30,True,17,2023-11-07,True,30,2023-10-02,false_positive,,,-0.21771496313334726,not_a_failed_drive,2023-11-07,2023-12-28,52,3,0.0,repeated_nonpersistent_alerts,True
AAG5Y55H,2023-10-05,2023-11-05,14,0,0.9840607503894566,0.9826639175144839,,0.9840607503894566,0.9826639175144839,14,True,14,2023-10-05,True,14,2023-10-05,false_positive,,,-0.28406075038945666,not_a_failed_drive,2023-10-05,2023-11-05,32,5,0.0,repeated_nonpersistent_alerts,True
AAG5Z01H,2023-10-01,2023-12-11,24,0,0.9999869034718785,0.8037478829899581,,0.9999869034718785,0.8037478829899581,24,True,22,2023-10-07,True,24,2023-10-01,false_positive,,,-0.2999869034718785,not_a_failed_drive,2023-10-07,2023-12-11,66,5,0.0,repeated_nonpersistent_alerts,True
AAG5ZP3H,2023-10-02,2023-11-10,10,0,0.9700500948557372,0.8367084229287531,,0.9700500948557372,0.8367084229287531,10,True,8,2023-10-10,True,10,2023-10-02,false_positive,,,-0.2700500948557373,not_a_failed_drive,2023-10-10,2023-11-10,32,2,0.0,repeated_nonpersistent_alerts,True
AAG61LHH,2023-10-01,2023-12-26,24,0,0.9999370694224117,0.5345217985132195,,0.9999370694224117,0.5345217985132195,24,True,2,2023-12-22,True,24,2023-10-01,false_positive,,,-0.2999370694224117,not_a_failed_drive,2023-12-22,2023-12-26,5,1,0.0,short_alert_burst,True
AAG61RTH,2023-10-04,2023-12-23,27,0,0.8944962793914946,0.6462858567100677,,0.8944962793914946,0.6462858567100677,27,True,19,2023-10-31,True,27,2023-10-04,false_positive,,,-0.1944962793914946,not_a_failed_drive,2023-10-31,2023-12-23,54,3,0.0,repeated_nonpersistent_alerts,True
AAG61VRH,2023-10-01,2023-12-30,44,0,0.9999999691521978,0.6041825208595164,,0.9999999691521978,0.6041825208595164,44,True,8,2023-12-15,True,44,2023-10-01,false_positive,,,-0.29999996915219784,not_a_failed_drive,2023-12-15,2023-12-30,16,5,0.0,repeated_nonpersistent_alerts,True
AAG6216H,2023-10-05,2023-12-30,22,0,0.8911233711113333,0.7485379682289474,,0.8911233711113333,0.7485379682289474,22,True,16,2023-10-29,True,22,2023-10-05,false_positive,,,-0.19112337111133337,not_a_failed_drive,2023-10-29,2023-12-30,63,4,0.0,repeated_nonpersistent_alerts,True
AAG636RH,2023-10-02,2023-11-25,21,0,0.8158346383876567,0.6598454895787516,,0.8158346383876567,0.6598454895787516,21,True,11,2023-10-25,True,21,2023-10-02,false_positive,,,-0.11583463838765673,not_a_failed_drive,2023-10-25,2023-11-25,32,4,0.0,repeated_nonpersistent_alerts,True
AAG637JH,2023-10-08,2023-12-30,26,0,0.8374023439443107,0.8065164577827283,,0.8374023439443107,0.8065164577827283,26,True,26,2023-10-08,True,26,2023-10-08,false_positive,,,-0.13740234394431072,not_a_failed_drive,2023-10-08,2023-12-30,84,3,0.0,repeated_nonpersistent_alerts,True
AAG63P4H,2023-10-03,2023-12-28,28,0,0.7101778538081028,0.606293143522367,,0.7101778538081028,0.606293143522367,28,True,19,2023-11-14,True,21,2023-11-07,false_positive,,,-0.010177853808102877,not_a_failed_drive,2023-11-14,2023-12-28,45,3,0.0,repeated_nonpersistent_alerts,True
AAG63W7H,2023-10-02,2023-12-27,33,0,0.9941753489033659,0.7559215378653605,,0.9941753489033659,0.7559215378653605,33,True,20,2023-11-04,True,33,2023-10-02,false_positive,,,-0.29417534890336594,not_a_failed_drive,2023-11-04,2023-12-27,54,3,0.0,repeated_nonpersistent_alerts,True
AAG63WXH,2023-10-02,2023-11-29,13,0,0.9998250555390717,0.6813478913265977,,0.9998250555390717,0.6813478913265977,13,True,4,2023-11-13,True,13,2023-10-02,false_positive,,,-0.2998250555390718,not_a_failed_drive,2023-11-13,2023-11-29,17,1,0.0,repeated_nonpersistent_alerts,True
AAG6417H,2023-10-04,2023-12-31,31,0,0.7615037583087209,0.49356230131485046,,0.7615037583087209,0.49356230131485046,31,True,6,2023-12-17,True,31,2023-10-04,false_positive,,,-0.0615037583087209,not_a_failed_drive,2023-12-17,2023-12-26,10,3,5.0,repeated_nonpersistent_alerts,True
AAG67VPH,2023-10-02,2023-12-26,26,0,0.9991325862790067,0.6801656952091144,,0.9991325862790067,0.6801656952091144,26,True,13,2023-11-21,True,26,2023-10-02,false_positive,,,-0.29913258627900674,not_a_failed_drive,2023-11-21,2023-12-26,36,5,0.0,repeated_nonpersistent_alerts,True
AAG686BH,2023-10-03,2023-12-31,31,0,0.7571642546612508,0.7135873884795458,,0.7571642546612508,0.7135873884795458,31,True,25,2023-10-28,True,31,2023-10-03,false_positive,,,-0.05716425466125086,not_a_failed_drive,2023-10-28,2023-12-31,65,5,0.0,repeated_nonpersistent_alerts,True
AAG68A6H,2023-10-05,2023-12-27,29,0,0.8570583207002499,0.6711505719414512,,0.8570583207002499,0.6711505719414512,29,True,10,2023-12-08,True,29,2023-10-05,false_positive,,,-0.15705832070024994,not_a_failed_drive,2023-12-08,2023-12-27,20,3,0.0,repeated_nonpersistent_alerts,True
AAG68AKH,2023-10-05,2023-12-31,36,0,0.9073762294204626,0.9050948411749677,,0.9073762294204626,0.9050948411749677,36,True,36,2023-10-05,True,36,2023-10-05,false_positive,,,-0.20737622942046263,not_a_failed_drive,2023-10-05,2023-12-31,88,3,0.0,repeated_nonpersistent_alerts,True
AAG68AMH,2023-10-01,2023-12-31,33,0,0.9999998747357036,0.9999997406726188,,0.9999998747357036,0.9999997406726188,33,True,33,2023-10-01,True,33,2023-10-01,false_positive,,,-0.29999987473570366,not_a_failed_drive,2023-10-01,2023-12-31,92,3,0.0,repeated_nonpersistent_alerts,True
AAG68EPH,2023-10-03,2023-12-29,33,0,0.9999993780336749,0.6345448191199475,,0.9999993780336749,0.6345448191199475,33,True,15,2023-12-03,True,27,2023-10-17,false_positive,,,-0.29999937803367493,not_a_failed_drive,2023-12-03,2023-12-29,27,6,0.0,repeated_nonpersistent_alerts,True
AAG68EYH,2023-10-01,2023-12-31,29,0,0.9481646882050756,0.9388821601591479,,0.9481646882050756,0.9388821601591479,29,True,29,2023-10-01,True,29,2023-10-01,false_positive,,,-0.24816468820507565,not_a_failed_drive,2023-10-01,2023-12-31,92,3,0.0,repeated_nonpersistent_alerts,True
AAG692TH,2023-10-02,2023-12-30,26,0,0.9279355477797201,0.7970101423367713,,0.9279355477797201,0.7970101423367713,26,True,26,2023-10-02,True,26,2023-10-02,false_positive,,,-0.22793554777972014,not_a_failed_drive,2023-10-02,2023-12-30,90,2,0.0,repeated_nonpersistent_alerts,True
AAG6AWGH,2023-10-05,2023-12-31,24,0,1.0,1.0,,1.0,1.0,24,True,24,2023-10-05,True,24,2023-10-05,false_positive,,,-0.30000000000000004,not_a_failed_drive,2023-10-05,2023-12-31,88,3,0.0,repeated_nonpersistent_alerts,True
AAG6AWUH,2023-10-01,2023-12-31,29,0,0.9388739491081879,0.7841967205371035,,0.9388739491081879,0.7841967205371035,29,True,29,2023-10-01,True,29,2023-10-01,false_positive,,,-0.23887394910818793,not_a_failed_drive,2023-10-01,2023-12-31,92,4,0.0,repeated_nonpersistent_alerts,True
AAG6AX7H,2023-10-02,2023-12-08,14,0,0.863923979836036,0.45610117881446416,,0.863923979836036,0.45610117881446416,14,True,1,2023-12-08,True,12,2023-10-17,false_positive,,,-0.16392397983603602,not_a_failed_drive,2023-12-08,2023-12-08,1,1,0.0,single_day_spike,True
AAG6DZLH,2023-10-02,2023-11-01,12,0,0.9070745879365618,0.6133899641222569,,0.9070745879365618,0.6133899641222569,12,True,3,2023-10-27,True,12,2023-10-02,false_positive,,,-0.20707458793656186,not_a_failed_drive,2023-10-27,2023-11-01,6,1,0.0,repeated_nonpersistent_alerts,True
AAG6E5UH,2023-10-01,2023-12-31,32,0,0.7864214786969908,0.7676653631103885,,0.7864214786969908,0.7676653631103885,32,True,32,2023-10-01,True,32,2023-10-01,false_positive,,,-0.0864214786969908,not_a_failed_drive,2023-10-01,2023-12-31,92,5,0.0,repeated_nonpersistent_alerts,True
AAG6J1TH,2023-10-08,2023-12-21,30,0,0.8048376366350837,0.7394914636153199,,0.8048376366350837,0.7394914636153199,30,True,26,2023-10-25,True,30,2023-10-08,false_positive,,,-0.10483763663508372,not_a_failed_drive,2023-10-25,2023-12-21,58,4,0.0,repeated_nonpersistent_alerts,True
AAG6J1ZH,2023-10-01,2023-12-29,32,0,0.9827370018572077,0.8171479323377828,,0.9827370018572077,0.8171479323377828,32,True,24,2023-11-03,True,32,2023-10-01,false_positive,,,-0.28273700185720774,not_a_failed_drive,2023-11-03,2023-12-29,57,4,0.0,repeated_nonpersistent_alerts,True
AAG6J2DH,2023-10-03,2023-12-31,33,0,0.7580539047538816,0.5421566040911164,,0.7580539047538816,0.5421566040911164,33,True,3,2023-11-20,True,33,2023-10-03,false_positive,,,-0.05805390475388161,not_a_failed_drive,2023-11-20,2023-11-28,9,1,33.0,repeated_nonpersistent_alerts,False
AAG6J2KH,2023-10-03,2023-10-18,6,0,0.9982029532043559,0.9954875535939287,,0.9982029532043559,0.9954875535939287,6,True,6,2023-10-03,True,6,2023-10-03,false_positive,,,-0.29820295320435597,not_a_failed_drive,2023-10-03,2023-10-18,16,2,0.0,repeated_nonpersistent_alerts,True
AAG6J3RH,2023-10-01,2023-12-06,24,0,0.9132069767982477,0.5946930357765432,,0.9132069767982477,0.5946930357765432,24,True,11,2023-11-06,True,12,2023-11-03,false_positive,,,-0.21320697679824774,not_a_failed_drive,2023-11-06,2023-12-06,31,3,0.0,repeated_nonpersistent_alerts,True
AAG6J3TH,2023-10-03,2023-12-31,29,0,0.9999998022781855,0.4409113757061321,,0.9999998022781855,0.4409113757061321,29,True,1,2023-12-31,True,20,2023-10-27,false_positive,,,-0.29999980227818557,not_a_failed_drive,2023-12-31,2023-12-31,1,1,0.0,single_day_spike,True
AAG6KGKH,2023-10-02,2023-12-31,29,0,0.94377784905699,0.8722437742619638,,0.94377784905699,0.8722437742619638,29,True,29,2023-10-02,True,29,2023-10-02,false_positive,,,-0.24377784905699007,not_a_failed_drive,2023-10-02,2023-12-31,91,4,0.0,repeated_nonpersistent_alerts,True
AAG6KNZH,2023-10-03,2023-12-30,35,0,0.9469861586923042,0.9053911491178117,,0.9469861586923042,0.9053911491178117,35,True,35,2023-10-03,True,35,2023-10-03,false_positive,,,-0.24698615869230423,not_a_failed_drive,2023-10-03,2023-12-30,89,5,0.0,repeated_nonpersistent_alerts,True
AAG6KTHH,2023-10-01,2023-12-23,27,0,0.992303311793853,0.9838321280557695,,0.992303311793853,0.9838321280557695,27,True,27,2023-10-01,True,27,2023-10-01,false_positive,,,-0.29230331179385305,not_a_failed_drive,2023-10-01,2023-12-23,84,4,0.0,repeated_nonpersistent_alerts,True
AAG6KVTH,2023-10-09,2023-12-30,26,0,0.7768316150081255,0.6063483117396214,,0.7768316150081255,0.6063483117396214,26,True,6,2023-11-04,True,19,2023-11-04,false_positive,,,-0.07683161500812552,not_a_failed_drive,2023-11-04,2023-11-10,7,5,50.0,repeated_nonpersistent_alerts,False
AAG6LALH,2023-10-04,2023-12-29,24,0,0.9995346503250155,0.9993842107251764,,0.9995346503250155,0.9993842107251764,24,True,24,2023-10-04,True,24,2023-10-04,false_positive,,,-0.2995346503250156,not_a_failed_drive,2023-10-04,2023-12-29,87,4,0.0,repeated_nonpersistent_alerts,True
AAG6LDPH,2023-10-02,2023-12-31,21,0,0.8450380318228281,0.8450380318228282,,0.8450380318228281,0.8450380318228282,21,True,21,2023-10-02,True,21,2023-10-02,false_positive,,,-0.14503803182282815,not_a_failed_drive,2023-10-02,2023-12-31,91,4,0.0,repeated_nonpersistent_alerts,True
AAG6LELH,2023-10-03,2023-12-26,22,0,1.0,1.0,,1.0,1.0,22,True,22,2023-10-03,True,22,2023-10-03,false_positive,,,-0.30000000000000004,not_a_failed_drive,2023-10-03,2023-12-26,85,3,0.0,repeated_nonpersistent_alerts,True
AAG6NS4H,2023-10-02,2023-12-30,26,0,0.9253922262544116,0.750970368156318,,0.9253922262544116,0.750970368156318,26,True,21,2023-10-15,True,26,2023-10-02,false_positive,,,-0.2253922262544117,not_a_failed_drive,2023-10-15,2023-12-30,77,3,0.0,repeated_nonpersistent_alerts,True
AAG6NS9H,2023-10-04,2023-12-29,28,0,0.7267385875174814,0.5960942767171489,,0.7267385875174814,0.5960942767171489,28,True,1,2023-11-28,True,28,2023-10-04,false_positive,,,-0.026738587517481482,not_a_failed_drive,2023-11-28,2023-11-28,1,1,31.0,single_day_spike,False
AAG6NTKH,2023-10-04,2023-12-16,27,0,0.7800119322209691,0.6469093157078882,,0.7800119322209691,0.6469093157078882,27,True,9,2023-12-08,True,27,2023-10-04,false_positive,,,-0.08001193222096914,not_a_failed_drive,2023-12-08,2023-12-16,9,9,0.0,persistent_7_plus_day_run,True
AAG6NVGH,2023-10-01,2023-12-29,23,0,0.7684783067704187,0.7677290315343631,,0.7684783067704187,0.7677290315343631,23,True,23,2023-10-01,True,23,2023-10-01,false_positive,,,-0.06847830677041877,not_a_failed_drive,2023-10-01,2023-12-29,90,2,0.0,repeated_nonpersistent_alerts,True
AAG6NVMH,2023-10-01,2023-12-25,32,0,0.9999999947974358,0.9999948222018695,,0.9999999947974358,0.9999948222018695,32,True,32,2023-10-01,True,32,2023-10-01,false_positive,,,-0.2999999947974359,not_a_failed_drive,2023-10-01,2023-12-25,86,5,0.0,repeated_nonpersistent_alerts,True
AAG6NVRH,2023-10-18,2023-12-30,21,0,0.9863113991926354,0.9853886834763741,,0.9863113991926354,0.9853886834763741,21,True,21,2023-10-18,True,21,2023-10-18,false_positive,,,-0.2863113991926355,not_a_failed_drive,2023-10-18,2023-12-30,74,3,0.0,repeated_nonpersistent_alerts,True
AAG6NVVH,2023-10-05,2023-12-29,26,0,0.7647578875599019,0.7133364551433632,,0.7647578875599019,0.7133364551433632,26,True,14,2023-10-05,True,26,2023-10-05,false_positive,,,-0.06475788755990197,not_a_failed_drive,2023-10-05,2023-11-10,37,2,49.0,repeated_nonpersistent_alerts,False
AAG6NW0H,2023-10-04,2023-12-28,30,0,0.7580773972884861,0.5559725674687294,,0.7580773972884861,0.5559725674687294,30,True,2,2023-11-23,True,30,2023-10-04,false_positive,,,-0.058077397288486154,not_a_failed_drive,2023-11-23,2023-11-24,2,2,34.0,short_alert_burst,False
AAG6NWBH,2023-10-02,2023-12-31,23,0,0.8919822196814272,0.7183216350474978,,0.8919822196814272,0.7183216350474978,23,True,17,2023-10-29,True,23,2023-10-02,false_positive,,,-0.19198221968142726,not_a_failed_drive,2023-10-29,2023-12-31,64,3,0.0,repeated_nonpersistent_alerts,True
AAG6P2XH,2023-10-04,2023-12-30,26,0,0.9996366087145699,0.9994239937915383,,0.9996366087145699,0.9994239937915383,26,True,26,2023-10-04,True,26,2023-10-04,false_positive,,,-0.29963660871457,not_a_failed_drive,2023-10-04,2023-12-30,88,3,0.0,repeated_nonpersistent_alerts,True
AAG6TBKH,2023-10-03,2023-12-30,33,0,0.8589673911986171,0.7527017683189458,,0.8589673911986171,0.7527017683189458,33,True,22,2023-11-01,True,33,2023-10-03,false_positive,,,-0.15896739119861714,not_a_failed_drive,2023-11-01,2023-12-30,60,4,0.0,repeated_nonpersistent_alerts,True
AAG6V1NH,2023-10-01,2023-12-31,31,0,0.9767755263505479,0.9763752297218197,,0.9767755263505479,0.9763752297218197,31,True,31,2023-10-01,True,31,2023-10-01,false_positive,,,-0.2767755263505479,not_a_failed_drive,2023-10-01,2023-12-31,92,4,0.0,repeated_nonpersistent_alerts,True
AAG6Z0VH,2023-10-01,2023-12-31,33,0,0.7101778538081028,0.7101778538081028,,0.7101778538081028,0.7101778538081028,33,True,33,2023-10-01,True,33,2023-10-01,false_positive,,,-0.010177853808102877,not_a_failed_drive,2023-10-01,2023-12-31,92,5,0.0,repeated_nonpersistent_alerts,True
AAG6Z44H,2023-10-01,2023-12-30,31,0,0.9999999999766382,0.9753255372423918,,0.9999999999766382,0.9753255372423918,31,True,31,2023-10-01,True,31,2023-10-01,false_positive,,,-0.2999999999766383,not_a_failed_drive,2023-10-01,2023-12-30,91,4,0.0,repeated_nonpersistent_alerts,True
AAG714HH,2023-10-02,2023-12-31,26,0,0.7360032612907305,0.7360032612907305,,0.7360032612907305,0.7360032612907305,26,True,26,2023-10-02,True,26,2023-10-02,false_positive,,,-0.036003261290730504,not_a_failed_drive,2023-10-02,2023-12-31,91,3,0.0,repeated_nonpersistent_alerts,True
AAG74EAH,2023-10-04,2023-12-26,29,0,0.7234386784150839,0.6842827650774631,,0.7234386784150839,0.6842827650774631,29,True,5,2023-12-13,True,28,2023-10-04,false_positive,,,-0.023438678415083958,not_a_failed_drive,2023-12-13,2023-12-26,14,2,0.0,repeated_nonpersistent_alerts,True
AAG74WAH,2023-10-02,2023-12-25,29,0,0.9999877497916735,0.9999853323671851,,0.9999877497916735,0.9999853323671851,29,True,29,2023-10-02,True,29,2023-10-02,false_positive,,,-0.29998774979167353,not_a_failed_drive,2023-10-02,2023-12-25,85,3,0.0,repeated_nonpersistent_alerts,True
AAG770VH,2023-10-02,2023-12-21,28,0,0.7197758215722077,0.700406810048153,,0.7197758215722077,0.700406810048153,28,True,14,2023-11-20,True,28,2023-10-02,false_positive,,,-0.019775821572207697,not_a_failed_drive,2023-11-20,2023-12-21,32,3,0.0,repeated_nonpersistent_alerts,True
AAG7LDAH,2023-10-03,2023-10-29,6,0,0.74641468862153,0.5794305141102597,,0.74641468862153,0.5794305141102597,6,True,1,2023-10-29,True,6,2023-10-03,false_positive,,,-0.04641468862153009,not_a_failed_drive,2023-10-29,2023-10-29,1,1,0.0,single_day_spike,True
AAG7MLSH,2023-10-03,2023-12-31,37,0,0.7033491874271341,0.522753083770569,,0.7033491874271341,0.522753083770569,37,True,10,2023-12-12,True,37,2023-10-03,false_positive,,,-0.0033491874271341926,not_a_failed_drive,2023-12-12,2023-12-31,20,5,0.0,repeated_nonpersistent_alerts,True
AAG7R6MH,2023-10-01,2023-12-18,31,0,0.9995633284382488,0.4563399523817826,,0.9995633284382488,0.4563399523817826,31,True,4,2023-12-10,True,26,2023-10-01,false_positive,,,-0.29956332843824884,not_a_failed_drive,2023-12-10,2023-12-18,9,1,0.0,repeated_nonpersistent_alerts,True
AAGA2PJH,2023-10-02,2023-12-31,30,0,0.9036686810714198,0.6975596940629397,,0.9036686810714198,0.6975596940629397,30,True,17,2023-10-26,True,30,2023-10-02,false_positive,,,-0.2036686810714199,not_a_failed_drive,2023-10-26,2023-12-31,67,3,0.0,repeated_nonpersistent_alerts,True
AAGA4YSH,2023-10-02,2023-12-24,28,0,0.9411275227166342,0.9298794361634226,,0.9411275227166342,0.9298794361634226,28,True,28,2023-10-02,True,28,2023-10-02,false_positive,,,-0.2411275227166343,not_a_failed_drive,2023-10-02,2023-12-24,84,4,0.0,repeated_nonpersistent_alerts,True
AAGXDBZH,2023-10-05,2023-12-24,33,0,0.9999945971610744,0.5872729371557087,,0.9999945971610744,0.5872729371557087,33,True,15,2023-11-20,True,16,2023-11-16,false_positive,,,-0.29999459716107446,not_a_failed_drive,2023-11-20,2023-12-24,35,3,0.0,repeated_nonpersistent_alerts,True
AAH007VH,2023-10-08,2023-10-17,5,0,1.0,1.0,,1.0,1.0,5,True,5,2023-10-08,True,5,2023-10-08,false_positive,,,-0.30000000000000004,not_a_failed_drive,2023-10-08,2023-10-17,10,2,0.0,repeated_nonpersistent_alerts,True
AAH5GT2H,2023-10-01,2023-12-30,21,0,0.7024129466287456,0.44145257536693205,,0.7024129466287456,0.44145257536693205,21,True,1,2023-12-16,True,11,2023-11-23,false_positive,,,-0.0024129466287456935,not_a_failed_drive,2023-12-16,2023-12-16,1,1,14.0,single_day_spike,False
AAH5NT7H,2023-10-04,2023-12-30,25,0,0.9735116991982069,0.8386700155088385,,0.9735116991982069,0.8386700155088385,25,True,25,2023-10-04,True,25,2023-10-04,false_positive,,,-0.27351169919820695,not_a_failed_drive,2023-10-04,2023-12-30,88,3,0.0,repeated_nonpersistent_alerts,True
AAH7ZJLH,2023-10-04,2023-12-30,27,0,1.0,1.0,,1.0,1.0,27,True,27,2023-10-04,True,27,2023-10-04,false_positive,,,-0.30000000000000004,not_a_failed_drive,2023-10-04,2023-12-30,88,3,0.0,repeated_nonpersistent_alerts,True
AAH8ZH0H,2023-10-05,2023-12-31,26,0,1.0,1.0,,1.0,1.0,26,True,26,2023-10-05,True,26,2023-10-05,false_positive,,,-0.30000000000000004,not_a_failed_drive,2023-10-05,2023-12-31,88,5,0.0,repeated_nonpersistent_alerts,True
AAH9184H,2023-10-01,2023-12-31,34,0,0.999999999952869,0.9999165914044328,,0.999999999952869,0.9999165914044328,34,True,34,2023-10-01,True,34,2023-10-01,false_positive,,,-0.2999999999528691,not_a_failed_drive,2023-10-01,2023-12-31,92,3,0.0,repeated_nonpersistent_alerts,True
AAH9301H,2023-10-02,2023-12-21,28,0,0.8043427956231259,0.4929954748866611,,0.8043427956231259,0.4929954748866611,28,True,2,2023-12-17,True,28,2023-10-02,false_positive,,,-0.10434279562312598,not_a_failed_drive,2023-12-17,2023-12-21,5,1,0.0,short_alert_burst,True
AAH93D9H,2023-10-05,2023-12-28,24,0,0.8117506935882365,0.5489606534427444,,0.8117506935882365,0.5489606534427444,24,True,4,2023-12-02,True,24,2023-10-05,false_positive,,,-0.11175069358823653,not_a_failed_drive,2023-12-02,2023-12-14,13,2,14.0,repeated_nonpersistent_alerts,False
AAH965RH,2023-10-05,2023-10-06,2,0,1.0,1.0,,1.0,1.0,2,True,2,2023-10-05,True,2,2023-10-05,false_positive,,,-0.30000000000000004,not_a_failed_drive,2023-10-05,2023-10-06,2,2,0.0,short_alert_burst,True
AAH96A3H,2023-10-03,2023-12-31,26,0,1.0,1.0,,1.0,1.0,26,True,26,2023-10-03,True,26,2023-10-03,false_positive,,,-0.30000000000000004,not_a_failed_drive,2023-10-03,2023-12-31,90,4,0.0,repeated_nonpersistent_alerts,True
AAHBLEGH,2023-10-02,2023-12-23,29,0,0.999999999989529,0.9999926853076213,,0.999999999989529,0.9999926853076213,29,True,29,2023-10-02,True,29,2023-10-02,false_positive,,,-0.2999999999895291,not_a_failed_drive,2023-10-02,2023-12-23,83,5,0.0,repeated_nonpersistent_alerts,True
AAHDYU4H,2023-10-01,2023-12-29,25,0,0.999999884320553,0.9999997095607247,,0.999999884320553,0.9999997095607247,25,True,25,2023-10-01,True,25,2023-10-01,false_positive,,,-0.299999884320553,not_a_failed_drive,2023-10-01,2023-12-29,90,3,0.0,repeated_nonpersistent_alerts,True
AAHED16H,2023-10-01,2023-12-29,32,0,0.891643542615811,0.891643542615811,,0.891643542615811,0.891643542615811,32,True,32,2023-10-01,True,32,2023-10-01,false_positive,,,-0.19164354261581107,not_a_failed_drive,2023-10-01,2023-12-29,90,4,0.0,repeated_nonpersistent_alerts,True
AAHEG91H,2023-10-02,2023-12-31,33,0,0.9999989239170755,0.9999989239170755,,0.9999989239170755,0.9999989239170755,33,True,33,2023-10-02,True,33,2023-10-02,false_positive,,,-0.2999989239170755,not_a_failed_drive,2023-10-02,2023-12-31,91,3,0.0,repeated_nonpersistent_alerts,True
AAHEGJSH,2023-10-04,2023-12-30,32,0,0.8584939461797214,0.7332809167144212,,0.8584939461797214,0.7332809167144212,32,True,20,2023-10-05,True,32,2023-10-04,false_positive,,,-0.15849394617972146,not_a_failed_drive,2023-10-05,2023-12-30,87,5,0.0,repeated_nonpersistent_alerts,True
AAHEHLUH,2023-10-03,2023-12-31,29,0,0.992584901391177,0.992584901391177,,0.992584901391177,0.992584901391177,29,True,29,2023-10-03,True,29,2023-10-03,false_positive,,,-0.2925849013911771,not_a_failed_drive,2023-10-03,2023-12-31,90,3,0.0,repeated_nonpersistent_alerts,True
AAHH3AWH,2023-10-01,2023-11-21,18,0,0.9036000331129753,0.7119798024367265,,0.9036000331129753,0.7119798024367265,18,True,9,2023-10-01,True,18,2023-10-01,false_positive,,,-0.20360003311297536,not_a_failed_drive,2023-10-01,2023-11-02,33,3,19.0,repeated_nonpersistent_alerts,False
AAHKWMNH,2023-10-09,2023-12-30,32,0,0.9935053482709535,0.9543113312805835,,0.9935053482709535,0.9543113312805835,32,True,32,2023-10-09,True,32,2023-10-09,false_positive,,,-0.29350534827095354,not_a_failed_drive,2023-10-09,2023-12-30,83,5,0.0,repeated_nonpersistent_alerts,True
AAHKXGEH,2023-10-03,2023-12-28,36,0,1.0,1.0,,1.0,1.0,36,True,36,2023-10-03,True,36,2023-10-03,false_positive,,,-0.30000000000000004,not_a_failed_drive,2023-10-03,2023-12-28,87,5,0.0,repeated_nonpersistent_alerts,True
AAHKY85H,2023-10-02,2023-12-22,23,0,0.7761644027062463,0.6119641177571503,,0.7761644027062463,0.6119641177571503,23,True,3,2023-12-14,True,23,2023-10-02,false_positive,,,-0.07616440270624636,not_a_failed_drive,2023-12-14,2023-12-22,9,2,0.0,repeated_nonpersistent_alerts,True
AAHL9ZAH,2023-10-06,2023-12-27,24,0,0.8426954123754232,0.5270560010964149,,0.8426954123754232,0.5270560010964149,24,True,6,2023-12-06,True,24,2023-10-06,false_positive,,,-0.14269541237542327,not_a_failed_drive,2023-12-06,2023-12-27,22,2,0.0,repeated_nonpersistent_alerts,True
AAHLY20H,2023-10-02,2023-12-30,31,0,0.896826647943308,0.896826647943308,,0.896826647943308,0.896826647943308,31,True,31,2023-10-02,True,31,2023-10-02,false_positive,,,-0.19682664794330806,not_a_failed_drive,2023-10-02,2023-12-30,90,4,0.0,repeated_nonpersistent_alerts,True
AAHLY29H,2023-10-05,2023-12-31,26,0,1.0,0.5964960835010961,,1.0,0.5964960835010961,26,True,1,2023-12-31,True,26,2023-10-05,false_positive,,,-0.30000000000000004,not_a_failed_drive,2023-12-31,2023-12-31,1,1,0.0,single_day_spike,True
AAHM4DNH,2023-10-03,2023-12-24,25,0,0.9999992992689569,0.9999965871209783,,0.9999992992689569,0.9999965871209783,25,True,25,2023-10-03,True,25,2023-10-03,false_positive,,,-0.29999929926895696,not_a_failed_drive,2023-10-03,2023-12-24,83,5,0.0,repeated_nonpersistent_alerts,True
AAHMH2KH,2023-10-02,2023-12-27,28,0,0.9198515591203559,0.8083197718950744,,0.9198515591203559,0.8083197718950744,28,True,21,2023-10-22,True,28,2023-10-02,false_positive,,,-0.21985155912035592,not_a_failed_drive,2023-10-22,2023-12-27,67,5,0.0,repeated_nonpersistent_alerts,True
N8G1JXWY,2023-10-09,2023-12-30,25,0,0.8001736762993036,0.8000959865665539,,0.8001736762993036,0.8000959865665539,25,True,25,2023-10-09,True,25,2023-10-09,false_positive,,,-0.10017367629930363,not_a_failed_drive,2023-10-09,2023-12-30,83,3,0.0,repeated_nonpersistent_alerts,True
N8G27D2N,2023-10-01,2023-11-02,11,0,0.9859970303577907,0.9779682155804257,,0.9859970303577907,0.9779682155804257,11,True,11,2023-10-01,True,11,2023-10-01,false_positive,,,-0.2859970303577908,not_a_failed_drive,2023-10-01,2023-11-02,33,2,0.0,repeated_nonpersistent_alerts,True
PL1331LAGRZ5EH,2023-10-11,2023-10-28,4,0,0.8041516754195164,0.8041516754195164,,0.8041516754195164,0.8041516754195164,4,True,4,2023-10-11,True,4,2023-10-11,false_positive,,,-0.10415167541951642,not_a_failed_drive,2023-10-11,2023-10-28,18,3,0.0,repeated_nonpersistent_alerts,True
PL1331LAGSM9RH,2023-10-02,2023-12-19,32,0,0.9715543464432767,0.9401730780588514,,0.9715543464432767,0.9401730780588514,32,True,32,2023-10-02,True,32,2023-10-02,false_positive,,,-0.2715543464432767,not_a_failed_drive,2023-10-02,2023-12-19,79,4,0.0,repeated_nonpersistent_alerts,True
PL1331LAGZ5E2H,2023-10-01,2023-12-28,37,0,0.9975971238217903,0.8015332350119763,,0.9975971238217903,0.8015332350119763,37,True,25,2023-10-29,True,37,2023-10-01,false_positive,,,-0.2975971238217904,not_a_failed_drive,2023-10-29,2023-12-28,61,3,0.0,repeated_nonpersistent_alerts,True
PL1331LAH18BNH,2023-10-05,2023-12-31,30,0,0.9144822815194276,0.9144404050300795,,0.9144822815194276,0.9144404050300795,30,True,30,2023-10-05,True,30,2023-10-05,false_positive,,,-0.2144822815194276,not_a_failed_drive,2023-10-05,2023-12-31,88,3,0.0,repeated_nonpersistent_alerts,True
PL1331LAH1940H,2023-10-03,2023-12-30,22,0,0.8041516754195164,0.8041516754195164,,0.8041516754195164,0.8041516754195164,22,True,22,2023-10-03,True,22,2023-10-03,false_positive,,,-0.10415167541951642,not_a_failed_drive,2023-10-03,2023-12-30,89,4,0.0,repeated_nonpersistent_alerts,True
PL1331LAH2LDZH,2023-10-01,2023-12-29,25,0,0.9995362360315057,0.8841588381712809,,0.9995362360315057,0.8841588381712809,25,True,25,2023-10-01,True,25,2023-10-01,false_positive,,,-0.2995362360315057,not_a_failed_drive,2023-10-01,2023-12-29,90,3,0.0,repeated_nonpersistent_alerts,True
PL1331LAH3DSNH,2023-10-04,2023-12-31,25,0,0.7456619649496332,0.7432386512054724,,0.7456619649496332,0.7432386512054724,25,True,25,2023-10-04,True,25,2023-10-04,false_positive,,,-0.04566196494963326,not_a_failed_drive,2023-10-04,2023-12-31,89,3,0.0,repeated_nonpersistent_alerts,True
PL1331LAHBRGGH,2023-10-01,2023-12-29,22,0,0.7429779845668699,0.6837965350448184,,0.7429779845668699,0.6837965350448184,22,True,15,2023-10-01,True,22,2023-10-01,false_positive,,,-0.042977984566869964,not_a_failed_drive,2023-10-01,2023-11-25,56,3,34.0,repeated_nonpersistent_alerts,False
PL1331LAHBXMUH,2023-10-02,2023-12-18,38,0,0.9436096536546094,0.8886251087495299,,0.9436096536546094,0.8886251087495299,38,True,38,2023-10-02,True,38,2023-10-02,false_positive,,,-0.2436096536546094,not_a_failed_drive,2023-10-02,2023-12-18,78,5,0.0,repeated_nonpersistent_alerts,True
PL1331LAHBZGLH,2023-10-05,2023-12-31,35,0,0.9953996029013554,0.9881329113095021,,0.9953996029013554,0.9881329113095021,35,True,35,2023-10-05,True,35,2023-10-05,false_positive,,,-0.2953996029013555,not_a_failed_drive,2023-10-05,2023-12-31,88,5,0.0,repeated_nonpersistent_alerts,True
PL1331LAHD0A9H,2023-10-04,2023-12-31,34,0,0.8021652023491624,0.8021652023491624,,0.8021652023491624,0.8021652023491624,34,True,34,2023-10-04,True,34,2023-10-04,false_positive,,,-0.10216520234916249,not_a_failed_drive,2023-10-04,2023-12-31,89,3,0.0,repeated_nonpersistent_alerts,True
PL1331LAHD0E0H,2023-10-06,2023-12-31,26,0,0.8840243664708101,0.8840222136049933,,0.8840243664708101,0.8840222136049933,26,True,26,2023-10-06,True,26,2023-10-06,false_positive,,,-0.1840243664708101,not_a_failed_drive,2023-10-06,2023-12-31,87,4,0.0,repeated_nonpersistent_alerts,True
PL1331LAHD166H,2023-10-02,2023-12-30,30,0,0.9954864623630725,0.9938614616551772,,0.9954864623630725,0.9938614616551772,30,True,30,2023-10-02,True,30,2023-10-02,false_positive,,,-0.2954864623630725,not_a_failed_drive,2023-10-02,2023-12-30,90,3,0.0,repeated_nonpersistent_alerts,True
PL1331LAHD4JUH,2023-10-07,2023-12-26,23,0,0.8041516754195164,0.5431955077155582,,0.8041516754195164,0.5431955077155582,23,True,10,2023-10-07,True,10,2023-10-07,false_positive,,,-0.10415167541951642,not_a_failed_drive,2023-10-07,2023-10-27,21,3,60.0,repeated_nonpersistent_alerts,False
PL2331LAG9WE1J,2023-10-02,2023-12-30,30,0,0.9954193714911518,0.9269893371939747,,0.9954193714911518,0.9269893371939747,30,True,28,2023-10-12,True,29,2023-10-09,false_positive,,,-0.2954193714911518,not_a_failed_drive,2023-10-12,2023-12-30,80,5,0.0,repeated_nonpersistent_alerts,True
PL2331LAGUJBRJ,2023-10-01,2023-12-31,30,0,0.847111847402676,0.847111847402676,,0.847111847402676,0.847111847402676,30,True,30,2023-10-01,True,30,2023-10-01,false_positive,,,-0.14711184740267602,not_a_failed_drive,2023-10-01,2023-12-31,92,3,0.0,repeated_nonpersistent_alerts,True
PL2331LAH3NUKJ,2023-10-02,2023-12-29,33,0,0.9999968457904737,0.6977980135842223,,0.9999968457904737,0.6977980135842223,33,True,18,2023-11-10,True,18,2023-11-10,false_positive,,,-0.2999968457904737,not_a_failed_drive,2023-11-10,2023-12-29,50,3,0.0,repeated_nonpersistent_alerts,True
PL2331LAH3UVHJ,2023-10-01,2023-12-26,26,0,1.0,0.9963297966364194,,1.0,0.9963297966364194,26,True,26,2023-10-01,True,26,2023-10-01,false_positive,,,-0.30000000000000004,not_a_failed_drive,2023-10-01,2023-12-26,87,3,0.0,repeated_nonpersistent_alerts,True
PL2331LAH470DJ,2023-10-02,2023-12-28,25,0,0.7375204972074509,0.7375204972074509,,0.7375204972074509,0.7375204972074509,25,True,25,2023-10-02,True,25,2023-10-02,false_positive,,,-0.03752049720745099,not_a_failed_drive,2023-10-02,2023-12-28,88,3,0.0,repeated_nonpersistent_alerts,True
PL2331LAHA79EJ,2023-10-03,2023-12-30,25,0,0.9819088932422086,0.981899671808466,,0.9819088932422086,0.981899671808466,25,True,25,2023-10-03,True,25,2023-10-03,false_positive,,,-0.2819088932422087,not_a_failed_drive,2023-10-03,2023-12-30,89,4,0.0,repeated_nonpersistent_alerts,True
PL2331LAHAT06J,2023-10-01,2023-12-23,24,0,0.9339367474657048,0.9339367474657049,,0.9339367474657048,0.9339367474657049,24,True,24,2023-10-01,True,24,2023-10-01,false_positive,,,-0.2339367474657048,not_a_failed_drive,2023-10-01,2023-12-23,84,3,0.0,repeated_nonpersistent_alerts,True
PL2331LAHAWYHJ,2023-10-08,2023-12-30,27,0,0.9878067971371587,0.6129844601877624,,0.9878067971371587,0.6129844601877624,27,True,4,2023-11-10,True,27,2023-10-08,false_positive,,,-0.28780679713715873,not_a_failed_drive,2023-11-10,2023-11-15,6,2,45.0,repeated_nonpersistent_alerts,False
PL2331LAHB5BJJ,2023-10-06,2023-12-30,27,0,0.8021652023491624,0.8021652023491624,,0.8021652023491624,0.8021652023491624,27,True,27,2023-10-06,True,27,2023-10-06,false_positive,,,-0.10216520234916249,not_a_failed_drive,2023-10-06,2023-12-30,86,3,0.0,repeated_nonpersistent_alerts,True
PL2331LAHBUGSJ,2023-10-01,2023-12-31,28,0,0.9715543464432767,0.9715543464432767,,0.9715543464432767,0.9715543464432767,28,True,28,2023-10-01,True,28,2023-10-01,false_positive,,,-0.2715543464432767,not_a_failed_drive,2023-10-01,2023-12-31,92,2,0.0,repeated_nonpersistent_alerts,True
PL2331LAHDMELJ,2023-10-12,2023-12-29,22,0,0.8628953070462098,0.460822429083842,,0.8628953070462098,0.460822429083842,22,True,2,2023-11-19,True,22,2023-10-12,false_positive,,,-0.1628953070462098,not_a_failed_drive,2023-11-19,2023-11-20,2,2,39.0,short_alert_burst,False
PL2331LAHDMW6J,2023-10-01,2023-12-30,33,0,0.9960967842550501,0.9960967842550501,,0.9960967842550501,0.9960967842550501,33,True,33,2023-10-01,True,33,2023-10-01,false_positive,,,-0.29609678425505015,not_a_failed_drive,2023-10-01,2023-12-30,91,3,0.0,repeated_nonpersistent_alerts,True
PL2331LAHDTA3J,2023-10-07,2023-12-31,24,0,0.9369912222707788,0.9369912222707789,,0.9369912222707788,0.9369912222707789,24,True,24,2023-10-07,True,24,2023-10-07,false_positive,,,-0.23699122227077885,not_a_failed_drive,2023-10-07,2023-12-31,86,3,0.0,repeated_nonpersistent_alerts,True
QGGL169T,2023-10-03,2023-12-25,25,0,0.7375204972074509,0.40951865139967564,,0.7375204972074509,0.40951865139967564,25,True,4,2023-10-03,True,4,2023-10-03,false_positive,,,-0.03752049720745099,not_a_failed_drive,2023-10-03,2023-10-13,11,1,73.0,repeated_nonpersistent_alerts,False
QGK24XPT,2023-10-21,2023-12-31,22,0,0.9995554677410153,0.5761970098755186,,0.9995554677410153,0.5761970098755186,22,True,8,2023-12-12,True,8,2023-12-12,false_positive,,,-0.2995554677410154,not_a_failed_drive,2023-12-12,2023-12-31,20,2,0.0,repeated_nonpersistent_alerts,True
QGK6MU7T,2023-10-03,2023-12-28,28,0,0.8041516754195164,0.3589489827157856,,0.8041516754195164,0.3589489827157856,28,True,1,2023-12-28,True,1,2023-12-28,false_positive,,,-0.10415167541951642,not_a_failed_drive,2023-12-28,2023-12-28,1,1,0.0,single_day_spike,True
QGK6MV4T,2023-10-01,2023-12-31,34,0,0.8659616167873122,0.3623044477953536,,0.8659616167873122,0.3623044477953536,34,True,1,2023-12-31,True,1,2023-12-31,false_positive,,,-0.16596161678731225,not_a_failed_drive,2023-12-31,2023-12-31,1,1,0.0,single_day_spike,True
QGK6RZZT,2023-10-03,2023-12-29,25,0,0.9839183438101565,0.37175074682393683,,0.9839183438101565,0.37175074682393683,25,True,1,2023-12-03,True,2,2023-12-03,false_positive,,,-0.28391834381015657,not_a_failed_drive,2023-12-03,2023-12-03,1,1,26.0,single_day_spike,False
QGK6SUZT,2023-10-07,2023-12-26,26,0,0.8848205017164626,0.8251469185114764,,0.8848205017164626,0.8251469185114764,26,True,23,2023-10-07,True,26,2023-10-07,false_positive,,,-0.1848205017164627,not_a_failed_drive,2023-10-07,2023-12-14,69,3,12.0,repeated_nonpersistent_alerts,False
QGK71E5T,2023-10-10,2023-12-30,22,0,0.8021652023491624,0.35606629229977316,,0.8021652023491624,0.35606629229977316,22,True,1,2023-12-30,True,1,2023-12-30,false_positive,,,-0.10216520234916249,not_a_failed_drive,2023-12-30,2023-12-30,1,1,0.0,single_day_spike,True
QGK7XZGT,2023-10-01,2023-12-31,43,0,0.8023555209681975,0.6124771584319589,,0.8023555209681975,0.6124771584319589,43,True,6,2023-10-01,True,42,2023-10-01,false_positive,,,-0.10235552096819756,not_a_failed_drive,2023-10-01,2023-10-08,8,3,84.0,repeated_nonpersistent_alerts,False
QGK9JV2T,2023-10-06,2023-12-27,30,0,0.9999999992652466,0.5616399937492199,,0.9999999992652466,0.5616399937492199,30,True,10,2023-12-16,True,10,2023-12-16,false_positive,,,-0.2999999992652467,not_a_failed_drive,2023-12-16,2023-12-27,12,5,0.0,repeated_nonpersistent_alerts,True
QGKAA2AT,2023-10-03,2023-12-26,27,0,0.9999927371961843,0.9998268869389348,,0.9999927371961843,0.9998268869389348,27,True,27,2023-10-03,True,27,2023-10-03,false_positive,,,-0.29999273719618436,not_a_failed_drive,2023-10-03,2023-12-26,85,3,0.0,repeated_nonpersistent_alerts,True
QGKAXG7T,2023-10-15,2023-12-31,19,0,0.8047857475666029,0.7076178957492483,,0.8047857475666029,0.7076178957492483,19,True,15,2023-11-04,True,15,2023-11-04,false_positive,,,-0.10478574756660297,not_a_failed_drive,2023-11-04,2023-12-31,58,2,0.0,repeated_nonpersistent_alerts,True
S2ZYJ9KG828980,2023-10-06,2023-12-31,25,0,0.7197758215722077,0.42573452904190306,,0.7197758215722077,0.42573452904190306,25,True,1,2023-12-31,True,9,2023-12-05,false_positive,,,-0.019775821572207697,not_a_failed_drive,2023-12-31,2023-12-31,1,1,0.0,single_day_spike,True
S300WE93,2023-10-02,2023-11-30,20,0,0.9197357027083434,0.9197357027083435,,0.9197357027083434,0.9197357027083435,20,True,20,2023-10-02,True,20,2023-10-02,false_positive,,,-0.21973570270834342,not_a_failed_drive,2023-10-02,2023-11-30,60,6,0.0,repeated_nonpersistent_alerts,True
S300WPV5,2023-10-01,2023-12-30,31,0,0.9174721067673285,0.5507312524018844,,0.9174721067673285,0.5507312524018844,31,True,11,2023-10-01,True,11,2023-10-01,false_positive,,,-0.21747210676732853,not_a_failed_drive,2023-10-01,2023-10-22,22,3,69.0,repeated_nonpersistent_alerts,False
S300X0XG,2023-10-01,2023-12-29,31,0,0.8004559063859187,0.8004559063859186,,0.8004559063859187,0.8004559063859186,31,True,31,2023-10-01,True,31,2023-10-01,false_positive,,,-0.10045590638591873,not_a_failed_drive,2023-10-01,2023-12-29,90,3,0.0,repeated_nonpersistent_alerts,True
S300XBXV,2023-10-01,2023-12-31,23,0,0.9530999007354972,0.6876042891535981,,0.9530999007354972,0.6876042891535981,23,True,13,2023-11-08,True,13,2023-11-08,false_positive,,,-0.25309990073549726,not_a_failed_drive,2023-11-08,2023-12-31,54,2,0.0,repeated_nonpersistent_alerts,True
S300XC8L,2023-10-02,2023-12-26,23,0,0.8133502075057817,0.8133502075057817,,0.8133502075057817,0.8133502075057817,23,True,23,2023-10-02,True,23,2023-10-02,false_positive,,,-0.11335020750578173,not_a_failed_drive,2023-10-02,2023-12-26,86,2,0.0,repeated_nonpersistent_alerts,True
S300XE27,2023-10-04,2023-12-28,33,0,0.9986492016354125,0.9986492016354124,,0.9986492016354125,0.9986492016354124,33,True,33,2023-10-04,True,33,2023-10-04,false_positive,,,-0.29864920163541253,not_a_failed_drive,2023-10-04,2023-12-28,86,4,0.0,repeated_nonpersistent_alerts,True
S300XE7K,2023-10-02,2023-12-26,30,0,0.9987404617206981,0.9987404617206981,,0.9987404617206981,0.9987404617206981,30,True,30,2023-10-02,True,30,2023-10-02,false_positive,,,-0.2987404617206981,not_a_failed_drive,2023-10-02,2023-12-26,86,4,0.0,repeated_nonpersistent_alerts,True
S300YQ5Z,2023-10-03,2023-12-27,26,0,0.99999999999998,0.7964555265334426,,0.99999999999998,0.7964555265334426,26,True,18,2023-11-02,True,18,2023-11-02,false_positive,,,-0.29999999999998006,not_a_failed_drive,2023-11-02,2023-12-27,56,3,0.0,repeated_nonpersistent_alerts,True
S300YRPZ,2023-10-07,2023-12-29,29,0,0.8133502075057817,0.8133502075057817,,0.8133502075057817,0.8133502075057817,29,True,29,2023-10-07,True,29,2023-10-07,false_positive,,,-0.11335020750578173,not_a_failed_drive,2023-10-07,2023-12-29,84,4,0.0,repeated_nonpersistent_alerts,True
S300Z3W6,2023-10-01,2023-12-31,29,0,0.8270950220474867,0.8255036901920737,,0.8270950220474867,0.8255036901920737,29,True,29,2023-10-01,True,29,2023-10-01,false_positive,,,-0.1270950220474868,not_a_failed_drive,2023-10-01,2023-12-31,92,2,0.0,repeated_nonpersistent_alerts,True
S300Z44D,2023-10-05,2023-12-30,34,0,0.808694106429589,0.808694106429589,,0.808694106429589,0.808694106429589,34,True,34,2023-10-05,True,34,2023-10-05,false_positive,,,-0.1086941064295891,not_a_failed_drive,2023-10-05,2023-12-30,87,3,0.0,repeated_nonpersistent_alerts,True
S300Z4G9,2023-10-01,2023-12-22,27,0,0.8569701126733451,0.8569701126733451,,0.8569701126733451,0.8569701126733451,27,True,27,2023-10-01,True,27,2023-10-01,false_positive,,,-0.15697011267334515,not_a_failed_drive,2023-10-01,2023-12-22,83,4,0.0,repeated_nonpersistent_alerts,True
S300Z5F8,2023-10-01,2023-12-29,21,0,0.9743608633389658,0.9742958591621215,,0.9743608633389658,0.9742958591621215,21,True,21,2023-10-01,True,21,2023-10-01,false_positive,,,-0.2743608633389658,not_a_failed_drive,2023-10-01,2023-12-29,90,3,0.0,repeated_nonpersistent_alerts,True
S300Z6SW,2023-10-04,2023-12-27,24,0,0.9197357027083434,0.9197357027083434,,0.9197357027083434,0.9197357027083434,24,True,24,2023-10-04,True,24,2023-10-04,false_positive,,,-0.21973570270834342,not_a_failed_drive,2023-10-04,2023-12-27,85,3,0.0,repeated_nonpersistent_alerts,True
S300Z81B,2023-10-02,2023-12-31,25,0,0.8069973051953248,0.8069973051953248,,0.8069973051953248,0.8069973051953248,25,True,25,2023-10-02,True,25,2023-10-02,false_positive,,,-0.1069973051953248,not_a_failed_drive,2023-10-02,2023-12-31,91,3,0.0,repeated_nonpersistent_alerts,True
S300ZQP6,2023-10-05,2023-12-19,20,0,0.9836931054868042,0.9836931054868042,,0.9836931054868042,0.9836931054868042,20,True,20,2023-10-05,True,20,2023-10-05,false_positive,,,-0.28369310548680426,not_a_failed_drive,2023-10-05,2023-12-19,76,2,0.0,repeated_nonpersistent_alerts,True
S300ZTGK,2023-10-01,2023-12-25,17,0,0.847472142260778,0.847472142260778,,0.847472142260778,0.847472142260778,17,True,17,2023-10-01,True,17,2023-10-01,false_positive,,,-0.1474721422607781,not_a_failed_drive,2023-10-01,2023-12-25,86,2,0.0,repeated_nonpersistent_alerts,True
S300ZV48,2023-10-01,2023-12-28,35,0,0.9995229655644067,0.9995229655644067,,0.9995229655644067,0.9995229655644067,35,True,35,2023-10-01,True,35,2023-10-01,false_positive,,,-0.2995229655644067,not_a_failed_drive,2023-10-01,2023-12-28,89,3,0.0,repeated_nonpersistent_alerts,True
S3010BVC,2023-10-03,2023-12-29,33,0,0.847472142260778,0.847472142260778,,0.847472142260778,0.847472142260778,33,True,33,2023-10-03,True,33,2023-10-03,false_positive,,,-0.1474721422607781,not_a_failed_drive,2023-10-03,2023-12-29,88,3,0.0,repeated_nonpersistent_alerts,True
S30114YM,2023-10-01,2023-10-31,14,0,0.812053609226527,0.805349605090098,,0.812053609226527,0.805349605090098,14,True,14,2023-10-01,True,14,2023-10-01,false_positive,,,-0.11205360922652707,not_a_failed_drive,2023-10-01,2023-10-31,31,3,0.0,repeated_nonpersistent_alerts,True
S30115VH,2023-10-01,2023-11-02,11,0,0.8569701126733451,0.856970112673345,,0.8569701126733451,0.856970112673345,11,True,11,2023-10-01,True,11,2023-10-01,false_positive,,,-0.15697011267334515,not_a_failed_drive,2023-10-01,2023-11-02,33,2,0.0,repeated_nonpersistent_alerts,True
S301F89W,2023-10-01,2023-10-28,13,0,0.9168084185897288,0.9168084185897288,,0.9168084185897288,0.9168084185897288,13,True,13,2023-10-01,True,13,2023-10-01,false_positive,,,-0.21680841858972888,not_a_failed_drive,2023-10-01,2023-10-28,28,4,0.0,repeated_nonpersistent_alerts,True
S301F8AV,2023-10-01,2023-10-28,10,0,0.9961811181455639,0.9961811181455639,,0.9961811181455639,0.9961811181455639,10,True,10,2023-10-01,True,10,2023-10-01,false_positive,,,-0.2961811181455639,not_a_failed_drive,2023-10-01,2023-10-28,28,3,0.0,repeated_nonpersistent_alerts,True
S301GM09,2023-10-01,2023-10-15,5,0,1.0,0.9999999835010346,,1.0,0.9999999835010346,5,True,5,2023-10-01,True,5,2023-10-01,false_positive,,,-0.30000000000000004,not_a_failed_drive,2023-10-01,2023-10-15,15,2,0.0,repeated_nonpersistent_alerts,True
S301GM3L,2023-10-02,2023-12-31,29,0,0.9997721189070206,0.9259376065595069,,0.9997721189070206,0.9259376065595069,29,True,29,2023-10-02,True,29,2023-10-02,false_positive,,,-0.2997721189070206,not_a_failed_drive,2023-10-02,2023-12-31,91,3,0.0,repeated_nonpersistent_alerts,True
S301GMGX,2023-10-01,2023-10-22,5,0,0.9969791792430844,0.9969791792430843,,0.9969791792430844,0.9969791792430843,5,True,5,2023-10-01,True,5,2023-10-01,false_positive,,,-0.2969791792430845,not_a_failed_drive,2023-10-01,2023-10-22,22,2,0.0,repeated_nonpersistent_alerts,True
S301GNYN,2023-10-06,2023-12-05,25,0,0.8133502075057817,0.631247684591875,,0.8133502075057817,0.631247684591875,25,True,4,2023-10-06,True,25,2023-10-06,false_positive,,,-0.11335020750578173,not_a_failed_drive,2023-10-06,2023-10-12,7,2,54.0,repeated_nonpersistent_alerts,False
S301GQ3T,2023-10-01,2023-12-29,30,0,0.847472142260778,0.8474721422607782,,0.847472142260778,0.8474721422607782,30,True,30,2023-10-01,True,30,2023-10-01,false_positive,,,-0.1474721422607781,not_a_failed_drive,2023-10-01,2023-12-29,90,4,0.0,repeated_nonpersistent_alerts,True
S301GQNV,2023-10-02,2023-10-25,10,0,0.8004559063859187,0.8004559063859187,,0.8004559063859187,0.8004559063859187,10,True,10,2023-10-02,True,10,2023-10-02,false_positive,,,-0.10045590638591873,not_a_failed_drive,2023-10-02,2023-10-25,24,3,0.0,repeated_nonpersistent_alerts,True
S301GQPP,2023-10-01,2023-12-28,26,0,0.9168084185897288,0.9168084185897288,,0.9168084185897288,0.9168084185897288,26,True,26,2023-10-01,True,26,2023-10-01,false_positive,,,-0.21680841858972888,not_a_failed_drive,2023-10-01,2023-12-28,89,2,0.0,repeated_nonpersistent_alerts,True
S301GRM3,2023-10-01,2023-12-30,22,0,0.9530999007354972,0.9530999007354972,,0.9530999007354972,0.9530999007354972,22,True,22,2023-10-01,True,22,2023-10-01,false_positive,,,-0.25309990073549726,not_a_failed_drive,2023-10-01,2023-12-30,91,5,0.0,repeated_nonpersistent_alerts,True
S301GTW5,2023-10-05,2023-10-22,6,0,0.8017113184617869,0.8017113184617869,,0.8017113184617869,0.8017113184617869,6,True,6,2023-10-05,True,6,2023-10-05,false_positive,,,-0.10171131846178694,not_a_failed_drive,2023-10-05,2023-10-22,18,1,0.0,repeated_nonpersistent_alerts,True
S301GV85,2023-10-04,2023-10-28,7,0,0.9277545232589338,0.9277545232589338,,0.9277545232589338,0.9277545232589338,7,True,7,2023-10-04,True,7,2023-10-04,false_positive,,,-0.22775452325893386,not_a_failed_drive,2023-10-04,2023-10-28,25,1,0.0,repeated_nonpersistent_alerts,True
S301GV8P,2023-10-02,2023-12-23,30,0,0.9925090760948035,0.9924672685068597,,0.9925090760948035,0.9924672685068597,30,True,30,2023-10-02,True,30,2023-10-02,false_positive,,,-0.2925090760948036,not_a_failed_drive,2023-10-02,2023-12-23,83,4,0.0,repeated_nonpersistent_alerts,True
S301JZP8,2023-10-02,2023-12-31,34,0,0.9197357027083434,0.9197357027083434,,0.9197357027083434,0.9197357027083434,34,True,34,2023-10-02,True,34,2023-10-02,false_positive,,,-0.21973570270834342,not_a_failed_drive,2023-10-02,2023-12-31,91,9,0.0,persistent_7_plus_day_run,True
S301KP4K,2023-10-03,2023-12-31,39,0,0.8487452887135842,0.8487452887135842,,0.8487452887135842,0.8487452887135842,39,True,39,2023-10-03,True,39,2023-10-03,false_positive,,,-0.14874528871358428,not_a_failed_drive,2023-10-03,2023-12-31,90,3,0.0,repeated_nonpersistent_alerts,True
S301LDTC,2023-10-01,2023-12-26,25,0,1.0,0.46729562167437605,,1.0,0.46729562167437605,25,True,5,2023-12-22,True,5,2023-12-22,false_positive,,,-0.30000000000000004,not_a_failed_drive,2023-12-22,2023-12-26,5,5,0.0,repeated_nonpersistent_alerts,True
S301LN73,2023-10-08,2023-12-30,25,0,0.9174721067673285,0.6436657080027157,,0.9174721067673285,0.6436657080027157,25,True,13,2023-11-25,True,13,2023-11-25,false_positive,,,-0.21747210676732853,not_a_failed_drive,2023-11-25,2023-12-30,36,3,0.0,repeated_nonpersistent_alerts,True
S301MHZB,2023-10-03,2023-12-30,38,0,0.8569701126733451,0.8569701126733451,,0.8569701126733451,0.8569701126733451,38,True,38,2023-10-03,True,38,2023-10-03,false_positive,,,-0.15697011267334515,not_a_failed_drive,2023-10-03,2023-12-30,89,5,0.0,repeated_nonpersistent_alerts,True
S301NG7W,2023-10-01,2023-12-29,34,0,0.999998863551924,0.9998312859133838,,0.999998863551924,0.9998312859133838,34,True,34,2023-10-01,True,34,2023-10-01,false_positive,,,-0.29999886355192407,not_a_failed_drive,2023-10-01,2023-12-29,90,3,0.0,repeated_nonpersistent_alerts,True
S301NGZ7,2023-10-02,2023-11-26,15,0,0.8017113184617869,0.459326908766649,,0.8017113184617869,0.459326908766649,15,True,4,2023-11-22,True,4,2023-11-22,false_positive,,,-0.10171131846178694,not_a_failed_drive,2023-11-22,2023-11-26,5,2,0.0,repeated_nonpersistent_alerts,True
S301NGZ8,2023-10-09,2023-11-29,24,0,0.9957602690807132,0.6775254884088423,,0.9957602690807132,0.6775254884088423,24,True,12,2023-10-17,True,14,2023-10-17,false_positive,,,-0.2957602690807133,not_a_failed_drive,2023-10-17,2023-11-29,44,3,0.0,repeated_nonpersistent_alerts,True
S301PRLH,2023-10-01,2023-12-28,28,0,0.8004559063859187,0.5413623080745662,,0.8004559063859187,0.5413623080745662,28,True,12,2023-10-28,True,12,2023-10-28,false_positive,,,-0.10045590638591873,not_a_failed_drive,2023-10-28,2023-11-28,32,2,30.0,repeated_nonpersistent_alerts,False
S301PRYL,2023-10-04,2023-12-01,15,0,0.8569701126733451,0.8569701126733451,,0.8569701126733451,0.8569701126733451,15,True,15,2023-10-04,True,15,2023-10-04,false_positive,,,-0.15697011267334515,not_a_failed_drive,2023-10-04,2023-12-01,59,2,0.0,repeated_nonpersistent_alerts,True
S301PVG0,2023-10-02,2023-12-29,28,0,0.9701277584715279,0.9701277584715279,,0.9701277584715279,0.9701277584715279,28,True,28,2023-10-02,True,28,2023-10-02,false_positive,,,-0.2701277584715279,not_a_failed_drive,2023-10-02,2023-12-29,89,3,0.0,repeated_nonpersistent_alerts,True
VKG635TX,2023-10-02,2023-12-30,28,0,0.9700719509096637,0.9700719509096637,,0.9700719509096637,0.9700719509096637,28,True,28,2023-10-02,True,28,2023-10-02,false_positive,,,-0.27007195090966374,not_a_failed_drive,2023-10-02,2023-12-30,90,4,0.0,repeated_nonpersistent_alerts,True
VKGAGRBX,2023-10-01,2023-10-10,5,0,0.847111847402676,0.847111847402676,,0.847111847402676,0.847111847402676,5,True,5,2023-10-01,True,5,2023-10-01,false_positive,,,-0.14711184740267602,not_a_failed_drive,2023-10-01,2023-10-10,10,2,0.0,repeated_nonpersistent_alerts,True
VKGD3EVX,2023-10-01,2023-12-30,31,0,0.9214736623977364,0.9214736623977364,,0.9214736623977364,0.9214736623977364,31,True,31,2023-10-01,True,31,2023-10-01,false_positive,,,-0.22147366239773647,not_a_failed_drive,2023-10-01,2023-12-30,91,4,0.0,repeated_nonpersistent_alerts,True
VKGH5B1X,2023-10-02,2023-12-29,24,0,0.8021652023491624,0.8021652023491624,,0.8021652023491624,0.8021652023491624,24,True,24,2023-10-02,True,24,2023-10-02,false_positive,,,-0.10216520234916249,not_a_failed_drive,2023-10-02,2023-12-29,89,3,0.0,repeated_nonpersistent_alerts,True
VKGH63YX,2023-10-03,2023-12-31,24,0,0.793252452678265,0.7898854069532448,,0.793252452678265,0.7898854069532448,24,True,24,2023-10-03,True,24,2023-10-03,false_positive,,,-0.0932524526782651,not_a_failed_drive,2023-10-03,2023-12-31,90,3,0.0,repeated_nonpersistent_alerts,True
VKGJ8TNX,2023-10-03,2023-12-28,24,0,0.8026124463738525,0.523488008730837,,0.8026124463738525,0.523488008730837,24,True,1,2023-12-28,True,17,2023-10-28,false_positive,,,-0.10261244637385258,not_a_failed_drive,2023-12-28,2023-12-28,1,1,0.0,single_day_spike,True
VKGK3BLX,2023-10-01,2023-12-29,35,0,0.9702929408183534,0.9702929408183534,,0.9702929408183534,0.9702929408183534,35,True,35,2023-10-01,True,35,2023-10-01,false_positive,,,-0.2702929408183534,not_a_failed_drive,2023-10-01,2023-12-29,90,4,0.0,repeated_nonpersistent_alerts,True
VKGK481X,2023-10-03,2023-12-31,28,0,0.9998337815691748,0.9998337815691748,,0.9998337815691748,0.9998337815691748,28,True,28,2023-10-03,True,28,2023-10-03,false_positive,,,-0.29983378156917484,not_a_failed_drive,2023-10-03,2023-12-31,90,3,0.0,repeated_nonpersistent_alerts,True
VKGK621X,2023-10-07,2023-10-07,1,0,1.0,1.0,,1.0,1.0,1,True,1,2023-10-07,True,1,2023-10-07,false_positive,,,-0.30000000000000004,not_a_failed_drive,2023-10-07,2023-10-07,1,1,0.0,single_day_spike,True
VKGK73SX,2023-10-03,2023-12-30,28,0,0.9085898833174663,0.9073164228679073,,0.9085898833174663,0.9073164228679073,28,True,28,2023-10-03,True,28,2023-10-03,false_positive,,,-0.2085898833174663,not_a_failed_drive,2023-10-03,2023-12-30,89,3,0.0,repeated_nonpersistent_alerts,True
VKGKS1PX,2023-10-06,2023-12-29,33,0,0.9369267399501178,0.7074761270112859,,0.9369267399501178,0.7074761270112859,33,True,16,2023-11-17,True,33,2023-10-06,false_positive,,,-0.23692673995011782,not_a_failed_drive,2023-11-17,2023-12-29,43,3,0.0,repeated_nonpersistent_alerts,True
VKGL5Z2X,2023-10-01,2023-12-28,21,0,1.0,1.0,,1.0,1.0,21,True,21,2023-10-01,True,21,2023-10-01,false_positive,,,-0.30000000000000004,not_a_failed_drive,2023-10-01,2023-12-28,89,2,0.0,repeated_nonpersistent_alerts,True
VKGX7BAX,2023-10-03,2023-12-24,20,0,0.8021652023491624,0.8021652023491624,,0.8021652023491624,0.8021652023491624,20,True,20,2023-10-03,True,20,2023-10-03,false_positive,,,-0.10216520234916249,not_a_failed_drive,2023-10-03,2023-12-24,83,3,0.0,repeated_nonpersistent_alerts,True
VKGZAUXX,2023-10-02,2023-12-26,25,0,0.9984306952035161,0.9968960503841263,,0.9984306952035161,0.9968960503841263,25,True,25,2023-10-02,True,25,2023-10-02,false_positive,,,-0.29843069520351617,not_a_failed_drive,2023-10-02,2023-12-26,86,3,0.0,repeated_nonpersistent_alerts,True
VKH03U9X,2023-10-01,2023-12-31,31,0,0.9999642346052446,0.895745024393956,,0.9999642346052446,0.895745024393956,31,True,31,2023-10-01,True,31,2023-10-01,false_positive,,,-0.2999642346052447,not_a_failed_drive,2023-10-01,2023-12-31,92,4,0.0,repeated_nonpersistent_alerts,True
VKH16LAX,2023-10-05,2023-12-31,30,0,0.999972883081326,0.9999645883314803,,0.999972883081326,0.9999645883314803,30,True,30,2023-10-05,True,30,2023-10-05,false_positive,,,-0.2999728830813261,not_a_failed_drive,2023-10-05,2023-12-31,88,4,0.0,repeated_nonpersistent_alerts,True
VKH9SMRX,2023-10-06,2023-12-31,28,0,0.979645881341772,0.8033198384566173,,0.979645881341772,0.8033198384566173,28,True,25,2023-10-06,True,28,2023-10-06,false_positive,,,-0.27964588134177204,not_a_failed_drive,2023-10-06,2023-12-31,87,4,0.0,repeated_nonpersistent_alerts,True
VKH9SWEX,2023-10-01,2023-12-23,22,0,0.9999999999448783,0.9999999998750543,,0.9999999999448783,0.9999999998750543,22,True,22,2023-10-01,True,22,2023-10-01,false_positive,,,-0.29999999994487836,not_a_failed_drive,2023-10-01,2023-12-23,84,3,0.0,repeated_nonpersistent_alerts,True
W30169YP,2023-10-01,2023-12-29,26,0,0.9530999007354972,0.6114836796640345,,0.9530999007354972,0.6114836796640345,26,True,10,2023-11-29,True,13,2023-11-13,false_positive,,,-0.25309990073549726,not_a_failed_drive,2023-11-29,2023-12-29,31,3,0.0,repeated_nonpersistent_alerts,True
X0GB69RC,2023-10-01,2023-12-31,34,0,0.989327747141428,0.7708317098104083,,0.989327747141428,0.7708317098104083,34,True,16,2023-10-01,True,34,2023-10-01,false_positive,,,-0.28932774714142806,not_a_failed_drive,2023-10-01,2023-11-06,37,3,55.0,repeated_nonpersistent_alerts,False
X0GDJYNC,2023-10-02,2023-12-30,28,0,0.9999793710216253,0.994615006180403,,0.9999793710216253,0.994615006180403,28,True,28,2023-10-02,True,28,2023-10-02,false_positive,,,-0.2999793710216253,not_a_failed_drive,2023-10-02,2023-12-30,90,3,0.0,repeated_nonpersistent_alerts,True
X0GE706C,2023-10-05,2023-12-31,27,0,0.8021652023491624,0.8021652023491624,,0.8021652023491624,0.8021652023491624,27,True,27,2023-10-05,True,27,2023-10-05,false_positive,,,-0.10216520234916249,not_a_failed_drive,2023-10-05,2023-12-31,88,3,0.0,repeated_nonpersistent_alerts,True
X0GE8M5C,2023-10-06,2023-12-31,30,0,0.9999999999999964,0.8497364794781324,,0.9999999999999964,0.8497364794781324,30,True,20,2023-11-07,True,30,2023-10-06,false_positive,,,-0.2999999999999965,not_a_failed_drive,2023-11-07,2023-12-31,55,4,0.0,repeated_nonpersistent_alerts,True
X0GEPRUC,2023-10-03,2023-12-26,24,0,0.9369267399501178,0.49530003643596965,,0.9369267399501178,0.49530003643596965,24,True,5,2023-11-18,True,8,2023-11-18,false_positive,,,-0.23692673995011782,not_a_failed_drive,2023-11-18,2023-12-17,30,1,9.0,repeated_nonpersistent_alerts,False
X0GEV8XC,2023-10-02,2023-12-30,26,0,0.8711654154778873,0.8661570428972721,,0.8711654154778873,0.8661570428972721,26,True,26,2023-10-02,True,26,2023-10-02,false_positive,,,-0.17116541547788733,not_a_failed_drive,2023-10-02,2023-12-30,90,3,0.0,repeated_nonpersistent_alerts,True
X0GEWT5C,2023-10-04,2023-12-29,33,0,0.9951054805514925,0.4943585461132185,,0.9951054805514925,0.4943585461132185,33,True,8,2023-11-07,True,8,2023-11-07,false_positive,,,-0.29510548055149255,not_a_failed_drive,2023-11-07,2023-11-28,22,3,31.0,repeated_nonpersistent_alerts,False
X0GG781C,2023-10-05,2023-12-26,24,0,0.948485105199252,0.910470133525536,,0.948485105199252,0.910470133525536,24,True,24,2023-10-05,True,24,2023-10-05,false_positive,,,-0.24848510519925204,not_a_failed_drive,2023-10-05,2023-12-26,83,3,0.0,repeated_nonpersistent_alerts,True
X1G90HUL,2023-10-07,2023-12-31,27,0,0.7460440940129982,0.5156144857293236,,0.7460440940129982,0.5156144857293236,27,True,11,2023-10-07,True,27,2023-10-07,false_positive,,,-0.04604409401299825,not_a_failed_drive,2023-10-07,2023-10-31,25,3,61.0,repeated_nonpersistent_alerts,False
Y5HX8A7C,2023-10-01,2023-12-28,29,0,0.7010757820869504,0.6162661174949595,,0.7010757820869504,0.6162661174949595,29,True,19,2023-10-01,True,29,2023-10-01,false_positive,,,-0.001075782086950472,not_a_failed_drive,2023-10-01,2023-12-05,66,2,23.0,repeated_nonpersistent_alerts,False
Y5HXZPMC,2023-10-03,2023-12-31,28,0,0.8021652023491624,0.43496814033571957,,0.8021652023491624,0.43496814033571957,28,True,6,2023-11-25,True,6,2023-11-25,false_positive,,,-0.10216520234916249,not_a_failed_drive,2023-11-25,2023-12-24,30,1,7.0,repeated_nonpersistent_alerts,True
Y5HYAU2C,2023-10-03,2023-12-29,26,0,1.0,0.9999999999997272,,1.0,0.9999999999997272,26,True,26,2023-10-03,True,26,2023-10-03,false_positive,,,-0.30000000000000004,not_a_failed_drive,2023-10-03,2023-12-29,88,3,0.0,repeated_nonpersistent_alerts,True
Y76BK0PBFZ1D,2023-10-02,2023-12-31,30,0,0.9877064555323382,0.9790581792841364,,0.9877064555323382,0.9790581792841364,30,True,30,2023-10-02,True,30,2023-10-02,false_positive,,,-0.2877064555323382,not_a_failed_drive,2023-10-02,2023-12-31,91,3,0.0,repeated_nonpersistent_alerts,True
Y7GGP8SWT,2023-10-01,2023-12-31,25,0,0.9999979476692044,0.36497742046084214,,0.9999979476692044,0.36497742046084214,25,True,1,2023-11-20,True,1,2023-11-20,false_positive,,,-0.2999979476692044,not_a_failed_drive,2023-11-20,2023-11-20,1,1,41.0,single_day_spike,False
Z301YY80,2023-10-01,2023-11-02,7,0,0.9168084185897288,0.9168084185897288,,0.9168084185897288,0.9168084185897288,7,True,7,2023-10-01,True,7,2023-10-01,false_positive,,,-0.21680841858972888,not_a_failed_drive,2023-10-01,2023-11-02,33,2,0.0,repeated_nonpersistent_alerts,True
Z301ZQNH,2023-10-01,2023-12-30,36,0,0.924891543218989,0.9247523603258632,,0.924891543218989,0.9247523603258632,36,True,36,2023-10-01,True,36,2023-10-01,false_positive,,,-0.22489154321898908,not_a_failed_drive,2023-10-01,2023-12-30,91,3,0.0,repeated_nonpersistent_alerts,True
Z3021864,2023-10-03,2023-12-29,25,0,0.8133502075057817,0.8133502075057817,,0.8133502075057817,0.8133502075057817,25,True,25,2023-10-03,True,25,2023-10-03,false_positive,,,-0.11335020750578173,not_a_failed_drive,2023-10-03,2023-12-29,88,2,0.0,repeated_nonpersistent_alerts,True
Z3026ZFL,2023-10-05,2023-12-28,29,0,0.9994230345789501,0.9994230345789501,,0.9994230345789501,0.9994230345789501,29,True,29,2023-10-05,True,29,2023-10-05,false_positive,,,-0.29942303457895014,not_a_failed_drive,2023-10-05,2023-12-28,85,2,0.0,repeated_nonpersistent_alerts,True
Z3029BH4,2023-10-01,2023-11-02,13,0,0.8121753911874467,0.5551397505030741,,0.8121753911874467,0.5551397505030741,13,True,6,2023-10-19,True,6,2023-10-19,false_positive,,,-0.1121753911874468,not_a_failed_drive,2023-10-19,2023-11-02,15,2,0.0,repeated_nonpersistent_alerts,True
Z302BMJP,2023-10-01,2023-12-31,24,0,0.9999698432858221,0.9999698432858221,,0.9999698432858221,0.9999698432858221,24,True,24,2023-10-01,True,24,2023-10-01,false_positive,,,-0.2999698432858221,not_a_failed_drive,2023-10-01,2023-12-31,92,4,0.0,repeated_nonpersistent_alerts,True
Z302FZFE,2023-10-01,2023-11-02,8,0,1.0,0.42465249483498785,,1.0,0.42465249483498785,8,True,1,2023-11-02,True,1,2023-11-02,false_positive,,,-0.30000000000000004,not_a_failed_drive,2023-11-02,2023-11-02,1,1,0.0,single_day_spike,True
Z302G04T,2023-10-01,2023-11-01,14,0,0.9482070277297714,0.9482070277297714,,0.9482070277297714,0.9482070277297714,14,True,14,2023-10-01,True,14,2023-10-01,false_positive,,,-0.24820702772977143,not_a_failed_drive,2023-10-01,2023-11-01,32,3,0.0,repeated_nonpersistent_alerts,True
Z302SQ1H,2023-10-01,2023-12-30,27,0,0.8133502075057817,0.8133502075057817,,0.8133502075057817,0.8133502075057817,27,True,27,2023-10-01,True,27,2023-10-01,false_positive,,,-0.11335020750578173,not_a_failed_drive,2023-10-01,2023-12-30,91,4,0.0,repeated_nonpersistent_alerts,True
Z302SWCM,2023-10-01,2023-10-26,10,0,0.9995368277126243,0.9995368277126243,,0.9995368277126243,0.9995368277126243,10,True,10,2023-10-01,True,10,2023-10-01,false_positive,,,-0.29953682771262435,not_a_failed_drive,2023-10-01,2023-10-26,26,2,0.0,repeated_nonpersistent_alerts,True
Z302SWL7,2023-10-08,2023-12-31,23,0,0.8017113184617869,0.8017113184617869,,0.8017113184617869,0.8017113184617869,23,True,23,2023-10-08,True,23,2023-10-08,false_positive,,,-0.10171131846178694,not_a_failed_drive,2023-10-08,2023-12-31,85,4,0.0,repeated_nonpersistent_alerts,True
Z302SWQF,2023-10-07,2023-12-28,23,0,0.9998903875591905,0.7785545367640434,,0.9998903875591905,0.7785545367640434,23,True,13,2023-11-18,True,23,2023-10-07,false_positive,,,-0.2998903875591905,not_a_failed_drive,2023-11-18,2023-12-28,41,2,0.0,repeated_nonpersistent_alerts,True
Z302SWRQ,2023-10-02,2023-10-26,9,0,0.8017113184617869,0.8017113184617869,,0.8017113184617869,0.8017113184617869,9,True,9,2023-10-02,True,9,2023-10-02,false_positive,,,-0.10171131846178694,not_a_failed_drive,2023-10-02,2023-10-26,25,3,0.0,repeated_nonpersistent_alerts,True
Z302SXAA,2023-10-05,2023-10-26,9,0,0.9530999007354972,0.9530999007354972,,0.9530999007354972,0.9530999007354972,9,True,9,2023-10-05,True,9,2023-10-05,false_positive,,,-0.25309990073549726,not_a_failed_drive,2023-10-05,2023-10-26,22,3,0.0,repeated_nonpersistent_alerts,True
Z302SXNN,2023-10-03,2023-10-27,6,0,1.0,0.889137247843221,,1.0,0.889137247843221,6,True,5,2023-10-16,True,5,2023-10-16,false_positive,,,-0.30000000000000004,not_a_failed_drive,2023-10-16,2023-10-27,12,2,0.0,repeated_nonpersistent_alerts,True
Z302SXQ5,2023-10-01,2023-11-28,20,0,0.9280351919922845,0.9280351919922845,,0.9280351919922845,0.9280351919922845,20,True,20,2023-10-01,True,20,2023-10-01,false_positive,,,-0.2280351919922845,not_a_failed_drive,2023-10-01,2023-11-28,59,7,0.0,persistent_7_plus_day_run,True
Z302SYML,2023-10-07,2023-10-19,5,0,0.9999930431765762,0.999582371287986,,0.9999930431765762,0.999582371287986,5,True,5,2023-10-07,True,5,2023-10-07,false_positive,,,-0.29999304317657627,not_a_failed_drive,2023-10-07,2023-10-19,13,2,0.0,repeated_nonpersistent_alerts,True
Z302SZDR,2023-10-01,2023-12-31,21,0,0.9680267104609315,0.9680267104609315,,0.9680267104609315,0.9680267104609315,21,True,21,2023-10-01,True,21,2023-10-01,false_positive,,,-0.2680267104609315,not_a_failed_drive,2023-10-01,2023-12-31,92,2,0.0,repeated_nonpersistent_alerts,True
Z302SZLM,2023-10-01,2023-12-28,33,0,0.9168084185897288,0.9168084185897288,,0.9168084185897288,0.9168084185897288,33,True,33,2023-10-01,True,33,2023-10-01,false_positive,,,-0.21680841858972888,not_a_failed_drive,2023-10-01,2023-12-28,89,4,0.0,repeated_nonpersistent_alerts,True
Z302SZN3,2023-10-02,2023-12-31,24,0,0.9530999007354972,0.9530999007354972,,0.9530999007354972,0.9530999007354972,24,True,24,2023-10-02,True,24,2023-10-02,false_positive,,,-0.25309990073549726,not_a_failed_drive,2023-10-02,2023-12-31,91,5,0.0,repeated_nonpersistent_alerts,True
Z302T68N,2023-10-04,2023-10-22,7,0,0.9984095999882057,0.9984095999882057,,0.9984095999882057,0.9984095999882057,7,True,7,2023-10-04,True,7,2023-10-04,false_positive,,,-0.2984095999882057,not_a_failed_drive,2023-10-04,2023-10-22,19,3,0.0,repeated_nonpersistent_alerts,True
Z302T6SR,2023-10-02,2023-12-31,27,0,0.9949941674685379,0.9949941674685379,,0.9949941674685379,0.9949941674685379,27,True,27,2023-10-02,True,27,2023-10-02,false_positive,,,-0.2949941674685379,not_a_failed_drive,2023-10-02,2023-12-31,91,3,0.0,repeated_nonpersistent_alerts,True
Z302T6WT,2023-10-04,2023-10-26,6,0,0.9701277584715279,0.9701277584715279,,0.9701277584715279,0.9701277584715279,6,True,6,2023-10-04,True,6,2023-10-04,false_positive,,,-0.2701277584715279,not_a_failed_drive,2023-10-04,2023-10-26,23,2,0.0,repeated_nonpersistent_alerts,True
Z302T8YL,2023-10-03,2023-10-28,6,0,0.9486902501645724,0.9486902501645723,,0.9486902501645724,0.9486902501645723,6,True,6,2023-10-03,True,6,2023-10-03,false_positive,,,-0.24869025016457247,not_a_failed_drive,2023-10-03,2023-10-28,26,1,0.0,repeated_nonpersistent_alerts,True
Z303C5MH,2023-10-02,2023-12-31,26,0,0.9996283178850027,0.8225488636978415,,0.9996283178850027,0.8225488636978415,26,True,19,2023-10-29,True,19,2023-10-29,false_positive,,,-0.29962831788500277,not_a_failed_drive,2023-10-29,2023-12-31,64,5,0.0,repeated_nonpersistent_alerts,True
Z303M9JM,2023-10-04,2023-11-07,13,0,0.8133502075057817,0.5553029180527298,,0.8133502075057817,0.5553029180527298,13,True,6,2023-10-28,True,6,2023-10-28,false_positive,,,-0.11335020750578173,not_a_failed_drive,2023-10-28,2023-11-07,11,3,0.0,repeated_nonpersistent_alerts,True
Z303QN30,2023-10-02,2023-12-24,28,0,0.9963767647672875,0.9825807552914446,,0.9963767647672875,0.9825807552914446,28,True,28,2023-10-02,True,28,2023-10-02,false_positive,,,-0.2963767647672876,not_a_failed_drive,2023-10-02,2023-12-24,84,3,0.0,repeated_nonpersistent_alerts,True
Z303QN3Z,2023-10-03,2023-12-26,33,0,0.8569701126733451,0.7179641980791176,,0.8569701126733451,0.7179641980791176,33,True,12,2023-10-03,True,33,2023-10-03,false_positive,,,-0.15697011267334515,not_a_failed_drive,2023-10-03,2023-12-26,85,5,0.0,repeated_nonpersistent_alerts,True
Z303QPYE,2023-10-04,2023-12-30,27,0,0.8133502075057817,0.8133502075057817,,0.8133502075057817,0.8133502075057817,27,True,27,2023-10-04,True,27,2023-10-04,false_positive,,,-0.11335020750578173,not_a_failed_drive,2023-10-04,2023-12-30,88,4,0.0,repeated_nonpersistent_alerts,True
Z303QR7W,2023-10-01,2023-12-31,27,0,0.8569701126733451,0.8569701126733451,,0.8569701126733451,0.8569701126733451,27,True,27,2023-10-01,True,27,2023-10-01,false_positive,,,-0.15697011267334515,not_a_failed_drive,2023-10-01,2023-12-31,92,3,0.0,repeated_nonpersistent_alerts,True
Z303TRCV,2023-10-03,2023-12-28,34,0,0.9997889891680087,0.8918477389374184,,0.9997889891680087,0.8918477389374184,34,True,28,2023-10-23,True,29,2023-10-18,false_positive,,,-0.2997889891680088,not_a_failed_drive,2023-10-23,2023-12-28,67,4,0.0,repeated_nonpersistent_alerts,True
Z303XY64,2023-10-02,2023-12-30,27,0,0.9999573211310493,0.9999573211310493,,0.9999573211310493,0.9999573211310493,27,True,27,2023-10-02,True,27,2023-10-02,false_positive,,,-0.29995732113104934,not_a_failed_drive,2023-10-02,2023-12-30,90,3,0.0,repeated_nonpersistent_alerts,True
Z303XYVF,2023-10-14,2023-12-31,19,0,0.9197357027083434,0.9197357027083434,,0.9197357027083434,0.9197357027083434,19,True,19,2023-10-14,True,19,2023-10-14,false_positive,,,-0.21973570270834342,not_a_failed_drive,2023-10-14,2023-12-31,79,2,0.0,repeated_nonpersistent_alerts,True
Z303XYWL,2023-10-02,2023-12-30,24,0,0.9996497613412124,0.8662819563838636,,0.9996497613412124,0.8662819563838636,24,True,22,2023-10-07,True,24,2023-10-02,false_positive,,,-0.29964976134121246,not_a_failed_drive,2023-10-07,2023-12-30,85,3,0.0,repeated_nonpersistent_alerts,True
Z3040EBR,2023-10-04,2023-12-03,18,0,0.9999796223159085,0.9822009020583755,,0.9999796223159085,0.9822009020583755,18,True,18,2023-10-04,True,18,2023-10-04,false_positive,,,-0.2999796223159086,not_a_failed_drive,2023-10-04,2023-12-03,61,2,0.0,repeated_nonpersistent_alerts,True
Z304D0AH,2023-10-04,2023-12-31,28,0,0.8133502075057817,0.8133502075057818,,0.8133502075057817,0.8133502075057818,28,True,28,2023-10-04,True,28,2023-10-04,false_positive,,,-0.11335020750578173,not_a_failed_drive,2023-10-04,2023-12-31,89,2,0.0,repeated_nonpersistent_alerts,True
Z304G1A6,2023-10-05,2023-11-02,12,0,0.9998593866439948,0.46853861601898766,,0.9998593866439948,0.46853861601898766,12,True,2,2023-10-27,True,3,2023-10-22,false_positive,,,-0.2998593866439948,not_a_failed_drive,2023-10-27,2023-11-02,7,1,0.0,short_alert_burst,True
Z304GE0F,2023-10-04,2023-12-31,38,0,0.8017113184617869,0.3783429417967585,,0.8017113184617869,0.3783429417967585,38,True,3,2023-12-27,True,4,2023-12-26,false_positive,,,-0.10171131846178694,not_a_failed_drive,2023-12-27,2023-12-31,5,2,0.0,repeated_nonpersistent_alerts,True
Z304HKGN,2023-10-01,2023-12-31,35,0,0.9680267104609315,0.42478044731161724,,0.9680267104609315,0.42478044731161724,35,True,2,2023-12-27,True,8,2023-12-15,false_positive,,,-0.2680267104609315,not_a_failed_drive,2023-12-27,2023-12-31,5,1,0.0,short_alert_burst,True
Z304HKSF,2023-10-06,2023-12-04,27,0,0.8133502075057817,0.8133502075057817,,0.8133502075057817,0.8133502075057817,27,True,27,2023-10-06,True,27,2023-10-06,false_positive,,,-0.11335020750578173,not_a_failed_drive,2023-10-06,2023-12-04,60,5,0.0,repeated_nonpersistent_alerts,True
Z304HS4N,2023-10-03,2023-12-31,27,0,0.9168084185897288,0.6363426479966235,,0.9168084185897288,0.6363426479966235,27,True,13,2023-12-01,True,17,2023-11-09,false_positive,,,-0.21680841858972888,not_a_failed_drive,2023-12-01,2023-12-31,31,3,0.0,repeated_nonpersistent_alerts,True
Z304HSJA,2023-10-02,2023-12-29,29,0,0.8046078781853948,0.3871339496447976,,0.8046078781853948,0.3871339496447976,29,True,2,2023-12-28,True,3,2023-12-26,false_positive,,,-0.10460787818539485,not_a_failed_drive,2023-12-28,2023-12-29,2,2,0.0,short_alert_burst,True
Z304HSTS,2023-10-03,2023-12-16,23,0,1.0,0.6395424126244277,,1.0,0.6395424126244277,23,True,8,2023-11-22,True,14,2023-10-30,false_positive,,,-0.30000000000000004,not_a_failed_drive,2023-11-22,2023-12-16,25,2,0.0,repeated_nonpersistent_alerts,True
Z304HT78,2023-10-06,2023-12-25,26,0,0.8004559063859187,0.8004559063859187,,0.8004559063859187,0.8004559063859187,26,True,26,2023-10-06,True,26,2023-10-06,false_positive,,,-0.10045590638591873,not_a_failed_drive,2023-10-06,2023-12-25,81,3,0.0,repeated_nonpersistent_alerts,True
Z304HTAE,2023-10-08,2023-12-22,20,0,0.8481098105269814,0.8481098105269813,,0.8481098105269814,0.8481098105269813,20,True,20,2023-10-08,True,20,2023-10-08,false_positive,,,-0.14810981052698147,not_a_failed_drive,2023-10-08,2023-12-22,76,3,0.0,repeated_nonpersistent_alerts,True
Z304HW6C,2023-10-08,2023-12-30,25,0,0.8612361796913945,0.8612361796913945,,0.8612361796913945,0.8612361796913945,25,True,25,2023-10-08,True,25,2023-10-08,false_positive,,,-0.1612361796913946,not_a_failed_drive,2023-10-08,2023-12-30,84,3,0.0,repeated_nonpersistent_alerts,True
Z304HZ60,2023-10-02,2023-12-18,25,0,0.8569701126733451,0.8569701126733452,,0.8569701126733451,0.8569701126733452,25,True,25,2023-10-02,True,25,2023-10-02,false_positive,,,-0.15697011267334515,not_a_failed_drive,2023-10-02,2023-12-18,78,2,0.0,repeated_nonpersistent_alerts,True
Z304HZM6,2023-10-01,2023-12-02,16,0,0.8018472113432967,0.8018472113432967,,0.8018472113432967,0.8018472113432967,16,True,16,2023-10-01,True,16,2023-10-01,false_positive,,,-0.10184721134329677,not_a_failed_drive,2023-10-01,2023-12-02,63,3,0.0,repeated_nonpersistent_alerts,True
Z304JGC7,2023-10-01,2023-12-07,26,0,0.8165135328432116,0.7586519954815742,,0.8165135328432116,0.7586519954815742,26,True,19,2023-10-20,True,26,2023-10-01,false_positive,,,-0.11651353284321164,not_a_failed_drive,2023-10-20,2023-12-07,49,2,0.0,repeated_nonpersistent_alerts,True
Z304JGDQ,2023-10-03,2023-12-30,27,0,0.9200892460776269,0.9200892460776269,,0.9200892460776269,0.9200892460776269,27,True,27,2023-10-03,True,27,2023-10-03,false_positive,,,-0.22008924607762692,not_a_failed_drive,2023-10-03,2023-12-30,89,2,0.0,repeated_nonpersistent_alerts,True
Z304JGNH,2023-10-02,2023-12-05,18,0,1.0,0.5251099956506566,,1.0,0.5251099956506566,18,True,5,2023-11-14,True,5,2023-11-14,false_positive,,,-0.30000000000000004,not_a_failed_drive,2023-11-14,2023-12-05,22,1,0.0,repeated_nonpersistent_alerts,True
Z304JL8L,2023-10-02,2023-12-28,27,0,0.9999998853451952,0.8921627765571235,,0.9999998853451952,0.8921627765571235,27,True,27,2023-10-02,True,27,2023-10-02,false_positive,,,-0.2999998853451953,not_a_failed_drive,2023-10-02,2023-12-28,88,3,0.0,repeated_nonpersistent_alerts,True
Z304JL93,2023-10-02,2023-12-05,19,0,0.9681615894099169,0.7098636863248441,,0.9681615894099169,0.7098636863248441,19,True,6,2023-10-02,True,19,2023-10-02,false_positive,,,-0.26816158940991697,not_a_failed_drive,2023-10-02,2023-10-18,17,1,48.0,repeated_nonpersistent_alerts,False
Z304JMY0,2023-10-01,2023-12-01,21,0,1.0,0.5754599325225398,,1.0,0.5754599325225398,21,True,8,2023-11-12,True,8,2023-11-12,false_positive,,,-0.30000000000000004,not_a_failed_drive,2023-11-12,2023-12-01,20,2,0.0,repeated_nonpersistent_alerts,True
Z304JSZW,2023-10-04,2023-11-27,14,0,0.9530999007354972,0.9530999007354973,,0.9530999007354972,0.9530999007354973,14,True,14,2023-10-04,True,14,2023-10-04,false_positive,,,-0.25309990073549726,not_a_failed_drive,2023-10-04,2023-11-27,55,2,0.0,repeated_nonpersistent_alerts,True
Z304JVYV,2023-10-05,2023-10-18,6,0,0.9999979736424301,0.9999380627709208,,0.9999979736424301,0.9999380627709208,6,True,6,2023-10-05,True,6,2023-10-05,false_positive,,,-0.2999979736424302,not_a_failed_drive,2023-10-05,2023-10-18,14,3,0.0,repeated_nonpersistent_alerts,True
Z304JW4L,2023-10-04,2023-10-18,4,0,1.0,0.9999070794712507,,1.0,0.9999070794712507,4,True,4,2023-10-04,True,4,2023-10-04,false_positive,,,-0.30000000000000004,not_a_failed_drive,2023-10-04,2023-10-18,15,2,0.0,repeated_nonpersistent_alerts,True
Z304JW82,2023-10-03,2023-12-01,18,0,0.9949941674685379,0.9949941674685377,,0.9949941674685379,0.9949941674685377,18,True,18,2023-10-03,True,18,2023-10-03,false_positive,,,-0.2949941674685379,not_a_failed_drive,2023-10-03,2023-12-01,60,2,0.0,repeated_nonpersistent_alerts,True
Z304JWJV,2023-10-01,2023-12-30,26,0,0.9995783184080725,0.9995783184080727,,0.9995783184080725,0.9995783184080727,26,True,26,2023-10-01,True,26,2023-10-01,false_positive,,,-0.2995783184080726,not_a_failed_drive,2023-10-01,2023-12-30,91,3,0.0,repeated_nonpersistent_alerts,True
Z304JWJW,2023-10-01,2023-12-01,23,0,0.8017113184617869,0.8017113184617869,,0.8017113184617869,0.8017113184617869,23,True,23,2023-10-01,True,23,2023-10-01,false_positive,,,-0.10171131846178694,not_a_failed_drive,2023-10-01,2023-12-01,62,5,0.0,repeated_nonpersistent_alerts,True
Z304JWK3,2023-10-01,2023-12-04,19,0,0.9530999007354972,0.9530999007354972,,0.9530999007354972,0.9530999007354972,19,True,19,2023-10-01,True,19,2023-10-01,false_positive,,,-0.25309990073549726,not_a_failed_drive,2023-10-01,2023-12-04,65,4,0.0,repeated_nonpersistent_alerts,True
Z304JWP4,2023-10-02,2023-12-04,22,0,0.9168084185897288,0.9168084185897288,,0.9168084185897288,0.9168084185897288,22,True,22,2023-10-02,True,22,2023-10-02,false_positive,,,-0.21680841858972888,not_a_failed_drive,2023-10-02,2023-12-04,64,5,0.0,repeated_nonpersistent_alerts,True
Z304JWRT,2023-10-01,2023-12-23,25,0,0.847472142260778,0.35887638824450513,,0.847472142260778,0.35887638824450513,25,True,1,2023-12-23,True,1,2023-12-23,false_positive,,,-0.1474721422607781,not_a_failed_drive,2023-12-23,2023-12-23,1,1,0.0,single_day_spike,True
Z304JZC9,2023-10-01,2023-12-07,19,0,0.9277545232589338,0.5197349080033915,,0.9277545232589338,0.5197349080033915,19,True,5,2023-11-28,True,8,2023-11-04,false_positive,,,-0.22775452325893386,not_a_failed_drive,2023-11-28,2023-12-07,10,2,0.0,repeated_nonpersistent_alerts,True
Z304K00W,2023-10-02,2023-12-07,18,0,0.847472142260778,0.847472142260778,,0.847472142260778,0.847472142260778,18,True,18,2023-10-02,True,18,2023-10-02,false_positive,,,-0.1474721422607781,not_a_failed_drive,2023-10-02,2023-12-07,67,2,0.0,repeated_nonpersistent_alerts,True
Z304K60Y,2023-10-02,2023-10-18,8,0,0.9999926027286472,0.9999926027286472,,0.9999926027286472,0.9999926027286472,8,True,8,2023-10-02,True,8,2023-10-02,false_positive,,,-0.29999260272864725,not_a_failed_drive,2023-10-02,2023-10-18,17,4,0.0,repeated_nonpersistent_alerts,True
Z304K62H,2023-10-01,2023-12-06,21,0,0.9174721067673285,0.9174721067673285,,0.9174721067673285,0.9174721067673285,21,True,21,2023-10-01,True,21,2023-10-01,false_positive,,,-0.21747210676732853,not_a_failed_drive,2023-10-01,2023-12-06,67,4,0.0,repeated_nonpersistent_alerts,True
Z304KA6P,2023-10-04,2023-12-03,24,0,1.0,0.48258637834484647,,1.0,0.48258637834484647,24,True,5,2023-11-20,True,5,2023-11-20,false_positive,,,-0.30000000000000004,not_a_failed_drive,2023-11-20,2023-12-03,14,2,0.0,repeated_nonpersistent_alerts,True
Z304KA9C,2023-10-05,2023-12-03,16,0,0.9998811245285677,0.9998811245285677,,0.9998811245285677,0.9998811245285677,16,True,16,2023-10-05,True,16,2023-10-05,false_positive,,,-0.29988112452856774,not_a_failed_drive,2023-10-05,2023-12-03,60,2,0.0,repeated_nonpersistent_alerts,True
Z304KBM8,2023-10-11,2023-12-20,19,0,0.847472142260778,0.8012112473447494,,0.847472142260778,0.8012112473447494,19,True,15,2023-10-31,True,19,2023-10-11,false_positive,,,-0.1474721422607781,not_a_failed_drive,2023-10-31,2023-12-20,51,3,0.0,repeated_nonpersistent_alerts,True
Z304KBP1,2023-10-02,2023-12-31,24,0,0.8017113184617869,0.8017113184617869,,0.8017113184617869,0.8017113184617869,24,True,24,2023-10-02,True,24,2023-10-02,false_positive,,,-0.10171131846178694,not_a_failed_drive,2023-10-02,2023-12-31,91,2,0.0,repeated_nonpersistent_alerts,True
Z304KBRT,2023-10-03,2023-12-05,17,0,0.9535100437645864,0.6949916670126299,,0.9535100437645864,0.6949916670126299,17,True,3,2023-12-03,True,17,2023-10-03,false_positive,,,-0.2535100437645864,not_a_failed_drive,2023-12-03,2023-12-05,3,3,0.0,repeated_nonpersistent_alerts,True
Z304KBTQ,2023-10-02,2023-12-06,19,0,0.999420511077858,0.8243521320838524,,0.999420511077858,0.8243521320838524,19,True,11,2023-10-02,True,19,2023-10-02,false_positive,,,-0.29942051107785805,not_a_failed_drive,2023-10-02,2023-11-09,39,3,27.0,repeated_nonpersistent_alerts,False
Z304KC6F,2023-10-01,2023-12-01,28,0,0.8133502075057817,0.8133502075057818,,0.8133502075057817,0.8133502075057818,28,True,28,2023-10-01,True,28,2023-10-01,false_positive,,,-0.11335020750578173,not_a_failed_drive,2023-10-01,2023-12-01,62,4,0.0,repeated_nonpersistent_alerts,True
Z304KC9B,2023-10-09,2023-12-29,25,0,0.9999976981387048,0.6669321323716956,,0.9999976981387048,0.6669321323716956,25,True,10,2023-11-29,True,25,2023-10-09,false_positive,,,-0.2999976981387048,not_a_failed_drive,2023-11-29,2023-12-29,31,2,0.0,repeated_nonpersistent_alerts,True
Z304KC9E,2023-10-02,2023-11-28,22,0,0.9999999999803031,0.996269545877967,,0.9999999999803031,0.996269545877967,22,True,22,2023-10-02,True,22,2023-10-02,false_positive,,,-0.29999999998030313,not_a_failed_drive,2023-10-02,2023-11-28,58,5,0.0,repeated_nonpersistent_alerts,True
Z304KCED,2023-10-01,2023-12-30,25,0,0.8133502075057817,0.8133502075057817,,0.8133502075057817,0.8133502075057817,25,True,25,2023-10-01,True,25,2023-10-01,false_positive,,,-0.11335020750578173,not_a_failed_drive,2023-10-01,2023-12-30,91,4,0.0,repeated_nonpersistent_alerts,True
Z304KCG5,2023-10-02,2023-10-21,7,0,0.9533054005137275,0.871215507665846,,0.9533054005137275,0.871215507665846,7,True,7,2023-10-02,True,7,2023-10-02,false_positive,,,-0.2533054005137275,not_a_failed_drive,2023-10-02,2023-10-21,20,2,0.0,repeated_nonpersistent_alerts,True
Z304KCJ6,2023-10-01,2023-12-06,18,0,0.856402564473802,0.716599401399883,,0.856402564473802,0.716599401399883,18,True,5,2023-11-11,True,18,2023-10-01,false_positive,,,-0.15640256447380207,not_a_failed_drive,2023-11-11,2023-12-06,26,1,0.0,repeated_nonpersistent_alerts,True
Z304KCLS,2023-10-03,2023-12-06,23,0,0.9168084185897288,0.4906179938318454,,0.9168084185897288,0.4906179938318454,23,True,6,2023-11-19,True,6,2023-11-19,false_positive,,,-0.21680841858972888,not_a_failed_drive,2023-11-19,2023-12-06,18,2,0.0,repeated_nonpersistent_alerts,True
Z304KCMB,2023-10-03,2023-10-13,5,0,0.9999999815392483,0.9999998618513992,,0.9999999815392483,0.9999998618513992,5,True,5,2023-10-03,True,5,2023-10-03,false_positive,,,-0.29999998153924834,not_a_failed_drive,2023-10-03,2023-10-13,11,2,0.0,repeated_nonpersistent_alerts,True
Z304KCQF,2023-10-06,2023-12-02,12,0,0.8569701126733451,0.8569701126733452,,0.8569701126733451,0.8569701126733452,12,True,12,2023-10-06,True,12,2023-10-06,false_positive,,,-0.15697011267334515,not_a_failed_drive,2023-10-06,2023-12-02,58,2,0.0,repeated_nonpersistent_alerts,True
Z304KCXP,2023-10-02,2023-11-30,19,0,0.847472142260778,0.847472142260778,,0.847472142260778,0.847472142260778,19,True,19,2023-10-02,True,19,2023-10-02,false_positive,,,-0.1474721422607781,not_a_failed_drive,2023-10-02,2023-11-30,60,3,0.0,repeated_nonpersistent_alerts,True
Z304KQPD,2023-10-02,2023-11-29,18,0,0.9881202030828535,0.6176232976018821,,0.9881202030828535,0.6176232976018821,18,True,5,2023-11-20,True,12,2023-10-27,false_positive,,,-0.2881202030828536,not_a_failed_drive,2023-11-20,2023-11-29,10,2,0.0,repeated_nonpersistent_alerts,True
Z304KR0S,2023-10-03,2023-12-02,18,0,0.999999998222904,0.7043390737719388,,0.999999998222904,0.7043390737719388,18,True,10,2023-10-31,True,10,2023-10-31,false_positive,,,-0.299999998222904,not_a_failed_drive,2023-10-31,2023-12-02,33,3,0.0,repeated_nonpersistent_alerts,True
Z304KR14,2023-10-02,2023-10-02,1,0,0.9982521465490714,0.9982521465490714,,0.9982521465490714,0.9982521465490714,1,True,1,2023-10-02,True,1,2023-10-02,false_positive,,,-0.2982521465490714,not_a_failed_drive,2023-10-02,2023-10-02,1,1,0.0,single_day_spike,True
Z304KR3Z,2023-10-03,2023-11-27,13,0,0.9277545232589338,0.9277545232589338,,0.9277545232589338,0.9277545232589338,13,True,13,2023-10-03,True,13,2023-10-03,false_positive,,,-0.22775452325893386,not_a_failed_drive,2023-10-03,2023-11-27,56,2,0.0,repeated_nonpersistent_alerts,True
Z304L8V1,2023-10-02,2023-12-26,26,0,0.9986492016354125,0.9986492016354125,,0.9986492016354125,0.9986492016354125,26,True,26,2023-10-02,True,26,2023-10-02,false_positive,,,-0.29864920163541253,not_a_failed_drive,2023-10-02,2023-12-26,86,3,0.0,repeated_nonpersistent_alerts,True
Z304L8W4,2023-10-13,2023-12-31,28,0,0.9999960688676237,0.8346161460694882,,0.9999960688676237,0.8346161460694882,28,True,21,2023-11-10,True,21,2023-11-10,false_positive,,,-0.29999606886762376,not_a_failed_drive,2023-11-10,2023-12-31,52,3,0.0,repeated_nonpersistent_alerts,True
Z304L9B3,2023-10-01,2023-12-29,38,0,0.9197357027083434,0.5195326077905947,,0.9197357027083434,0.5195326077905947,38,True,12,2023-10-01,True,12,2023-10-01,false_positive,,,-0.21973570270834342,not_a_failed_drive,2023-10-01,2023-10-28,28,4,62.0,repeated_nonpersistent_alerts,False
Z304L9NR,2023-10-06,2023-12-27,22,0,0.9857641910395696,0.45732297418323004,,0.9857641910395696,0.45732297418323004,22,True,4,2023-12-10,True,4,2023-12-10,false_positive,,,-0.2857641910395696,not_a_failed_drive,2023-12-10,2023-12-27,18,2,0.0,repeated_nonpersistent_alerts,True
Z304L9QY,2023-10-04,2023-12-07,20,0,0.9043804742427581,0.9043804742427582,,0.9043804742427581,0.9043804742427582,20,True,20,2023-10-04,True,20,2023-10-04,false_positive,,,-0.20438047424275818,not_a_failed_drive,2023-10-04,2023-12-07,65,2,0.0,repeated_nonpersistent_alerts,True
Z304L9TY,2023-10-01,2023-12-07,13,0,0.9197357027083434,0.9197357027083434,,0.9197357027083434,0.9197357027083434,13,True,13,2023-10-01,True,13,2023-10-01,false_positive,,,-0.21973570270834342,not_a_failed_drive,2023-10-01,2023-12-07,68,2,0.0,repeated_nonpersistent_alerts,True
Z304LA0V,2023-10-01,2023-12-25,22,0,0.9998811245285677,0.9998811245285677,,0.9998811245285677,0.9998811245285677,22,True,22,2023-10-01,True,22,2023-10-01,false_positive,,,-0.29988112452856774,not_a_failed_drive,2023-10-01,2023-12-25,86,3,0.0,repeated_nonpersistent_alerts,True
Z304LBJE,2023-10-02,2023-11-30,15,0,0.9999999999527067,0.4739679952682445,,0.9999999999527067,0.4739679952682445,15,True,3,2023-11-24,True,3,2023-11-24,false_positive,,,-0.29999999995270676,not_a_failed_drive,2023-11-24,2023-11-30,7,1,0.0,repeated_nonpersistent_alerts,True
Z304LEJY,2023-10-01,2023-12-30,32,0,0.9999953545782791,0.9999953545782791,,0.9999953545782791,0.9999953545782791,32,True,32,2023-10-01,True,32,2023-10-01,false_positive,,,-0.2999953545782792,not_a_failed_drive,2023-10-01,2023-12-30,91,4,0.0,repeated_nonpersistent_alerts,True
Z304MWS6,2023-10-02,2023-12-31,29,0,0.9911129784101749,0.5125930454918665,,0.9911129784101749,0.5125930454918665,29,True,8,2023-12-12,True,8,2023-12-12,false_positive,,,-0.2911129784101749,not_a_failed_drive,2023-12-12,2023-12-31,20,2,0.0,repeated_nonpersistent_alerts,True
Z304RFC1,2023-10-01,2023-12-31,30,0,0.9969665188755488,0.9969665188755488,,0.9969665188755488,0.9969665188755488,30,True,30,2023-10-01,True,30,2023-10-01,false_positive,,,-0.2969665188755488,not_a_failed_drive,2023-10-01,2023-12-31,92,4,0.0,repeated_nonpersistent_alerts,True
Z304SZDP,2023-10-04,2023-11-22,18,0,0.9680267104609315,0.48503868736769173,,0.9680267104609315,0.48503868736769173,18,True,4,2023-11-16,True,4,2023-11-16,false_positive,,,-0.2680267104609315,not_a_failed_drive,2023-11-16,2023-11-22,7,3,0.0,repeated_nonpersistent_alerts,True
Z304TLK5,2023-10-02,2023-12-29,26,0,0.9961811181455639,0.9961811181455639,,0.9961811181455639,0.9961811181455639,26,True,26,2023-10-02,True,26,2023-10-02,false_positive,,,-0.2961811181455639,not_a_failed_drive,2023-10-02,2023-12-29,89,3,0.0,repeated_nonpersistent_alerts,True
Z304VK34,2023-10-03,2023-12-26,28,0,0.9277545232589338,0.9277545232589338,,0.9277545232589338,0.9277545232589338,28,True,28,2023-10-03,True,28,2023-10-03,false_positive,,,-0.22775452325893386,not_a_failed_drive,2023-10-03,2023-12-26,85,3,0.0,repeated_nonpersistent_alerts,True
Z304ZXKS,2023-10-03,2023-12-31,31,0,0.9987785353475799,0.9987785353475799,,0.9987785353475799,0.9987785353475799,31,True,31,2023-10-03,True,31,2023-10-03,false_positive,,,-0.2987785353475799,not_a_failed_drive,2023-10-03,2023-12-31,90,4,0.0,repeated_nonpersistent_alerts,True
Z3050DFN,2023-10-06,2023-12-30,30,0,0.8133502075057817,0.8133502075057817,,0.8133502075057817,0.8133502075057817,30,True,30,2023-10-06,True,30,2023-10-06,false_positive,,,-0.11335020750578173,not_a_failed_drive,2023-10-06,2023-12-30,86,4,0.0,repeated_nonpersistent_alerts,True
Z3051BR1,2023-10-05,2023-12-29,31,0,0.9892520536200683,0.9738292349518906,,0.9892520536200683,0.9738292349518906,31,True,31,2023-10-05,True,31,2023-10-05,false_positive,,,-0.28925205362006834,not_a_failed_drive,2023-10-05,2023-12-29,86,4,0.0,repeated_nonpersistent_alerts,True
Z3051PBE,2023-10-10,2023-12-31,20,0,0.9996497613412124,0.4470711603631151,,0.9996497613412124,0.4470711603631151,20,True,3,2023-12-03,True,4,2023-12-03,false_positive,,,-0.29964976134121246,not_a_failed_drive,2023-12-03,2023-12-07,5,1,24.0,repeated_nonpersistent_alerts,False
Z3052QNL,2023-10-03,2023-12-19,31,0,0.9168084185897288,0.9168084185897288,,0.9168084185897288,0.9168084185897288,31,True,31,2023-10-03,True,31,2023-10-03,false_positive,,,-0.21680841858972888,not_a_failed_drive,2023-10-03,2023-12-19,78,3,0.0,repeated_nonpersistent_alerts,True
Z30538L1,2023-10-01,2023-12-24,22,0,0.9998222756519257,0.9993268836606589,,0.9998222756519257,0.9993268836606589,22,True,22,2023-10-01,True,22,2023-10-01,false_positive,,,-0.29982227565192576,not_a_failed_drive,2023-10-01,2023-12-24,85,2,0.0,repeated_nonpersistent_alerts,True
Z3053PX6,2023-10-02,2023-12-14,27,0,1.0,0.43276848604216034,,1.0,0.43276848604216034,27,True,4,2023-12-08,True,4,2023-12-08,false_positive,,,-0.30000000000000004,not_a_failed_drive,2023-12-08,2023-12-14,7,2,0.0,repeated_nonpersistent_alerts,True
Z3053RMH,2023-10-03,2023-12-28,24,0,0.9680267104609315,0.9680267104609315,,0.9680267104609315,0.9680267104609315,24,True,24,2023-10-03,True,24,2023-10-03,false_positive,,,-0.2680267104609315,not_a_failed_drive,2023-10-03,2023-12-28,87,3,0.0,repeated_nonpersistent_alerts,True
Z3054X00,2023-10-07,2023-12-16,28,0,0.8133502075057817,0.8133502075057818,,0.8133502075057817,0.8133502075057818,28,True,28,2023-10-07,True,28,2023-10-07,false_positive,,,-0.11335020750578173,not_a_failed_drive,2023-10-07,2023-12-16,71,5,0.0,repeated_nonpersistent_alerts,True
Z3056NXL,2023-10-01,2023-12-27,25,0,0.9999573211310493,0.903084084740062,,0.9999573211310493,0.903084084740062,25,True,25,2023-10-01,True,25,2023-10-01,false_positive,,,-0.29995732113104934,not_a_failed_drive,2023-10-01,2023-12-27,88,3,0.0,repeated_nonpersistent_alerts,True
Z3058W51,2023-10-01,2023-12-30,28,0,0.9998880135380805,0.9998880135380805,,0.9998880135380805,0.9998880135380805,28,True,28,2023-10-01,True,28,2023-10-01,false_positive,,,-0.2998880135380806,not_a_failed_drive,2023-10-01,2023-12-30,91,3,0.0,repeated_nonpersistent_alerts,True
Z3059HWT,2023-10-03,2023-12-31,26,0,0.9701277584715279,0.5482589487016367,,0.9701277584715279,0.5482589487016367,26,True,9,2023-12-16,True,9,2023-12-16,false_positive,,,-0.2701277584715279,not_a_failed_drive,2023-12-16,2023-12-31,16,3,0.0,repeated_nonpersistent_alerts,True
Z3059J7H,2023-10-04,2023-12-31,25,0,0.8569701126733451,0.8569701126733452,,0.8569701126733451,0.8569701126733452,25,True,25,2023-10-04,True,25,2023-10-04,false_positive,,,-0.15697011267334515,not_a_failed_drive,2023-10-04,2023-12-31,89,3,0.0,repeated_nonpersistent_alerts,True
Z305APD3,2023-10-01,2023-12-26,28,0,1.0,0.9692191491781961,,1.0,0.9692191491781961,28,True,27,2023-10-05,True,28,2023-10-01,false_positive,,,-0.30000000000000004,not_a_failed_drive,2023-10-05,2023-12-26,83,3,0.0,repeated_nonpersistent_alerts,True
Z305APKR,2023-10-04,2023-12-29,24,0,0.9999999999999938,0.4756120261438543,,0.9999999999999938,0.4756120261438543,24,True,5,2023-12-12,True,5,2023-12-12,false_positive,,,-0.2999999999999938,not_a_failed_drive,2023-12-12,2023-12-29,18,3,0.0,repeated_nonpersistent_alerts,True
Z305AQQZ,2023-10-06,2023-12-29,30,0,1.0,0.5395015583603395,,1.0,0.5395015583603395,30,True,9,2023-12-08,True,9,2023-12-08,false_positive,,,-0.30000000000000004,not_a_failed_drive,2023-12-08,2023-12-29,22,3,0.0,repeated_nonpersistent_alerts,True
Z305B73R,2023-10-03,2023-12-31,27,0,0.8004559063859187,0.8004559063859186,,0.8004559063859187,0.8004559063859186,27,True,27,2023-10-03,True,27,2023-10-03,false_positive,,,-0.10045590638591873,not_a_failed_drive,2023-10-03,2023-12-31,90,3,0.0,repeated_nonpersistent_alerts,True
Z305B761,2023-10-04,2023-12-31,26,0,0.9751860334008131,0.9751860334008131,,0.9751860334008131,0.9751860334008131,26,True,26,2023-10-04,True,26,2023-10-04,false_positive,,,-0.27518603340081316,not_a_failed_drive,2023-10-04,2023-12-31,89,4,0.0,repeated_nonpersistent_alerts,True
Z305BAQS,2023-10-05,2023-12-29,25,0,0.9998316306837265,0.9998316306837265,,0.9998316306837265,0.9998316306837265,25,True,25,2023-10-05,True,25,2023-10-05,false_positive,,,-0.29983163068372654,not_a_failed_drive,2023-10-05,2023-12-29,86,5,0.0,repeated_nonpersistent_alerts,True
Z305BFGM,2023-10-01,2023-12-31,30,0,0.9999999999998495,0.6452391930981356,,0.9999999999998495,0.6452391930981356,30,True,14,2023-12-14,True,14,2023-12-14,false_positive,,,-0.2999999999998495,not_a_failed_drive,2023-12-14,2023-12-31,18,12,0.0,persistent_7_plus_day_run,True
Z305C5QN,2023-10-05,2023-12-31,24,0,0.847472142260778,0.847472142260778,,0.847472142260778,0.847472142260778,24,True,24,2023-10-05,True,24,2023-10-05,false_positive,,,-0.1474721422607781,not_a_failed_drive,2023-10-05,2023-12-31,88,2,0.0,repeated_nonpersistent_alerts,True
Z305CK0V,2023-10-01,2023-12-31,36,0,0.9998918918853723,0.5472231859901503,,0.9998918918853723,0.5472231859901503,36,True,11,2023-12-08,True,12,2023-12-08,false_positive,,,-0.29989189188537235,not_a_failed_drive,2023-12-08,2023-12-31,24,6,0.0,repeated_nonpersistent_alerts,True
Z305CMBD,2023-10-04,2023-12-31,30,0,0.9999904709039228,0.9999904709039228,,0.9999904709039228,0.9999904709039228,30,True,30,2023-10-04,True,30,2023-10-04,false_positive,,,-0.29999047090392283,not_a_failed_drive,2023-10-04,2023-12-31,89,5,0.0,repeated_nonpersistent_alerts,True
Z305CX1N,2023-10-08,2023-12-31,23,0,0.9410635106976185,0.9410635106976185,,0.9410635106976185,0.9410635106976185,23,True,23,2023-10-08,True,23,2023-10-08,false_positive,,,-0.24106351069761855,not_a_failed_drive,2023-10-08,2023-12-31,85,2,0.0,repeated_nonpersistent_alerts,True
Z305D27R,2023-10-03,2023-10-29,10,0,0.8017113184617869,0.6014277293875885,,0.8017113184617869,0.6014277293875885,10,True,3,2023-10-25,True,8,2023-10-10,false_positive,,,-0.10171131846178694,not_a_failed_drive,2023-10-25,2023-10-29,5,1,0.0,repeated_nonpersistent_alerts,True
Z305D29K,2023-10-03,2023-11-29,18,0,0.9998811245285677,0.5927604736799018,,0.9998811245285677,0.5927604736799018,18,True,7,2023-11-17,True,7,2023-11-17,false_positive,,,-0.29988112452856774,not_a_failed_drive,2023-11-17,2023-11-29,13,4,0.0,repeated_nonpersistent_alerts,True
Z305D2F1,2023-10-05,2023-12-24,24,0,1.0,0.38463602899199656,,1.0,0.38463602899199656,24,True,1,2023-12-24,True,3,2023-12-12,false_positive,,,-0.30000000000000004,not_a_failed_drive,2023-12-24,2023-12-24,1,1,0.0,single_day_spike,True
Z305D2HM,2023-10-03,2023-12-30,29,0,0.9482070277297714,0.8822083096638792,,0.9482070277297714,0.8822083096638792,29,True,29,2023-10-03,True,29,2023-10-03,false_positive,,,-0.24820702772977143,not_a_failed_drive,2023-10-03,2023-12-30,89,2,0.0,repeated_nonpersistent_alerts,True
Z305D2MJ,2023-10-04,2023-12-31,27,0,0.9957602690807132,0.9957602690807131,,0.9957602690807132,0.9957602690807131,27,True,27,2023-10-04,True,27,2023-10-04,false_positive,,,-0.2957602690807133,not_a_failed_drive,2023-10-04,2023-12-31,89,4,0.0,repeated_nonpersistent_alerts,True
Z305D2T8,2023-10-01,2023-10-20,5,0,0.9999999999977303,0.9999750546945887,,0.9999999999977303,0.9999750546945887,5,True,5,2023-10-01,True,5,2023-10-01,false_positive,,,-0.2999999999977303,not_a_failed_drive,2023-10-01,2023-10-20,20,2,0.0,repeated_nonpersistent_alerts,True
Z305D2TH,2023-10-01,2023-12-29,31,0,0.9999999990769279,0.9849581742168845,,0.9999999990769279,0.9849581742168845,31,True,31,2023-10-01,True,31,2023-10-01,false_positive,,,-0.299999999076928,not_a_failed_drive,2023-10-01,2023-12-29,90,3,0.0,repeated_nonpersistent_alerts,True
Z305D2VG,2023-10-02,2023-10-02,1,0,0.9999991716683447,0.9999991716683447,,0.9999991716683447,0.9999991716683447,1,True,1,2023-10-02,True,1,2023-10-02,false_positive,,,-0.2999991716683448,not_a_failed_drive,2023-10-02,2023-10-02,1,1,0.0,single_day_spike,True
Z305D300,2023-10-02,2023-10-09,4,0,0.847472142260778,0.847472142260778,,0.847472142260778,0.847472142260778,4,True,4,2023-10-02,True,4,2023-10-02,false_positive,,,-0.1474721422607781,not_a_failed_drive,2023-10-02,2023-10-09,8,1,0.0,repeated_nonpersistent_alerts,True
Z305D32G,2023-10-07,2023-12-31,21,0,0.9964454052603983,0.7310000277818525,,0.9964454052603983,0.7310000277818525,21,True,7,2023-12-09,True,21,2023-10-07,false_positive,,,-0.2964454052603983,not_a_failed_drive,2023-12-09,2023-12-31,23,2,0.0,repeated_nonpersistent_alerts,True
Z305D34R,2023-10-01,2023-12-24,23,0,0.847472142260778,0.847472142260778,,0.847472142260778,0.847472142260778,23,True,23,2023-10-01,True,23,2023-10-01,false_positive,,,-0.1474721422607781,not_a_failed_drive,2023-10-01,2023-12-24,85,3,0.0,repeated_nonpersistent_alerts,True
Z305D358,2023-10-02,2023-12-26,35,0,0.8004559063859187,0.8004559063859187,,0.8004559063859187,0.8004559063859187,35,True,35,2023-10-02,True,35,2023-10-02,false_positive,,,-0.10045590638591873,not_a_failed_drive,2023-10-02,2023-12-26,86,4,0.0,repeated_nonpersistent_alerts,True
Z305D35W,2023-10-01,2023-12-31,29,0,1.0,0.47188790079787346,,1.0,0.47188790079787346,29,True,6,2023-12-17,True,6,2023-12-17,false_positive,,,-0.30000000000000004,not_a_failed_drive,2023-12-17,2023-12-31,15,3,0.0,repeated_nonpersistent_alerts,True
Z305D491,2023-10-01,2023-12-27,28,0,0.9999999877577636,0.973130850732227,,0.9999999877577636,0.973130850732227,28,True,27,2023-10-03,True,27,2023-10-03,false_positive,,,-0.2999999877577636,not_a_failed_drive,2023-10-03,2023-12-27,86,3,0.0,repeated_nonpersistent_alerts,True
Z305D4LX,2023-10-01,2023-10-29,8,0,0.9999999999805593,0.4286618456709903,,0.9999999999805593,0.4286618456709903,8,True,1,2023-10-29,True,1,2023-10-29,false_positive,,,-0.2999999999805594,not_a_failed_drive,2023-10-29,2023-10-29,1,1,0.0,single_day_spike,True
Z305D4RH,2023-10-05,2023-12-26,25,0,0.8133502075057817,0.8133502075057817,,0.8133502075057817,0.8133502075057817,25,True,25,2023-10-05,True,25,2023-10-05,false_positive,,,-0.11335020750578173,not_a_failed_drive,2023-10-05,2023-12-26,83,3,0.0,repeated_nonpersistent_alerts,True
Z305D4WF,2023-10-01,2023-12-30,33,0,0.8004559063859187,0.5101629947797883,,0.8004559063859187,0.5101629947797883,33,True,1,2023-12-30,True,21,2023-11-12,false_positive,,,-0.10045590638591873,not_a_failed_drive,2023-12-30,2023-12-30,1,1,0.0,single_day_spike,True
Z305D4XL,2023-10-08,2023-12-25,21,0,0.9996541399365081,0.910147105939925,,0.9996541399365081,0.910147105939925,21,True,21,2023-10-08,True,21,2023-10-08,false_positive,,,-0.29965413993650813,not_a_failed_drive,2023-10-08,2023-12-25,79,2,0.0,repeated_nonpersistent_alerts,True
Z305D4Y7,2023-10-05,2023-12-30,26,0,0.9996283178850027,0.9996283178850027,,0.9996283178850027,0.9996283178850027,26,True,26,2023-10-05,True,26,2023-10-05,false_positive,,,-0.29962831788500277,not_a_failed_drive,2023-10-05,2023-12-30,87,3,0.0,repeated_nonpersistent_alerts,True
Z305D50E,2023-10-02,2023-12-30,24,0,0.8004559063859187,0.8004559063859187,,0.8004559063859187,0.8004559063859187,24,True,24,2023-10-02,True,24,2023-10-02,false_positive,,,-0.10045590638591873,not_a_failed_drive,2023-10-02,2023-12-30,90,3,0.0,repeated_nonpersistent_alerts,True
Z305D5C7,2023-10-08,2023-12-25,29,0,0.989879964441489,0.989879964441489,,0.989879964441489,0.989879964441489,29,True,29,2023-10-08,True,29,2023-10-08,false_positive,,,-0.289879964441489,not_a_failed_drive,2023-10-08,2023-12-25,79,3,0.0,repeated_nonpersistent_alerts,True
Z305D5M8,2023-10-03,2023-12-25,24,0,0.9836931054868042,0.9836931054868042,,0.9836931054868042,0.9836931054868042,24,True,24,2023-10-03,True,24,2023-10-03,false_positive,,,-0.28369310548680426,not_a_failed_drive,2023-10-03,2023-12-25,84,4,0.0,repeated_nonpersistent_alerts,True
Z305D5MA,2023-10-15,2023-12-07,19,0,1.0,0.3814083141125754,,1.0,0.3814083141125754,19,True,1,2023-12-07,True,1,2023-12-07,false_positive,,,-0.30000000000000004,not_a_failed_drive,2023-12-07,2023-12-07,1,1,0.0,single_day_spike,True
Z305D5SV,2023-10-03,2023-12-29,34,0,0.9168084185897288,0.9168084185897288,,0.9168084185897288,0.9168084185897288,34,True,34,2023-10-03,True,34,2023-10-03,false_positive,,,-0.21680841858972888,not_a_failed_drive,2023-10-03,2023-12-29,88,4,0.0,repeated_nonpersistent_alerts,True
Z305D5VA,2023-10-02,2023-12-30,25,0,0.9837721841552349,0.3962551327209273,,0.9837721841552349,0.3962551327209273,25,True,2,2023-12-20,True,3,2023-12-14,false_positive,,,-0.283772184155235,not_a_failed_drive,2023-12-20,2023-12-30,11,1,0.0,short_alert_burst,True
Z305D5X4,2023-10-05,2023-12-31,28,0,0.9984754660329381,0.7788408336578898,,0.9984754660329381,0.7788408336578898,28,True,14,2023-11-21,True,28,2023-10-05,false_positive,,,-0.2984754660329382,not_a_failed_drive,2023-11-21,2023-12-31,41,4,0.0,repeated_nonpersistent_alerts,True
Z305D5XA,2023-10-08,2023-12-31,26,0,1.0,0.5859672697498141,,1.0,0.5859672697498141,26,True,10,2023-11-24,True,11,2023-11-20,false_positive,,,-0.30000000000000004,not_a_failed_drive,2023-11-24,2023-12-31,38,2,0.0,repeated_nonpersistent_alerts,True
Z305D5ZR,2023-10-02,2023-10-24,8,0,0.8569701126733451,0.406773758919156,,0.8569701126733451,0.406773758919156,8,True,1,2023-10-24,True,1,2023-10-24,false_positive,,,-0.15697011267334515,not_a_failed_drive,2023-10-24,2023-10-24,1,1,0.0,single_day_spike,True
Z305D602,2023-10-07,2023-12-31,26,0,1.0,0.7703983535358172,,1.0,0.7703983535358172,26,True,17,2023-11-10,True,17,2023-11-10,false_positive,,,-0.30000000000000004,not_a_failed_drive,2023-11-10,2023-12-31,52,3,0.0,repeated_nonpersistent_alerts,True
Z305D617,2023-10-01,2023-12-27,28,0,0.999420511077858,0.5334359384087107,,0.999420511077858,0.5334359384087107,28,True,8,2023-12-12,True,8,2023-12-12,false_positive,,,-0.29942051107785805,not_a_failed_drive,2023-12-12,2023-12-27,16,3,0.0,repeated_nonpersistent_alerts,True
Z305D63C,2023-10-01,2023-12-28,30,0,0.9911129784101749,0.9911129784101749,,0.9911129784101749,0.9911129784101749,30,True,30,2023-10-01,True,30,2023-10-01,false_positive,,,-0.2911129784101749,not_a_failed_drive,2023-10-01,2023-12-28,89,3,0.0,repeated_nonpersistent_alerts,True
Z305D66Q,2023-10-01,2023-12-30,18,0,0.9204413668150859,0.6996793654642958,,0.9204413668150859,0.6996793654642958,18,True,12,2023-11-15,True,13,2023-11-05,false_positive,,,-0.22044136681508597,not_a_failed_drive,2023-11-15,2023-12-30,46,3,0.0,repeated_nonpersistent_alerts,True
Z305D67F,2023-10-01,2023-12-29,35,0,1.0,0.3728335735130789,,1.0,0.3728335735130789,35,True,2,2023-12-28,True,2,2023-12-28,false_positive,,,-0.30000000000000004,not_a_failed_drive,2023-12-28,2023-12-29,2,2,0.0,short_alert_burst,True
Z305D680,2023-10-01,2023-12-30,23,0,0.9999999919989123,0.9977964332673209,,0.9999999919989123,0.9977964332673209,23,True,23,2023-10-01,True,23,2023-10-01,false_positive,,,-0.29999999199891236,not_a_failed_drive,2023-10-01,2023-12-30,91,2,0.0,repeated_nonpersistent_alerts,True
Z305D68F,2023-10-05,2023-12-14,27,0,1.0,0.7609253272599295,,1.0,0.7609253272599295,27,True,11,2023-11-15,True,27,2023-10-05,false_positive,,,-0.30000000000000004,not_a_failed_drive,2023-11-15,2023-12-14,30,3,0.0,repeated_nonpersistent_alerts,True
Z305D68X,2023-10-09,2023-12-28,26,0,1.0,0.47943495850249096,,1.0,0.47943495850249096,26,True,6,2023-12-17,True,6,2023-12-17,false_positive,,,-0.30000000000000004,not_a_failed_drive,2023-12-17,2023-12-28,12,3,0.0,repeated_nonpersistent_alerts,True
Z305D6GA,2023-10-08,2023-12-24,29,0,0.9168084185897288,0.5783816592379464,,0.9168084185897288,0.5783816592379464,29,True,13,2023-12-03,True,13,2023-12-03,false_positive,,,-0.21680841858972888,not_a_failed_drive,2023-12-03,2023-12-24,22,3,0.0,repeated_nonpersistent_alerts,True
Z305D6LS,2023-10-02,2023-12-31,23,0,0.9285935141841023,0.9285935141841023,,0.9285935141841023,0.9285935141841023,23,True,23,2023-10-02,True,23,2023-10-02,false_positive,,,-0.22859351418410234,not_a_failed_drive,2023-10-02,2023-12-31,91,2,0.0,repeated_nonpersistent_alerts,True
Z305D6PT,2023-10-01,2023-12-30,31,0,0.9680267104609315,0.9680267104609315,,0.9680267104609315,0.9680267104609315,31,True,31,2023-10-01,True,31,2023-10-01,false_positive,,,-0.2680267104609315,not_a_failed_drive,2023-10-01,2023-12-30,91,3,0.0,repeated_nonpersistent_alerts,True
Z305D6WD,2023-10-03,2023-12-28,24,0,0.8133502075057817,0.8133502075057817,,0.8133502075057817,0.8133502075057817,24,True,24,2023-10-03,True,24,2023-10-03,false_positive,,,-0.11335020750578173,not_a_failed_drive,2023-10-03,2023-12-28,87,2,0.0,repeated_nonpersistent_alerts,True
Z305D6XL,2023-10-01,2023-12-18,21,0,0.9999999999999836,0.7457409624830278,,0.9999999999999836,0.7457409624830278,21,True,13,2023-10-25,True,13,2023-10-25,false_positive,,,-0.2999999999999836,not_a_failed_drive,2023-10-25,2023-12-18,55,2,0.0,repeated_nonpersistent_alerts,True
Z305DGCC,2023-10-06,2023-12-29,22,0,0.9969665188755488,0.9969665188755488,,0.9969665188755488,0.9969665188755488,22,True,22,2023-10-06,True,22,2023-10-06,false_positive,,,-0.2969665188755488,not_a_failed_drive,2023-10-06,2023-12-29,85,3,0.0,repeated_nonpersistent_alerts,True
Z305DHTQ,2023-10-01,2023-12-21,23,0,0.9999999999987421,0.7647865955292252,,0.9999999999987421,0.7647865955292252,23,True,15,2023-11-05,True,15,2023-11-05,false_positive,,,-0.29999999999874216,not_a_failed_drive,2023-11-05,2023-12-21,47,2,0.0,repeated_nonpersistent_alerts,True
Z305DHV1,2023-10-04,2023-12-31,36,0,0.8018472113432967,0.8018472113432967,,0.8018472113432967,0.8018472113432967,36,True,36,2023-10-04,True,36,2023-10-04,false_positive,,,-0.10184721134329677,not_a_failed_drive,2023-10-04,2023-12-31,89,5,0.0,repeated_nonpersistent_alerts,True
Z305DTT0,2023-10-04,2023-11-06,9,0,0.9999986100519791,0.9492912884079518,,0.9999986100519791,0.9492912884079518,9,True,9,2023-10-04,True,9,2023-10-04,false_positive,,,-0.29999861005197914,not_a_failed_drive,2023-10-04,2023-11-06,34,2,0.0,repeated_nonpersistent_alerts,True
Z305DV09,2023-10-03,2023-12-31,25,0,0.8569701126733451,0.8569701126733452,,0.8569701126733451,0.8569701126733452,25,True,25,2023-10-03,True,25,2023-10-03,false_positive,,,-0.15697011267334515,not_a_failed_drive,2023-10-03,2023-12-31,90,2,0.0,repeated_nonpersistent_alerts,True
Z305DV3E,2023-10-01,2023-12-28,25,0,1.0,0.5265711957499328,,1.0,0.5265711957499328,25,True,7,2023-11-29,True,7,2023-11-29,false_positive,,,-0.30000000000000004,not_a_failed_drive,2023-11-29,2023-12-28,30,2,0.0,repeated_nonpersistent_alerts,True
Z305DVAJ,2023-10-03,2023-12-27,30,0,0.9207920695490845,0.9207920695490845,,0.9207920695490845,0.9207920695490845,30,True,30,2023-10-03,True,30,2023-10-03,false_positive,,,-0.2207920695490846,not_a_failed_drive,2023-10-03,2023-12-27,86,4,0.0,repeated_nonpersistent_alerts,True
Z305DVH3,2023-10-01,2023-11-21,13,0,0.9999998213138608,0.39726962564665247,,0.9999998213138608,0.39726962564665247,13,True,1,2023-11-21,True,1,2023-11-21,false_positive,,,-0.2999998213138608,not_a_failed_drive,2023-11-21,2023-11-21,1,1,0.0,single_day_spike,True
Z305DVPX,2023-10-02,2023-12-20,29,0,0.9999999999999982,0.45256681233685453,,0.9999999999999982,0.45256681233685453,29,True,5,2023-12-10,True,5,2023-12-10,false_positive,,,-0.29999999999999827,not_a_failed_drive,2023-12-10,2023-12-20,11,2,0.0,repeated_nonpersistent_alerts,True
Z305DW4N,2023-10-05,2023-12-26,23,0,0.9744654530467752,0.4767783714083836,,0.9744654530467752,0.4767783714083836,23,True,4,2023-12-18,True,7,2023-10-31,false_positive,,,-0.2744654530467753,not_a_failed_drive,2023-12-18,2023-12-26,9,2,0.0,repeated_nonpersistent_alerts,True
Z305DW5N,2023-10-04,2023-12-29,28,0,0.8017113184617869,0.8017113184617869,,0.8017113184617869,0.8017113184617869,28,True,28,2023-10-04,True,28,2023-10-04,false_positive,,,-0.10171131846178694,not_a_failed_drive,2023-10-04,2023-12-29,87,4,0.0,repeated_nonpersistent_alerts,True
Z305ET8V,2023-10-12,2023-11-03,8,0,0.9999999895553754,0.9916680371395789,,0.9999999895553754,0.9916680371395789,8,True,8,2023-10-12,True,8,2023-10-12,false_positive,,,-0.29999998955537543,not_a_failed_drive,2023-10-12,2023-11-03,23,2,0.0,repeated_nonpersistent_alerts,True
Z305F7F5,2023-10-01,2023-12-25,21,0,0.847472142260778,0.847472142260778,,0.847472142260778,0.847472142260778,21,True,21,2023-10-01,True,21,2023-10-01,false_positive,,,-0.1474721422607781,not_a_failed_drive,2023-10-01,2023-12-25,86,2,0.0,repeated_nonpersistent_alerts,True
Z305F7SC,2023-10-01,2023-12-31,27,0,0.9530999007354972,0.9530999007354972,,0.9530999007354972,0.9530999007354972,27,True,27,2023-10-01,True,27,2023-10-01,false_positive,,,-0.25309990073549726,not_a_failed_drive,2023-10-01,2023-12-31,92,3,0.0,repeated_nonpersistent_alerts,True
Z305F9HL,2023-10-01,2023-12-30,32,0,0.8146205531847891,0.8146205531847891,,0.8146205531847891,0.8146205531847891,32,True,32,2023-10-01,True,32,2023-10-01,false_positive,,,-0.11462055318478914,not_a_failed_drive,2023-10-01,2023-12-30,91,4,0.0,repeated_nonpersistent_alerts,True
Z305FSV0,2023-10-01,2023-12-27,30,0,0.9482070277297714,0.9482070277297713,,0.9482070277297714,0.9482070277297713,30,True,30,2023-10-01,True,30,2023-10-01,false_positive,,,-0.24820702772977143,not_a_failed_drive,2023-10-01,2023-12-27,88,4,0.0,repeated_nonpersistent_alerts,True
Z305FYVC,2023-10-10,2023-12-31,30,0,0.9892520536200683,0.9892520536200683,,0.9892520536200683,0.9892520536200683,30,True,30,2023-10-10,True,30,2023-10-10,false_positive,,,-0.28925205362006834,not_a_failed_drive,2023-10-10,2023-12-31,83,5,0.0,repeated_nonpersistent_alerts,True
Z305G08X,2023-10-01,2023-12-30,28,0,0.9168084185897288,0.8087668001147623,,0.9168084185897288,0.8087668001147623,28,True,28,2023-10-01,True,28,2023-10-01,false_positive,,,-0.21680841858972888,not_a_failed_drive,2023-10-01,2023-12-30,91,3,0.0,repeated_nonpersistent_alerts,True
Z305GVQB,2023-10-02,2023-12-25,26,0,0.847472142260778,0.7037964782427275,,0.847472142260778,0.7037964782427275,26,True,9,2023-10-10,True,26,2023-10-02,false_positive,,,-0.1474721422607781,not_a_failed_drive,2023-10-10,2023-11-06,28,2,49.0,repeated_nonpersistent_alerts,False
Z305GXBP,2023-10-12,2023-12-30,17,0,1.0,0.6693065999799676,,1.0,0.6693065999799676,17,True,8,2023-12-05,True,9,2023-11-29,false_positive,,,-0.30000000000000004,not_a_failed_drive,2023-12-05,2023-12-30,26,2,0.0,repeated_nonpersistent_alerts,True
Z305GZ8J,2023-10-01,2023-12-31,25,0,0.779558722210075,0.779558722210075,,0.779558722210075,0.779558722210075,25,True,25,2023-10-01,True,25,2023-10-01,false_positive,,,-0.0795587222100751,not_a_failed_drive,2023-10-01,2023-12-31,92,3,0.0,repeated_nonpersistent_alerts,True
Z305JS7Z,2023-10-04,2023-12-24,30,0,0.8017113184617869,0.8017113184617869,,0.8017113184617869,0.8017113184617869,30,True,30,2023-10-04,True,30,2023-10-04,false_positive,,,-0.10171131846178694,not_a_failed_drive,2023-10-04,2023-12-24,82,3,0.0,repeated_nonpersistent_alerts,True
Z305K1QK,2023-10-03,2023-12-24,16,0,0.8017113184617869,0.8017113184617869,,0.8017113184617869,0.8017113184617869,16,True,16,2023-10-03,True,16,2023-10-03,false_positive,,,-0.10171131846178694,not_a_failed_drive,2023-10-03,2023-12-24,83,2,0.0,repeated_nonpersistent_alerts,True
Z305K1X1,2023-10-04,2023-12-31,27,0,0.9533054005137275,0.478203417745262,,0.9533054005137275,0.478203417745262,27,True,6,2023-12-20,True,6,2023-12-20,false_positive,,,-0.2533054005137275,not_a_failed_drive,2023-12-20,2023-12-31,12,3,0.0,repeated_nonpersistent_alerts,True
Z305K21J,2023-10-02,2023-12-30,25,0,0.8139862168415022,0.8139862168415022,,0.8139862168415022,0.8139862168415022,25,True,25,2023-10-02,True,25,2023-10-02,false_positive,,,-0.11398621684150223,not_a_failed_drive,2023-10-02,2023-12-30,90,2,0.0,repeated_nonpersistent_alerts,True
Z305K2TW,2023-10-03,2023-12-27,35,0,0.9168084185897288,0.9168084185897287,,0.9168084185897288,0.9168084185897287,35,True,35,2023-10-03,True,35,2023-10-03,false_positive,,,-0.21680841858972888,not_a_failed_drive,2023-10-03,2023-12-27,86,5,0.0,repeated_nonpersistent_alerts,True
Z305K71M,2023-10-08,2023-12-31,32,0,0.847472142260778,0.847472142260778,,0.847472142260778,0.847472142260778,32,True,32,2023-10-08,True,32,2023-10-08,false_positive,,,-0.1474721422607781,not_a_failed_drive,2023-10-08,2023-12-31,85,4,0.0,repeated_nonpersistent_alerts,True
Z305KBGC,2023-10-01,2023-12-31,37,0,1.0,0.9860567272456883,,1.0,0.9860567272456883,37,True,37,2023-10-01,True,37,2023-10-01,false_positive,,,-0.30000000000000004,not_a_failed_drive,2023-10-01,2023-12-31,92,4,0.0,repeated_nonpersistent_alerts,True
Z305KBM6,2023-10-03,2023-11-07,11,0,1.0,0.5767058554013893,,1.0,0.5767058554013893,11,True,4,2023-10-28,True,4,2023-10-28,false_positive,,,-0.30000000000000004,not_a_failed_drive,2023-10-28,2023-11-07,11,1,0.0,repeated_nonpersistent_alerts,True
Z305KVLD,2023-10-02,2023-12-22,22,0,1.0,0.6278664288591952,,1.0,0.6278664288591952,22,True,7,2023-12-10,True,13,2023-11-15,false_positive,,,-0.30000000000000004,not_a_failed_drive,2023-12-10,2023-12-22,13,2,0.0,repeated_nonpersistent_alerts,True
Z305MDZV,2023-10-01,2023-12-31,30,0,0.9999864246837575,0.9999864246837575,,0.9999864246837575,0.9999864246837575,30,True,30,2023-10-01,True,30,2023-10-01,false_positive,,,-0.2999864246837576,not_a_failed_drive,2023-10-01,2023-12-31,92,4,0.0,repeated_nonpersistent_alerts,True
Z305NVAX,2023-10-01,2023-12-29,26,0,0.8017113184617869,0.8017113184617869,,0.8017113184617869,0.8017113184617869,26,True,26,2023-10-01,True,26,2023-10-01,false_positive,,,-0.10171131846178694,not_a_failed_drive,2023-10-01,2023-12-29,90,5,0.0,repeated_nonpersistent_alerts,True
Z305PDJ0,2023-10-07,2023-12-31,26,0,1.0,0.5228384645141695,,1.0,0.5228384645141695,26,True,7,2023-12-09,True,7,2023-12-09,false_positive,,,-0.30000000000000004,not_a_failed_drive,2023-12-09,2023-12-31,23,2,0.0,repeated_nonpersistent_alerts,True
Z305PH38,2023-10-03,2023-12-31,35,0,1.0,0.813440602668872,,1.0,0.813440602668872,35,True,25,2023-10-29,True,25,2023-10-29,false_positive,,,-0.30000000000000004,not_a_failed_drive,2023-10-29,2023-12-31,64,3,0.0,repeated_nonpersistent_alerts,True
Z305PJBK,2023-10-01,2023-12-28,27,0,0.9969665188755488,0.9969665188755488,,0.9969665188755488,0.9969665188755488,27,True,27,2023-10-01,True,27,2023-10-01,false_positive,,,-0.2969665188755488,not_a_failed_drive,2023-10-01,2023-12-28,89,4,0.0,repeated_nonpersistent_alerts,True
Z305PTSS,2023-10-02,2023-12-31,38,0,1.0,0.9649531673772226,,1.0,0.9649531673772226,38,True,36,2023-10-14,True,36,2023-10-14,false_positive,,,-0.30000000000000004,not_a_failed_drive,2023-10-14,2023-12-31,79,6,0.0,repeated_nonpersistent_alerts,True
Z305PTVL,2023-10-01,2023-12-31,20,0,0.9999991830376265,0.5588098158300708,,0.9999991830376265,0.5588098158300708,20,True,7,2023-11-29,True,8,2023-11-29,false_positive,,,-0.2999991830376265,not_a_failed_drive,2023-11-29,2023-12-31,33,1,0.0,repeated_nonpersistent_alerts,True
Z305PW0R,2023-10-03,2023-12-02,18,0,0.9999999999999993,0.8173499983589427,,0.9999999999999993,0.8173499983589427,18,True,13,2023-10-20,True,13,2023-10-20,false_positive,,,-0.2999999999999994,not_a_failed_drive,2023-10-20,2023-12-02,44,3,0.0,repeated_nonpersistent_alerts,True
Z4D019KB,2023-10-06,2023-10-17,9,0,0.9997889891680087,0.9997889891680087,,0.9997889891680087,0.9997889891680087,9,True,9,2023-10-06,True,9,2023-10-06,false_positive,,,-0.2997889891680088,not_a_failed_drive,2023-10-06,2023-10-17,12,5,0.0,repeated_nonpersistent_alerts,True
Z4D01D59,2023-10-01,2023-12-17,29,0,0.8569701126733451,0.8569701126733451,,0.8569701126733451,0.8569701126733451,29,True,29,2023-10-01,True,29,2023-10-01,false_positive,,,-0.15697011267334515,not_a_failed_drive,2023-10-01,2023-12-17,78,6,0.0,repeated_nonpersistent_alerts,True
Z4D02SFS,2023-10-02,2023-12-31,22,0,0.9537904753454828,0.9537904753454828,,0.9537904753454828,0.9537904753454828,22,True,22,2023-10-02,True,22,2023-10-02,false_positive,,,-0.2537904753454828,not_a_failed_drive,2023-10-02,2023-12-31,91,3,0.0,repeated_nonpersistent_alerts,True
Z4D0338R,2023-10-03,2023-12-30,38,0,0.8515146228097701,0.8515146228097701,,0.8515146228097701,0.8515146228097701,38,True,38,2023-10-03,True,38,2023-10-03,false_positive,,,-0.15151462280977013,not_a_failed_drive,2023-10-03,2023-12-30,89,6,0.0,repeated_nonpersistent_alerts,True
Z4D04229,2023-10-03,2023-12-29,24,0,0.9999699661888388,0.9999699661888388,,0.9999699661888388,0.9999699661888388,24,True,24,2023-10-03,True,24,2023-10-03,false_positive,,,-0.29996996618883887,not_a_failed_drive,2023-10-03,2023-12-29,88,3,0.0,repeated_nonpersistent_alerts,True
Z4D04C2P,2023-10-03,2023-12-30,34,0,0.7286912142082169,0.7286149639654682,,0.7286912142082169,0.7286149639654682,34,True,34,2023-10-03,True,34,2023-10-03,false_positive,,,-0.028691214208216964,not_a_failed_drive,2023-10-03,2023-12-30,89,4,0.0,repeated_nonpersistent_alerts,True
Z4D060ML,2023-10-05,2023-12-27,21,0,0.8004559063859187,0.8004559063859188,,0.8004559063859187,0.8004559063859188,21,True,21,2023-10-05,True,21,2023-10-05,false_positive,,,-0.10045590638591873,not_a_failed_drive,2023-10-05,2023-12-27,84,3,0.0,repeated_nonpersistent_alerts,True
Z4D08R4D,2023-10-01,2023-12-29,35,0,0.8472181063006736,0.8472181063006736,,0.8472181063006736,0.8472181063006736,35,True,35,2023-10-01,True,35,2023-10-01,false_positive,,,-0.14721810630067367,not_a_failed_drive,2023-10-01,2023-12-29,90,3,0.0,repeated_nonpersistent_alerts,True
Z4D09THE,2023-10-01,2023-12-27,24,0,0.8945235619357901,0.8945235619357902,,0.8945235619357901,0.8945235619357902,24,True,24,2023-10-01,True,24,2023-10-01,false_positive,,,-0.19452356193579012,not_a_failed_drive,2023-10-01,2023-12-27,88,4,0.0,repeated_nonpersistent_alerts,True
Z4D0A2JA,2023-10-01,2023-12-29,28,0,0.9973400142696219,0.9973020408474589,,0.9973400142696219,0.9973020408474589,28,True,28,2023-10-01,True,28,2023-10-01,false_positive,,,-0.297340014269622,not_a_failed_drive,2023-10-01,2023-12-29,90,3,0.0,repeated_nonpersistent_alerts,True
Z4D0A6N8,2023-10-01,2023-12-31,31,0,0.9910618770255961,0.9865649816666112,,0.9910618770255961,0.9865649816666112,31,True,31,2023-10-01,True,31,2023-10-01,false_positive,,,-0.29106187702559616,not_a_failed_drive,2023-10-01,2023-12-31,92,4,0.0,repeated_nonpersistent_alerts,True
Z4D0A77L,2023-10-02,2023-12-30,33,0,0.9999724296760266,0.9999724296760266,,0.9999724296760266,0.9999724296760266,33,True,33,2023-10-02,True,33,2023-10-02,false_positive,,,-0.29997242967602666,not_a_failed_drive,2023-10-02,2023-12-30,90,4,0.0,repeated_nonpersistent_alerts,True
Z4D0B0VH,2023-10-02,2023-12-31,26,0,0.847472142260778,0.8474721422607779,,0.847472142260778,0.8474721422607779,26,True,26,2023-10-02,True,26,2023-10-02,false_positive,,,-0.1474721422607781,not_a_failed_drive,2023-10-02,2023-12-31,91,3,0.0,repeated_nonpersistent_alerts,True
Z4D0B3EX,2023-10-03,2023-12-31,31,0,0.9982845119456615,0.9982387865763356,,0.9982845119456615,0.9982387865763356,31,True,31,2023-10-03,True,31,2023-10-03,false_positive,,,-0.2982845119456615,not_a_failed_drive,2023-10-03,2023-12-31,90,4,0.0,repeated_nonpersistent_alerts,True
Z4D0B713,2023-10-01,2023-12-28,25,0,0.9996861659893475,0.9996861659893475,,0.9996861659893475,0.9996861659893475,25,True,25,2023-10-01,True,25,2023-10-01,false_positive,,,-0.2996861659893475,not_a_failed_drive,2023-10-01,2023-12-28,89,4,0.0,repeated_nonpersistent_alerts,True
Z4D0CDWE,2023-10-02,2023-12-29,22,0,0.8725942386280332,0.8724968928637543,,0.8725942386280332,0.8724968928637543,22,True,22,2023-10-02,True,22,2023-10-02,false_positive,,,-0.17259423862803325,not_a_failed_drive,2023-10-02,2023-12-29,89,3,0.0,repeated_nonpersistent_alerts,True
Z4D0CHW3,2023-10-02,2023-12-27,27,0,0.9999762124129398,0.9999762124129398,,0.9999762124129398,0.9999762124129398,27,True,27,2023-10-02,True,27,2023-10-02,false_positive,,,-0.2999762124129398,not_a_failed_drive,2023-10-02,2023-12-27,87,2,0.0,repeated_nonpersistent_alerts,True
Z4D0DG2A,2023-10-02,2023-12-24,21,0,0.9998835252420218,0.9998835252420218,,0.9998835252420218,0.9998835252420218,21,True,21,2023-10-02,True,21,2023-10-02,false_positive,,,-0.2998835252420219,not_a_failed_drive,2023-10-02,2023-12-24,84,2,0.0,repeated_nonpersistent_alerts,True
Z79KT7BJT,2023-10-01,2023-12-30,30,0,0.9839183438101565,0.8577776922269916,,0.9839183438101565,0.8577776922269916,30,True,26,2023-10-10,True,26,2023-10-10,false_positive,,,-0.28391834381015657,not_a_failed_drive,2023-10-10,2023-12-30,82,2,0.0,repeated_nonpersistent_alerts,True
ZA10B121,2023-10-01,2023-11-21,17,0,0.9999988582458337,0.9958919859302915,,0.9999988582458337,0.9958919859302915,17,True,17,2023-10-01,True,17,2023-10-01,false_positive,,,-0.2999988582458337,not_a_failed_drive,2023-10-01,2023-11-21,52,3,0.0,repeated_nonpersistent_alerts,True
ZA10B17J,2023-10-02,2023-12-31,27,0,0.70877622995921,0.4648831057693694,,0.70877622995921,0.4648831057693694,27,True,1,2023-12-10,True,27,2023-10-02,false_positive,,,-0.008776229959210013,not_a_failed_drive,2023-12-10,2023-12-10,1,1,21.0,single_day_spike,False
ZA10B56X,2023-10-01,2023-12-26,22,0,0.8017113184617869,0.7433989423924925,,0.8017113184617869,0.7433989423924925,22,True,16,2023-10-01,True,22,2023-10-01,false_positive,,,-0.10171131846178694,not_a_failed_drive,2023-10-01,2023-11-25,56,2,31.0,repeated_nonpersistent_alerts,False
ZA10C6J6,2023-10-04,2023-12-30,37,0,0.8590855374702008,0.7718553153952449,,0.8590855374702008,0.7718553153952449,37,True,22,2023-11-19,True,37,2023-10-04,false_positive,,,-0.15908553747020082,not_a_failed_drive,2023-11-19,2023-12-30,42,5,0.0,repeated_nonpersistent_alerts,True
ZA10J6SP,2023-10-04,2023-12-28,27,0,0.9999973049995547,0.9960843553146437,,0.9999973049995547,0.9960843553146437,27,True,27,2023-10-04,True,27,2023-10-04,false_positive,,,-0.2999973049995548,not_a_failed_drive,2023-10-04,2023-12-28,86,4,0.0,repeated_nonpersistent_alerts,True
ZA10JW9K,2023-10-01,2023-12-31,31,0,0.9665440428798927,0.9655491567992237,,0.9665440428798927,0.9655491567992237,31,True,31,2023-10-01,True,31,2023-10-01,false_positive,,,-0.26654404287989275,not_a_failed_drive,2023-10-01,2023-12-31,92,3,0.0,repeated_nonpersistent_alerts,True
ZA10NF1Z,2023-10-03,2023-12-25,26,0,0.7442324215972972,0.7442324215972972,,0.7442324215972972,0.7442324215972972,26,True,26,2023-10-03,True,26,2023-10-03,false_positive,,,-0.04423242159729723,not_a_failed_drive,2023-10-03,2023-12-25,84,5,0.0,repeated_nonpersistent_alerts,True
ZA10NF43,2023-10-01,2023-12-29,35,0,0.9998526980967267,0.9998526980967268,,0.9998526980967267,0.9998526980967268,35,True,35,2023-10-01,True,35,2023-10-01,false_positive,,,-0.29985269809672677,not_a_failed_drive,2023-10-01,2023-12-29,90,3,0.0,repeated_nonpersistent_alerts,True
ZA10NFMM,2023-10-06,2023-12-31,27,0,0.7674438275815986,0.7234885470376361,,0.7674438275815986,0.7234885470376361,27,True,19,2023-11-05,True,27,2023-10-06,false_positive,,,-0.06744382758159861,not_a_failed_drive,2023-11-05,2023-12-31,57,2,0.0,repeated_nonpersistent_alerts,True
ZA10QN02,2023-10-02,2023-12-31,29,0,1.0,0.999999999999914,,1.0,0.999999999999914,29,True,29,2023-10-02,True,29,2023-10-02,false_positive,,,-0.30000000000000004,not_a_failed_drive,2023-10-02,2023-12-31,91,2,0.0,repeated_nonpersistent_alerts,True
ZA10QN4A,2023-10-05,2023-12-31,28,0,0.7970404021304069,0.610175954303059,,0.7970404021304069,0.610175954303059,28,True,16,2023-11-17,True,17,2023-11-15,false_positive,,,-0.09704040213040699,not_a_failed_drive,2023-11-17,2023-12-31,45,2,0.0,repeated_nonpersistent_alerts,True
ZA10XG69,2023-10-03,2023-12-25,25,0,0.9999999643165266,0.9999998709455926,,0.9999999643165266,0.9999998709455926,25,True,25,2023-10-03,True,25,2023-10-03,false_positive,,,-0.29999996431652665,not_a_failed_drive,2023-10-03,2023-12-25,84,2,0.0,repeated_nonpersistent_alerts,True
ZA117ZGK,2023-10-02,2023-12-30,27,0,0.8004559063859187,0.7332834920089013,,0.8004559063859187,0.7332834920089013,27,True,23,2023-10-02,True,23,2023-10-02,false_positive,,,-0.10045590638591873,not_a_failed_drive,2023-10-02,2023-12-13,73,5,17.0,repeated_nonpersistent_alerts,False
ZA119BF1,2023-10-02,2023-12-28,27,0,0.9487138094059174,0.9487138094059174,,0.9487138094059174,0.9487138094059174,27,True,27,2023-10-02,True,27,2023-10-02,false_positive,,,-0.24871380940591747,not_a_failed_drive,2023-10-02,2023-12-28,88,3,0.0,repeated_nonpersistent_alerts,True
ZA11AVFT,2023-10-01,2023-12-28,30,0,0.7699267135656731,0.5472469247304679,,0.7699267135656731,0.5472469247304679,30,True,5,2023-12-15,True,30,2023-10-01,false_positive,,,-0.06992671356567315,not_a_failed_drive,2023-12-15,2023-12-28,14,1,0.0,repeated_nonpersistent_alerts,True
ZA11B1YX,2023-10-01,2023-12-27,26,0,0.976312652886048,0.9676536986950478,,0.976312652886048,0.9676536986950478,26,True,26,2023-10-01,True,26,2023-10-01,false_positive,,,-0.276312652886048,not_a_failed_drive,2023-10-01,2023-12-27,88,2,0.0,repeated_nonpersistent_alerts,True
ZA11BBHN,2023-10-03,2023-12-30,25,0,0.8024730794561038,0.6902371772808772,,0.8024730794561038,0.6902371772808772,25,True,19,2023-10-30,True,19,2023-10-30,false_positive,,,-0.10247307945610384,not_a_failed_drive,2023-10-30,2023-12-30,62,2,0.0,repeated_nonpersistent_alerts,True
ZA11BBLF,2023-10-04,2023-10-16,6,0,0.9999999999999996,0.9073793490893207,,0.9999999999999996,0.9073793490893207,6,True,5,2023-10-08,True,6,2023-10-04,false_positive,,,-0.2999999999999996,not_a_failed_drive,2023-10-08,2023-10-16,9,2,0.0,repeated_nonpersistent_alerts,True
ZA11JA50,2023-10-02,2023-12-31,27,0,0.9228554513312921,0.8046922283504513,,0.9228554513312921,0.8046922283504513,27,True,26,2023-10-12,True,27,2023-10-02,false_positive,,,-0.22285545133129214,not_a_failed_drive,2023-10-12,2023-12-31,81,3,0.0,repeated_nonpersistent_alerts,True
ZA11KWFY,2023-10-01,2023-12-29,24,0,0.8004559063859187,0.6250987518471669,,0.8004559063859187,0.6250987518471669,24,True,12,2023-12-08,True,17,2023-10-31,false_positive,,,-0.10045590638591873,not_a_failed_drive,2023-12-08,2023-12-29,22,3,0.0,repeated_nonpersistent_alerts,True
ZA11LZ1L,2023-10-03,2023-11-30,18,0,0.9999995860692589,0.9999947762188314,,0.9999995860692589,0.9999947762188314,18,True,18,2023-10-03,True,18,2023-10-03,false_positive,,,-0.2999995860692589,not_a_failed_drive,2023-10-03,2023-11-30,59,3,0.0,repeated_nonpersistent_alerts,True
ZA11LZ1T,2023-10-02,2023-12-28,27,0,0.8025401199677769,0.5038105260632734,,0.8025401199677769,0.5038105260632734,27,True,1,2023-12-28,True,27,2023-10-02,false_positive,,,-0.1025401199677769,not_a_failed_drive,2023-12-28,2023-12-28,1,1,0.0,single_day_spike,True
ZA11MCLV,2023-10-04,2023-12-28,25,0,0.9214892391410591,0.9214892391410591,,0.9214892391410591,0.9214892391410591,25,True,25,2023-10-04,True,25,2023-10-04,false_positive,,,-0.2214892391410591,not_a_failed_drive,2023-10-04,2023-12-28,86,3,0.0,repeated_nonpersistent_alerts,True
ZA11MX1T,2023-10-11,2023-12-29,26,0,0.9984754660329381,0.7111916772099145,,0.9984754660329381,0.7111916772099145,26,True,12,2023-10-11,True,19,2023-10-11,false_positive,,,-0.2984754660329382,not_a_failed_drive,2023-10-11,2023-11-18,39,3,41.0,repeated_nonpersistent_alerts,False
ZA11MY2T,2023-10-03,2023-12-28,31,0,0.7994545926074114,0.7727119531809157,,0.7994545926074114,0.7727119531809157,31,True,31,2023-10-03,True,31,2023-10-03,false_positive,,,-0.09945459260741141,not_a_failed_drive,2023-10-03,2023-12-28,87,3,0.0,repeated_nonpersistent_alerts,True
ZA11NZ9H,2023-10-03,2023-12-22,27,0,0.8004559063859187,0.49818004168934077,,0.8004559063859187,0.49818004168934077,27,True,9,2023-11-26,True,9,2023-11-26,false_positive,,,-0.10045590638591873,not_a_failed_drive,2023-11-26,2023-12-22,27,2,0.0,repeated_nonpersistent_alerts,True
ZA11PEN9,2023-10-04,2023-10-13,3,0,0.9999995091018187,0.9999973663485084,,0.9999995091018187,0.9999973663485084,3,True,3,2023-10-04,True,3,2023-10-04,false_positive,,,-0.2999995091018187,not_a_failed_drive,2023-10-04,2023-10-13,10,2,0.0,repeated_nonpersistent_alerts,True
ZA11PQ18,2023-10-07,2023-12-31,29,0,0.8225607933633434,0.5596384151089163,,0.8225607933633434,0.5596384151089163,29,True,13,2023-11-21,True,13,2023-11-21,false_positive,,,-0.12256079336334347,not_a_failed_drive,2023-11-21,2023-12-31,41,4,0.0,repeated_nonpersistent_alerts,True
ZA11QTAR,2023-10-06,2023-12-28,13,0,0.7353465968072168,0.7288960333572382,,0.7353465968072168,0.7288960333572382,13,True,13,2023-10-06,True,13,2023-10-06,false_positive,,,-0.03534659680721686,not_a_failed_drive,2023-10-06,2023-12-28,84,2,0.0,repeated_nonpersistent_alerts,True
ZA11R2A8,2023-10-07,2023-12-28,27,0,0.9999999998970048,0.468767048888369,,0.9999999998970048,0.468767048888369,27,True,5,2023-12-20,True,5,2023-12-20,false_positive,,,-0.2999999998970049,not_a_failed_drive,2023-12-20,2023-12-28,9,2,0.0,repeated_nonpersistent_alerts,True
ZA11R55C,2023-10-02,2023-12-30,19,0,0.8004559063859187,0.8004559063859187,,0.8004559063859187,0.8004559063859187,19,True,19,2023-10-02,True,19,2023-10-02,false_positive,,,-0.10045590638591873,not_a_failed_drive,2023-10-02,2023-12-30,90,3,0.0,repeated_nonpersistent_alerts,True
ZA11R58A,2023-10-01,2023-10-01,1,0,0.9996599666628598,0.9996599666628598,,0.9996599666628598,0.9996599666628598,1,True,1,2023-10-01,True,1,2023-10-01,false_positive,,,-0.2996599666628599,not_a_failed_drive,2023-10-01,2023-10-01,1,1,0.0,single_day_spike,True
ZA11R5MC,2023-10-02,2023-12-26,25,0,0.9748193180629643,0.9745600099057965,,0.9748193180629643,0.9745600099057965,25,True,25,2023-10-02,True,25,2023-10-02,false_positive,,,-0.27481931806296434,not_a_failed_drive,2023-10-02,2023-12-26,86,3,0.0,repeated_nonpersistent_alerts,True
ZA11RN12,2023-10-03,2023-12-26,23,0,0.9999998867665291,0.9999998238873473,,0.9999998867665291,0.9999998238873473,23,True,23,2023-10-03,True,23,2023-10-03,false_positive,,,-0.2999998867665291,not_a_failed_drive,2023-10-03,2023-12-26,85,4,0.0,repeated_nonpersistent_alerts,True
ZA11RTXL,2023-10-11,2023-12-26,26,0,0.9241070474501304,0.917588173054871,,0.9241070474501304,0.917588173054871,26,True,26,2023-10-11,True,26,2023-10-11,false_positive,,,-0.22410704745013044,not_a_failed_drive,2023-10-11,2023-12-26,77,2,0.0,repeated_nonpersistent_alerts,True
ZA11RX3G,2023-10-05,2023-12-31,29,0,0.9999999691534015,0.9999999607593641,,0.9999999691534015,0.9999999607593641,29,True,29,2023-10-05,True,29,2023-10-05,false_positive,,,-0.29999996915340155,not_a_failed_drive,2023-10-05,2023-12-31,88,5,0.0,repeated_nonpersistent_alerts,True
ZA11S5FW,2023-10-07,2023-12-26,21,0,0.7096767591467629,0.551609020583382,,0.7096767591467629,0.551609020583382,21,True,7,2023-10-07,True,21,2023-10-07,false_positive,,,-0.009676759146762914,not_a_failed_drive,2023-10-07,2023-11-04,29,2,52.0,repeated_nonpersistent_alerts,False
ZA11VZWJ,2023-10-03,2023-12-29,22,0,0.8678964976911017,0.8674876608355102,,0.8678964976911017,0.8674876608355102,22,True,22,2023-10-03,True,22,2023-10-03,false_positive,,,-0.1678964976911017,not_a_failed_drive,2023-10-03,2023-12-29,88,4,0.0,repeated_nonpersistent_alerts,True
ZA11WVLV,2023-10-01,2023-11-09,13,0,0.9372348336393415,0.5303032509082418,,0.9372348336393415,0.5303032509082418,13,True,2,2023-11-08,True,13,2023-10-01,false_positive,,,-0.2372348336393415,not_a_failed_drive,2023-11-08,2023-11-09,2,2,0.0,short_alert_burst,True
ZA11WWND,2023-10-05,2023-12-29,26,0,0.8233261910805262,0.3986634619329937,,0.8233261910805262,0.3986634619329937,26,True,3,2023-12-21,True,3,2023-12-21,false_positive,,,-0.12332619108052623,not_a_failed_drive,2023-12-21,2023-12-29,9,2,0.0,repeated_nonpersistent_alerts,True
ZA11WY96,2023-10-01,2023-12-31,29,0,0.8025401199677769,0.8025401199677769,,0.8025401199677769,0.8025401199677769,29,True,29,2023-10-01,True,29,2023-10-01,false_positive,,,-0.1025401199677769,not_a_failed_drive,2023-10-01,2023-12-31,92,6,0.0,repeated_nonpersistent_alerts,True
ZA11X0B1,2023-10-04,2023-12-31,25,0,0.7447384866492935,0.7045015486356964,,0.7447384866492935,0.7045015486356964,25,True,18,2023-10-25,True,25,2023-10-04,false_positive,,,-0.044738486649293585,not_a_failed_drive,2023-10-25,2023-12-31,68,2,0.0,repeated_nonpersistent_alerts,True
ZA11X0CY,2023-10-01,2023-12-30,26,0,0.8487452887135842,0.700314667418601,,0.8487452887135842,0.700314667418601,26,True,11,2023-10-07,True,24,2023-10-07,false_positive,,,-0.14874528871358428,not_a_failed_drive,2023-10-07,2023-11-26,51,3,34.0,repeated_nonpersistent_alerts,False
ZA11X9Q8,2023-10-03,2023-12-29,30,0,0.9970785839474335,0.7327174854012237,,0.9970785839474335,0.7327174854012237,30,True,18,2023-11-02,True,19,2023-11-01,false_positive,,,-0.2970785839474336,not_a_failed_drive,2023-11-02,2023-12-29,58,2,0.0,repeated_nonpersistent_alerts,True
ZA11XAS4,2023-10-03,2023-12-27,29,0,0.8943952180670053,0.877579004184311,,0.8943952180670053,0.877579004184311,29,True,29,2023-10-03,True,29,2023-10-03,false_positive,,,-0.19439521806700533,not_a_failed_drive,2023-10-03,2023-12-27,86,3,0.0,repeated_nonpersistent_alerts,True
ZA11XKLQ,2023-10-06,2023-12-30,22,0,0.8575338588578658,0.4369591674707241,,0.8575338588578658,0.4369591674707241,22,True,4,2023-12-24,True,4,2023-12-24,false_positive,,,-0.15753385885786586,not_a_failed_drive,2023-12-24,2023-12-30,7,2,0.0,repeated_nonpersistent_alerts,True
ZA11YC3E,2023-10-01,2023-12-28,25,0,0.8004559063859187,0.6269991366076673,,0.8004559063859187,0.6269991366076673,25,True,10,2023-10-01,True,20,2023-10-01,false_positive,,,-0.10045590638591873,not_a_failed_drive,2023-10-01,2023-10-27,27,2,62.0,repeated_nonpersistent_alerts,False
ZA120TR4,2023-10-07,2023-12-29,32,0,0.8576041967167265,0.857128731470488,,0.8576041967167265,0.857128731470488,32,True,32,2023-10-07,True,32,2023-10-07,false_positive,,,-0.15760419671672654,not_a_failed_drive,2023-10-07,2023-12-29,84,4,0.0,repeated_nonpersistent_alerts,True
ZA12144H,2023-10-02,2023-12-30,30,0,0.9987404617206981,0.9987404617206981,,0.9987404617206981,0.9987404617206981,30,True,30,2023-10-02,True,30,2023-10-02,false_positive,,,-0.2987404617206981,not_a_failed_drive,2023-10-02,2023-12-30,90,4,0.0,repeated_nonpersistent_alerts,True
ZA122405,2023-10-02,2023-11-29,21,0,0.9994156639663072,0.6161040858810916,,0.9994156639663072,0.6161040858810916,21,True,1,2023-11-29,True,17,2023-10-19,false_positive,,,-0.29941566396630725,not_a_failed_drive,2023-11-29,2023-11-29,1,1,0.0,single_day_spike,True
ZA123BB1,2023-10-02,2023-12-27,26,0,0.9365983358185545,0.722117634960531,,0.9365983358185545,0.722117634960531,26,True,24,2023-10-11,True,26,2023-10-02,false_positive,,,-0.2365983358185545,not_a_failed_drive,2023-10-11,2023-12-27,78,3,0.0,repeated_nonpersistent_alerts,True
ZA123MCK,2023-10-02,2023-12-24,15,0,0.8599398443288605,0.8517875251690755,,0.8599398443288605,0.8517875251690755,15,True,15,2023-10-02,True,15,2023-10-02,false_positive,,,-0.15993984432886055,not_a_failed_drive,2023-10-02,2023-12-24,84,2,0.0,repeated_nonpersistent_alerts,True
ZA123PG9,2023-10-01,2023-12-24,30,0,0.9999994739889728,0.5571590501912235,,0.9999994739889728,0.5571590501912235,30,True,2,2023-10-31,True,22,2023-10-31,false_positive,,,-0.29999947398897286,not_a_failed_drive,2023-10-31,2023-11-03,4,1,51.0,short_alert_burst,False
ZA124B4F,2023-10-05,2023-12-24,24,0,0.8569701126733451,0.8569701126733452,,0.8569701126733451,0.8569701126733452,24,True,24,2023-10-05,True,24,2023-10-05,false_positive,,,-0.15697011267334515,not_a_failed_drive,2023-10-05,2023-12-24,81,3,0.0,repeated_nonpersistent_alerts,True
ZA124MT6,2023-10-06,2023-11-11,11,0,0.9749821998681943,0.9499069230602781,,0.9749821998681943,0.9499069230602781,11,True,11,2023-10-06,True,11,2023-10-06,false_positive,,,-0.2749821998681944,not_a_failed_drive,2023-10-06,2023-11-11,37,2,0.0,repeated_nonpersistent_alerts,True
ZA12556W,2023-10-04,2023-12-19,25,0,0.8569701126733451,0.44536201781237217,,0.8569701126733451,0.44536201781237217,25,True,5,2023-12-09,True,5,2023-12-09,false_positive,,,-0.15697011267334515,not_a_failed_drive,2023-12-09,2023-12-19,11,3,0.0,repeated_nonpersistent_alerts,True
ZA12556X,2023-10-02,2023-11-30,21,0,1.0,0.9994473006312743,,1.0,0.9994473006312743,21,True,21,2023-10-02,True,21,2023-10-02,false_positive,,,-0.30000000000000004,not_a_failed_drive,2023-10-02,2023-11-30,60,4,0.0,repeated_nonpersistent_alerts,True
ZA1257NZ,2023-10-01,2023-12-29,30,0,0.931934050847414,0.9125484425529884,,0.931934050847414,0.9125484425529884,30,True,30,2023-10-01,True,30,2023-10-01,false_positive,,,-0.23193405084741403,not_a_failed_drive,2023-10-01,2023-12-29,90,3,0.0,repeated_nonpersistent_alerts,True
ZA12626Z,2023-10-06,2023-12-30,26,0,0.7916425786922306,0.6942716202881182,,0.7916425786922306,0.6942716202881182,26,True,14,2023-10-11,True,26,2023-10-06,false_positive,,,-0.09164257869223069,not_a_failed_drive,2023-10-11,2023-11-26,47,3,34.0,repeated_nonpersistent_alerts,False
ZA126J3J,2023-10-06,2023-12-31,17,0,0.9892676314863412,0.9887511035517134,,0.9892676314863412,0.9887511035517134,17,True,17,2023-10-06,True,17,2023-10-06,false_positive,,,-0.28926763148634127,not_a_failed_drive,2023-10-06,2023-12-31,87,1,0.0,repeated_nonpersistent_alerts,True
ZA127DQA,2023-10-04,2023-12-31,26,0,0.8139862168415022,0.8139862168415022,,0.8139862168415022,0.8139862168415022,26,True,26,2023-10-04,True,26,2023-10-04,false_positive,,,-0.11398621684150223,not_a_failed_drive,2023-10-04,2023-12-31,89,5,0.0,repeated_nonpersistent_alerts,True
ZA127HS8,2023-10-01,2023-10-13,7,0,0.9133134897588256,0.4657342454155888,,0.9133134897588256,0.4657342454155888,7,True,1,2023-10-13,True,5,2023-10-05,false_positive,,,-0.2133134897588257,not_a_failed_drive,2023-10-13,2023-10-13,1,1,0.0,single_day_spike,True
ZA127XY2,2023-10-01,2023-12-31,28,0,0.9987742048964176,0.9741489261542798,,0.9987742048964176,0.9741489261542798,28,True,28,2023-10-01,True,28,2023-10-01,false_positive,,,-0.2987742048964176,not_a_failed_drive,2023-10-01,2023-12-31,92,4,0.0,repeated_nonpersistent_alerts,True
ZA128XRS,2023-10-05,2023-12-31,39,0,0.9995368277126243,0.8554393562218726,,0.9995368277126243,0.8554393562218726,39,True,36,2023-10-05,True,36,2023-10-05,false_positive,,,-0.29953682771262435,not_a_failed_drive,2023-10-05,2023-12-24,81,4,7.0,repeated_nonpersistent_alerts,True
ZA129TQF,2023-10-01,2023-11-28,19,0,0.9999748453779362,0.5306314377326334,,0.9999748453779362,0.5306314377326334,19,True,3,2023-11-24,True,19,2023-10-01,false_positive,,,-0.2999748453779363,not_a_failed_drive,2023-11-24,2023-11-28,5,1,0.0,repeated_nonpersistent_alerts,True
ZA12B3SA,2023-10-02,2023-12-30,21,0,0.9998637001436285,0.9996045863279741,,0.9998637001436285,0.9996045863279741,21,True,21,2023-10-02,True,21,2023-10-02,false_positive,,,-0.2998637001436285,not_a_failed_drive,2023-10-02,2023-12-30,90,2,0.0,repeated_nonpersistent_alerts,True
ZA12EY1W,2023-10-01,2023-11-27,15,0,0.9994552759402324,0.9311089006971083,,0.9994552759402324,0.9311089006971083,15,True,15,2023-10-01,True,15,2023-10-01,false_positive,,,-0.29945527594023247,not_a_failed_drive,2023-10-01,2023-11-27,58,2,0.0,repeated_nonpersistent_alerts,True
ZA12FDST,2023-10-01,2023-11-01,8,0,0.9999999197369172,0.9999950124267092,,0.9999999197369172,0.9999950124267092,8,True,8,2023-10-01,True,8,2023-10-01,false_positive,,,-0.2999999197369172,not_a_failed_drive,2023-10-01,2023-11-01,32,2,0.0,repeated_nonpersistent_alerts,True
ZA12G6DQ,2023-10-03,2023-10-11,3,0,0.9999999999999751,0.9999999999999446,,0.9999999999999751,0.9999999999999446,3,True,3,2023-10-03,True,3,2023-10-03,false_positive,,,-0.2999999999999752,not_a_failed_drive,2023-10-03,2023-10-11,9,1,0.0,repeated_nonpersistent_alerts,True
ZA12G9HL,2023-10-02,2023-12-28,25,0,0.9993576756029761,0.9993177755083158,,0.9993576756029761,0.9993177755083158,25,True,25,2023-10-02,True,25,2023-10-02,false_positive,,,-0.2993576756029761,not_a_failed_drive,2023-10-02,2023-12-28,88,4,0.0,repeated_nonpersistent_alerts,True
ZA12JV3K,2023-10-01,2023-12-29,25,0,0.8569701126733451,0.8569701126733452,,0.8569701126733451,0.8569701126733452,25,True,25,2023-10-01,True,25,2023-10-01,false_positive,,,-0.15697011267334515,not_a_failed_drive,2023-10-01,2023-12-29,90,5,0.0,repeated_nonpersistent_alerts,True
ZA12KEFN,2023-10-03,2023-12-28,30,0,0.9204852821096147,0.8052289754612971,,0.9204852821096147,0.8052289754612971,30,True,26,2023-10-05,True,29,2023-10-05,false_positive,,,-0.2204852821096147,not_a_failed_drive,2023-10-05,2023-12-17,74,3,11.0,repeated_nonpersistent_alerts,False
ZA12KYY1,2023-10-01,2023-12-29,18,0,0.9999999556883705,0.9999999208070359,,0.9999999556883705,0.9999999208070359,18,True,18,2023-10-01,True,18,2023-10-01,false_positive,,,-0.29999995568837057,not_a_failed_drive,2023-10-01,2023-12-29,90,2,0.0,repeated_nonpersistent_alerts,True
ZA12M21A,2023-10-05,2023-11-11,12,0,0.9999999763779325,0.9993166316991969,,0.9999999763779325,0.9993166316991969,12,True,12,2023-10-05,True,12,2023-10-05,false_positive,,,-0.2999999763779325,not_a_failed_drive,2023-10-05,2023-11-11,38,4,0.0,repeated_nonpersistent_alerts,True
ZA12M24L,2023-10-06,2023-12-30,24,0,0.9200789145566379,0.8132339724510147,,0.9200789145566379,0.8132339724510147,24,True,16,2023-11-02,True,24,2023-10-06,false_positive,,,-0.22007891455663797,not_a_failed_drive,2023-11-02,2023-12-30,59,3,0.0,repeated_nonpersistent_alerts,True
ZA12MK0V,2023-10-02,2023-12-28,35,0,0.8870637110593319,0.8731938352802581,,0.8870637110593319,0.8731938352802581,35,True,35,2023-10-02,True,35,2023-10-02,false_positive,,,-0.18706371105933195,not_a_failed_drive,2023-10-02,2023-12-28,88,3,0.0,repeated_nonpersistent_alerts,True
ZA12MSPL,2023-10-05,2023-12-30,38,0,0.7043116364190494,0.7043116364190494,,0.7043116364190494,0.7043116364190494,38,True,38,2023-10-05,True,38,2023-10-05,false_positive,,,-0.004311636419049414,not_a_failed_drive,2023-10-05,2023-12-30,87,5,0.0,repeated_nonpersistent_alerts,True
ZA12NMG7,2023-10-03,2023-12-30,21,0,0.9541654793780887,0.9512444735984202,,0.9541654793780887,0.9512444735984202,21,True,21,2023-10-03,True,21,2023-10-03,false_positive,,,-0.25416547937808875,not_a_failed_drive,2023-10-03,2023-12-30,89,2,0.0,repeated_nonpersistent_alerts,True
ZA12PTR3,2023-10-02,2023-12-31,22,0,0.8735990217270496,0.8735526161749761,,0.8735990217270496,0.8735526161749761,22,True,22,2023-10-02,True,22,2023-10-02,false_positive,,,-0.17359902172704966,not_a_failed_drive,2023-10-02,2023-12-31,91,3,0.0,repeated_nonpersistent_alerts,True
ZA12Q5WY,2023-10-02,2023-11-12,16,0,0.9995367879490553,0.5181522688085675,,0.9995367879490553,0.5181522688085675,16,True,4,2023-11-05,True,16,2023-10-02,false_positive,,,-0.29953678794905536,not_a_failed_drive,2023-11-05,2023-11-12,8,2,0.0,repeated_nonpersistent_alerts,True
ZA12Q60X,2023-10-02,2023-12-28,26,0,0.9912595651303209,0.9912595651303209,,0.9912595651303209,0.9912595651303209,26,True,26,2023-10-02,True,26,2023-10-02,false_positive,,,-0.2912595651303209,not_a_failed_drive,2023-10-02,2023-12-28,88,3,0.0,repeated_nonpersistent_alerts,True
ZA12Q618,2023-10-01,2023-12-31,25,0,0.8017113184617869,0.6709827256690979,,0.8017113184617869,0.6709827256690979,25,True,18,2023-10-28,True,18,2023-10-28,false_positive,,,-0.10171131846178694,not_a_failed_drive,2023-10-28,2023-12-31,65,2,0.0,repeated_nonpersistent_alerts,True
ZA12QCA7,2023-10-02,2023-12-30,25,0,0.9278436323982316,0.697923366452104,,0.9278436323982316,0.697923366452104,25,True,11,2023-11-27,True,25,2023-10-02,false_positive,,,-0.2278436323982317,not_a_failed_drive,2023-11-27,2023-12-30,34,3,0.0,repeated_nonpersistent_alerts,True
ZA12QFDB,2023-10-01,2023-12-27,32,0,0.8569701126733451,0.7926563478513181,,0.8569701126733451,0.7926563478513181,32,True,28,2023-10-01,True,28,2023-10-01,false_positive,,,-0.15697011267334515,not_a_failed_drive,2023-10-01,2023-12-20,81,5,7.0,repeated_nonpersistent_alerts,True
ZA12QFEX,2023-10-07,2023-12-27,25,0,0.9395491189802235,0.9392622905842516,,0.9395491189802235,0.9392622905842516,25,True,25,2023-10-07,True,25,2023-10-07,false_positive,,,-0.23954911898022357,not_a_failed_drive,2023-10-07,2023-12-27,82,4,0.0,repeated_nonpersistent_alerts,True
ZA12QFM1,2023-10-01,2023-11-12,14,0,0.9999999161154277,0.9999987413465519,,0.9999999161154277,0.9999987413465519,14,True,14,2023-10-01,True,14,2023-10-01,false_positive,,,-0.29999991611542776,not_a_failed_drive,2023-10-01,2023-11-12,43,2,0.0,repeated_nonpersistent_alerts,True
ZA12RAS2,2023-10-04,2023-10-07,4,0,0.8481098105269814,0.8481098105269814,,0.8481098105269814,0.8481098105269814,4,True,4,2023-10-04,True,4,2023-10-04,false_positive,,,-0.14810981052698147,not_a_failed_drive,2023-10-04,2023-10-07,4,4,0.0,repeated_nonpersistent_alerts,True
ZA12RAVH,2023-10-01,2023-12-30,33,0,0.8140656004344532,0.8140656004344532,,0.8140656004344532,0.8140656004344532,33,True,33,2023-10-01,True,33,2023-10-01,false_positive,,,-0.11406560043445324,not_a_failed_drive,2023-10-01,2023-12-30,91,3,0.0,repeated_nonpersistent_alerts,True
ZA12RB5Q,2023-10-02,2023-12-29,31,0,0.9912174269436531,0.9735127366578608,,0.9912174269436531,0.9735127366578608,31,True,31,2023-10-02,True,31,2023-10-02,false_positive,,,-0.29121742694365316,not_a_failed_drive,2023-10-02,2023-12-29,89,3,0.0,repeated_nonpersistent_alerts,True
ZA12RFX3,2023-10-03,2023-12-29,27,0,1.0,0.9999999999934954,,1.0,0.9999999999934954,27,True,27,2023-10-03,True,27,2023-10-03,false_positive,,,-0.30000000000000004,not_a_failed_drive,2023-10-03,2023-12-29,88,3,0.0,repeated_nonpersistent_alerts,True
ZA12TR9H,2023-10-05,2023-12-30,37,0,0.9999999989739037,0.9999999979563493,,0.9999999989739037,0.9999999979563493,37,True,37,2023-10-05,True,37,2023-10-05,false_positive,,,-0.2999999989739037,not_a_failed_drive,2023-10-05,2023-12-30,87,4,0.0,repeated_nonpersistent_alerts,True
ZA12TYFF,2023-10-01,2023-12-31,37,0,0.847472142260778,0.3660292540127613,,0.847472142260778,0.3660292540127613,37,True,2,2023-12-30,True,2,2023-12-30,false_positive,,,-0.1474721422607781,not_a_failed_drive,2023-12-30,2023-12-31,2,2,0.0,short_alert_burst,True
ZA12X09B,2023-10-02,2023-12-28,30,0,0.847472142260778,0.7626464905218417,,0.847472142260778,0.7626464905218417,30,True,25,2023-10-08,True,25,2023-10-08,false_positive,,,-0.1474721422607781,not_a_failed_drive,2023-10-08,2023-12-28,82,3,0.0,repeated_nonpersistent_alerts,True
ZA12X99F,2023-10-02,2023-12-31,30,0,0.7161522927196874,0.7075146069072579,,0.7161522927196874,0.7075146069072579,30,True,22,2023-10-24,True,30,2023-10-02,false_positive,,,-0.016152292719687433,not_a_failed_drive,2023-10-24,2023-12-31,69,6,0.0,repeated_nonpersistent_alerts,True
ZA12XRM6,2023-10-08,2023-12-30,21,0,0.9615433818807474,0.8909409833444586,,0.9615433818807474,0.8909409833444586,21,True,18,2023-10-17,True,21,2023-10-08,false_positive,,,-0.26154338188074744,not_a_failed_drive,2023-10-17,2023-12-30,75,2,0.0,repeated_nonpersistent_alerts,True
ZA12XX4T,2023-10-06,2023-12-27,22,0,0.9999999997626292,0.9999999819673783,,0.9999999997626292,0.9999999819673783,22,True,22,2023-10-06,True,22,2023-10-06,false_positive,,,-0.29999999976262925,not_a_failed_drive,2023-10-06,2023-12-27,83,3,0.0,repeated_nonpersistent_alerts,True
ZA1320FC,2023-10-03,2023-12-30,27,0,0.9999999997231201,0.9999994446171657,,0.9999999997231201,0.9999994446171657,27,True,27,2023-10-03,True,27,2023-10-03,false_positive,,,-0.2999999997231202,not_a_failed_drive,2023-10-03,2023-12-30,89,3,0.0,repeated_nonpersistent_alerts,True
ZA1323LN,2023-10-06,2023-12-31,26,0,0.7540693585533478,0.5559302776364082,,0.7540693585533478,0.5559302776364082,26,True,7,2023-10-06,True,26,2023-10-06,false_positive,,,-0.054069358553347824,not_a_failed_drive,2023-10-06,2023-12-31,87,3,0.0,repeated_nonpersistent_alerts,True
ZA136QZ8,2023-10-02,2023-12-23,24,0,0.9979249124770928,0.997879563970585,,0.9979249124770928,0.997879563970585,24,True,24,2023-10-02,True,24,2023-10-02,false_positive,,,-0.29792491247709285,not_a_failed_drive,2023-10-02,2023-12-23,83,2,0.0,repeated_nonpersistent_alerts,True
ZA138YK5,2023-10-01,2023-10-25,10,0,0.8518899538726793,0.8518899538726792,,0.8518899538726793,0.8518899538726792,10,True,10,2023-10-01,True,10,2023-10-01,false_positive,,,-0.15188995387267934,not_a_failed_drive,2023-10-01,2023-10-25,25,3,0.0,repeated_nonpersistent_alerts,True
ZA1390BG,2023-10-05,2023-12-16,28,0,1.0,0.9999999999999952,,1.0,0.9999999999999952,28,True,28,2023-10-05,True,28,2023-10-05,false_positive,,,-0.30000000000000004,not_a_failed_drive,2023-10-05,2023-12-16,73,4,0.0,repeated_nonpersistent_alerts,True
ZA139FWY,2023-10-05,2023-12-29,34,0,0.9971390486756876,0.9959858608388584,,0.9971390486756876,0.9959858608388584,34,True,34,2023-10-05,True,34,2023-10-05,false_positive,,,-0.29713904867568763,not_a_failed_drive,2023-10-05,2023-12-29,86,5,0.0,repeated_nonpersistent_alerts,True
ZA139GFV,2023-10-02,2023-12-23,21,0,0.9643369490251642,0.6391906480074215,,0.9643369490251642,0.6391906480074215,21,True,10,2023-11-25,True,21,2023-10-02,false_positive,,,-0.26433694902516425,not_a_failed_drive,2023-11-25,2023-12-23,29,2,0.0,repeated_nonpersistent_alerts,True
ZA139GPJ,2023-10-02,2023-12-02,25,0,0.9999987529841329,0.9999786978753016,,0.9999987529841329,0.9999786978753016,25,True,25,2023-10-02,True,25,2023-10-02,false_positive,,,-0.2999987529841329,not_a_failed_drive,2023-10-02,2023-12-02,62,4,0.0,repeated_nonpersistent_alerts,True
ZA13B430,2023-10-06,2023-12-30,28,0,0.9999723090141388,0.9999723090141389,,0.9999723090141388,0.9999723090141389,28,True,28,2023-10-06,True,28,2023-10-06,false_positive,,,-0.29997230901413885,not_a_failed_drive,2023-10-06,2023-12-30,86,4,0.0,repeated_nonpersistent_alerts,True
ZA13B4F8,2023-10-01,2023-12-30,26,0,0.9999998466880569,0.9999998466880569,,0.9999998466880569,0.9999998466880569,26,True,26,2023-10-01,True,26,2023-10-01,false_positive,,,-0.2999998466880569,not_a_failed_drive,2023-10-01,2023-12-30,91,3,0.0,repeated_nonpersistent_alerts,True
ZA13EW7R,2023-10-02,2023-12-30,21,0,0.80876623019684,0.8085184644001474,,0.80876623019684,0.8085184644001474,21,True,21,2023-10-02,True,21,2023-10-02,false_positive,,,-0.10876623019684006,not_a_failed_drive,2023-10-02,2023-12-30,90,3,0.0,repeated_nonpersistent_alerts,True
ZA13EW8A,2023-10-03,2023-12-23,26,0,0.9999958175090271,0.9999822885450834,,0.9999958175090271,0.9999822885450834,26,True,26,2023-10-03,True,26,2023-10-03,false_positive,,,-0.29999581750902715,not_a_failed_drive,2023-10-03,2023-12-23,82,3,0.0,repeated_nonpersistent_alerts,True
ZA13EWEN,2023-10-07,2023-10-07,1,0,0.9984223506760921,0.9984223506760921,,0.9984223506760921,0.9984223506760921,1,True,1,2023-10-07,True,1,2023-10-07,false_positive,,,-0.29842235067609213,not_a_failed_drive,2023-10-07,2023-10-07,1,1,0.0,single_day_spike,True
ZA13EWEP,2023-10-01,2023-12-30,30,0,0.9913286250209926,0.9793892739267835,,0.9913286250209926,0.9793892739267835,30,True,30,2023-10-01,True,30,2023-10-01,false_positive,,,-0.29132862502099266,not_a_failed_drive,2023-10-01,2023-12-30,91,4,0.0,repeated_nonpersistent_alerts,True
ZA13EWKC,2023-10-08,2023-12-30,29,0,0.8152532171481848,0.8152532171481848,,0.8152532171481848,0.8152532171481848,29,True,29,2023-10-08,True,29,2023-10-08,false_positive,,,-0.11525321714818482,not_a_failed_drive,2023-10-08,2023-12-30,84,3,0.0,repeated_nonpersistent_alerts,True
ZA13EX02,2023-10-01,2023-12-21,30,0,0.8052934774155673,0.5656705462528471,,0.8052934774155673,0.5656705462528471,30,True,14,2023-10-01,True,30,2023-10-01,false_positive,,,-0.10529347741556738,not_a_failed_drive,2023-10-01,2023-11-10,41,3,41.0,repeated_nonpersistent_alerts,False
ZA13EX3H,2023-10-03,2023-11-15,11,0,0.9999999999999871,0.7212614728431183,,0.9999999999999871,0.7212614728431183,11,True,7,2023-10-27,True,11,2023-10-03,false_positive,,,-0.29999999999998717,not_a_failed_drive,2023-10-27,2023-11-15,20,1,0.0,repeated_nonpersistent_alerts,True
ZA13EXBZ,2023-10-04,2023-11-21,16,0,0.9999181228490239,0.45447720892611665,,0.9999181228490239,0.45447720892611665,16,True,1,2023-11-21,True,12,2023-10-14,false_positive,,,-0.29991812284902397,not_a_failed_drive,2023-11-21,2023-11-21,1,1,0.0,single_day_spike,True
ZA13F1HC,2023-10-11,2023-12-29,20,0,0.9998821175990963,0.9998821175990964,,0.9998821175990963,0.9998821175990964,20,True,20,2023-10-11,True,20,2023-10-11,false_positive,,,-0.29988211759909633,not_a_failed_drive,2023-10-11,2023-12-29,80,4,0.0,repeated_nonpersistent_alerts,True
ZA13F76B,2023-10-16,2023-12-24,25,0,0.9900503144783037,0.9900199180501137,,0.9900503144783037,0.9900199180501137,25,True,25,2023-10-16,True,25,2023-10-16,false_positive,,,-0.29005031447830376,not_a_failed_drive,2023-10-16,2023-12-24,70,6,0.0,repeated_nonpersistent_alerts,True
ZA13F78Y,2023-10-05,2023-12-31,25,0,0.999986524248722,0.999986524248722,,0.999986524248722,0.999986524248722,25,True,25,2023-10-05,True,25,2023-10-05,false_positive,,,-0.2999865242487221,not_a_failed_drive,2023-10-05,2023-12-31,88,3,0.0,repeated_nonpersistent_alerts,True
ZA13G9RD,2023-10-03,2023-10-17,3,0,0.9979802038391558,0.9976817212565933,,0.9979802038391558,0.9976817212565933,3,True,3,2023-10-03,True,3,2023-10-03,false_positive,,,-0.2979802038391558,not_a_failed_drive,2023-10-03,2023-10-17,15,1,0.0,repeated_nonpersistent_alerts,True
ZA13GEW8,2023-10-03,2023-12-26,27,0,0.8575338588578658,0.3815748459711828,,0.8575338588578658,0.3815748459711828,27,True,2,2023-12-20,True,2,2023-12-20,false_positive,,,-0.15753385885786586,not_a_failed_drive,2023-12-20,2023-12-26,7,1,0.0,short_alert_burst,True
ZA13GGZM,2023-10-03,2023-12-24,28,0,0.8621088185015174,0.821170367754461,,0.8621088185015174,0.821170367754461,28,True,28,2023-10-03,True,28,2023-10-03,false_positive,,,-0.16210881850151748,not_a_failed_drive,2023-10-03,2023-12-24,83,4,0.0,repeated_nonpersistent_alerts,True
ZA13GZ9S,2023-10-01,2023-12-29,27,0,0.9130048840780502,0.8549013854514501,,0.9130048840780502,0.8549013854514501,27,True,27,2023-10-01,True,27,2023-10-01,false_positive,,,-0.2130048840780503,not_a_failed_drive,2023-10-01,2023-12-29,90,3,0.0,repeated_nonpersistent_alerts,True
ZA13GZBL,2023-10-02,2023-12-31,26,0,0.937041749539852,0.7287553568577562,,0.937041749539852,0.7287553568577562,26,True,16,2023-11-03,True,26,2023-10-02,false_positive,,,-0.23704174953985202,not_a_failed_drive,2023-11-03,2023-12-31,59,2,0.0,repeated_nonpersistent_alerts,True
ZA13J9NY,2023-10-02,2023-12-31,25,0,0.9174721067673285,0.9174721067673285,,0.9174721067673285,0.9174721067673285,25,True,25,2023-10-02,True,25,2023-10-02,false_positive,,,-0.21747210676732853,not_a_failed_drive,2023-10-02,2023-12-31,91,3,0.0,repeated_nonpersistent_alerts,True
ZA13LMZV,2023-10-04,2023-12-28,31,0,0.9999999979505276,0.9999999856820331,,0.9999999979505276,0.9999999856820331,31,True,31,2023-10-04,True,31,2023-10-04,false_positive,,,-0.2999999979505277,not_a_failed_drive,2023-10-04,2023-12-28,86,4,0.0,repeated_nonpersistent_alerts,True
ZA13Q081,2023-10-03,2023-12-28,32,0,0.9168084185897288,0.9168084185897288,,0.9168084185897288,0.9168084185897288,32,True,32,2023-10-03,True,32,2023-10-03,false_positive,,,-0.21680841858972888,not_a_failed_drive,2023-10-03,2023-12-28,87,4,0.0,repeated_nonpersistent_alerts,True
ZA13QC1P,2023-10-07,2023-12-30,25,0,0.7147548031934735,0.7115864707468934,,0.7147548031934735,0.7115864707468934,25,True,25,2023-10-07,True,25,2023-10-07,false_positive,,,-0.014754803193473554,not_a_failed_drive,2023-10-07,2023-12-30,85,4,0.0,repeated_nonpersistent_alerts,True
ZA13R1GV,2023-10-01,2023-12-31,23,0,0.9548303586381506,0.9544197484791398,,0.9548303586381506,0.9544197484791398,23,True,23,2023-10-01,True,23,2023-10-01,false_positive,,,-0.2548303586381506,not_a_failed_drive,2023-10-01,2023-12-31,92,2,0.0,repeated_nonpersistent_alerts,True
ZA13R1V4,2023-10-03,2023-12-31,31,0,0.9482070277297714,0.9482070277297714,,0.9482070277297714,0.9482070277297714,31,True,31,2023-10-03,True,31,2023-10-03,false_positive,,,-0.24820702772977143,not_a_failed_drive,2023-10-03,2023-12-31,90,3,0.0,repeated_nonpersistent_alerts,True
ZA13R2KD,2023-10-03,2023-12-28,28,0,0.9905906393817941,0.9903747714571874,,0.9905906393817941,0.9903747714571874,28,True,28,2023-10-03,True,28,2023-10-03,false_positive,,,-0.2905906393817942,not_a_failed_drive,2023-10-03,2023-12-28,87,3,0.0,repeated_nonpersistent_alerts,True
ZA13R2KK,2023-10-01,2023-12-31,30,0,0.8832955188999648,0.6559377065094248,,0.8832955188999648,0.6559377065094248,30,True,13,2023-12-02,True,30,2023-10-01,false_positive,,,-0.18329551889996487,not_a_failed_drive,2023-12-02,2023-12-31,30,4,0.0,repeated_nonpersistent_alerts,True
ZA13R2KT,2023-10-02,2023-12-26,32,0,0.999932757580558,0.999932757580558,,0.999932757580558,0.999932757580558,32,True,32,2023-10-02,True,32,2023-10-02,false_positive,,,-0.29993275758055804,not_a_failed_drive,2023-10-02,2023-12-26,86,3,0.0,repeated_nonpersistent_alerts,True
ZA13R2L3,2023-10-02,2023-12-30,23,0,0.9999999999999807,0.9999999999983855,,0.9999999999999807,0.9999999999983855,23,True,23,2023-10-02,True,23,2023-10-02,false_positive,,,-0.2999999999999807,not_a_failed_drive,2023-10-02,2023-12-30,90,5,0.0,repeated_nonpersistent_alerts,True
ZA13R2QF,2023-10-02,2023-12-23,24,0,0.9953168731214752,0.7998068969356282,,0.9953168731214752,0.7998068969356282,24,True,9,2023-11-28,True,24,2023-10-02,false_positive,,,-0.29531687312147525,not_a_failed_drive,2023-11-28,2023-12-23,26,3,0.0,repeated_nonpersistent_alerts,True
ZA13R451,2023-10-03,2023-12-30,37,0,0.9999996083039355,0.9999996063017389,,0.9999996083039355,0.9999996063017389,37,True,37,2023-10-03,True,37,2023-10-03,false_positive,,,-0.29999960830393557,not_a_failed_drive,2023-10-03,2023-12-30,89,3,0.0,repeated_nonpersistent_alerts,True
ZA13R54K,2023-10-01,2023-12-29,25,0,0.9230782002307839,0.9055031769158184,,0.9230782002307839,0.9055031769158184,25,True,25,2023-10-01,True,25,2023-10-01,false_positive,,,-0.22307820023078395,not_a_failed_drive,2023-10-01,2023-12-29,90,4,0.0,repeated_nonpersistent_alerts,True
ZA13R7ET,2023-10-01,2023-12-26,32,0,0.8134298001809069,0.8134298001809069,,0.8134298001809069,0.8134298001809069,32,True,32,2023-10-01,True,32,2023-10-01,false_positive,,,-0.11342980018090698,not_a_failed_drive,2023-10-01,2023-12-26,87,4,0.0,repeated_nonpersistent_alerts,True
ZA13RHFR,2023-10-01,2023-12-23,27,0,0.9740569946227511,0.7256141297694108,,0.9740569946227511,0.7256141297694108,27,True,16,2023-10-01,True,22,2023-10-01,false_positive,,,-0.2740569946227511,not_a_failed_drive,2023-10-01,2023-12-23,84,3,0.0,repeated_nonpersistent_alerts,True
ZA13RHRB,2023-10-01,2023-12-31,29,0,0.9989771771183378,0.7185377246512783,,0.9989771771183378,0.7185377246512783,29,True,10,2023-11-22,True,27,2023-10-01,false_positive,,,-0.2989771771183378,not_a_failed_drive,2023-11-22,2023-12-31,40,2,0.0,repeated_nonpersistent_alerts,True
ZA13RJF2,2023-10-02,2023-12-29,30,0,0.9999999999999998,0.9999999999999998,,0.9999999999999998,0.9999999999999998,30,True,30,2023-10-02,True,30,2023-10-02,false_positive,,,-0.2999999999999998,not_a_failed_drive,2023-10-02,2023-12-29,89,3,0.0,repeated_nonpersistent_alerts,True
ZA13RJF8,2023-10-01,2023-12-30,23,0,0.723480443476017,0.7227578539099314,,0.723480443476017,0.7227578539099314,23,True,23,2023-10-01,True,23,2023-10-01,false_positive,,,-0.023480443476017077,not_a_failed_drive,2023-10-01,2023-12-30,91,2,0.0,repeated_nonpersistent_alerts,True
ZA13XE2Z,2023-10-08,2023-12-27,33,0,0.8120492034683517,0.8120492034683517,,0.8120492034683517,0.8120492034683517,33,True,33,2023-10-08,True,33,2023-10-08,false_positive,,,-0.11204920346835179,not_a_failed_drive,2023-10-08,2023-12-27,81,4,0.0,repeated_nonpersistent_alerts,True
ZA13XT3C,2023-10-02,2023-12-31,35,0,0.9693489877464804,0.9235662847650815,,0.9693489877464804,0.9235662847650815,35,True,35,2023-10-02,True,35,2023-10-02,false_positive,,,-0.2693489877464804,not_a_failed_drive,2023-10-02,2023-12-31,91,4,0.0,repeated_nonpersistent_alerts,True
ZA13YGAA,2023-10-01,2023-12-26,20,0,0.86959302902829,0.8251828459503028,,0.86959302902829,0.8251828459503028,20,True,20,2023-10-01,True,20,2023-10-01,false_positive,,,-0.1695930290282901,not_a_failed_drive,2023-10-01,2023-12-26,87,2,0.0,repeated_nonpersistent_alerts,True
ZA13YJBQ,2023-10-08,2023-12-30,26,0,0.8004559063859187,0.8004559063859187,,0.8004559063859187,0.8004559063859187,26,True,26,2023-10-08,True,26,2023-10-08,false_positive,,,-0.10045590638591873,not_a_failed_drive,2023-10-08,2023-12-30,84,3,0.0,repeated_nonpersistent_alerts,True
ZA13YP0S,2023-10-02,2023-12-28,30,0,0.8487452887135842,0.8487452887135842,,0.8487452887135842,0.8487452887135842,30,True,30,2023-10-02,True,30,2023-10-02,false_positive,,,-0.14874528871358428,not_a_failed_drive,2023-10-02,2023-12-28,88,3,0.0,repeated_nonpersistent_alerts,True
ZA13YP5J,2023-10-02,2023-12-19,30,0,0.9999999863307081,0.6190740216247926,,0.9999999863307081,0.6190740216247926,30,True,13,2023-11-24,True,13,2023-11-24,false_positive,,,-0.2999999863307081,not_a_failed_drive,2023-11-24,2023-12-19,26,6,0.0,repeated_nonpersistent_alerts,True
ZA13YPCF,2023-10-01,2023-12-23,32,0,0.8047451165143248,0.7606436515410943,,0.8047451165143248,0.7606436515410943,32,True,29,2023-10-01,True,29,2023-10-01,false_positive,,,-0.10474511651432483,not_a_failed_drive,2023-10-01,2023-12-12,73,4,11.0,repeated_nonpersistent_alerts,False
ZA13YPL0,2023-10-01,2023-12-30,27,0,0.8570406823508142,0.8570380686590561,,0.8570406823508142,0.8570380686590561,27,True,27,2023-10-01,True,27,2023-10-01,false_positive,,,-0.15704068235081425,not_a_failed_drive,2023-10-01,2023-12-30,91,5,0.0,repeated_nonpersistent_alerts,True
ZA13YPR9,2023-10-03,2023-12-24,27,0,0.9296981793764779,0.850931915383698,,0.9296981793764779,0.850931915383698,27,True,27,2023-10-03,True,27,2023-10-03,false_positive,,,-0.22969817937647796,not_a_failed_drive,2023-10-03,2023-12-24,83,3,0.0,repeated_nonpersistent_alerts,True
ZA13YPSC,2023-10-01,2023-12-31,36,0,0.8017113184617869,0.8017113184617869,,0.8017113184617869,0.8017113184617869,36,True,36,2023-10-01,True,36,2023-10-01,false_positive,,,-0.10171131846178694,not_a_failed_drive,2023-10-01,2023-12-31,92,5,0.0,repeated_nonpersistent_alerts,True
ZA13YXAD,2023-10-03,2023-12-30,26,0,0.9187850447301922,0.6748416545600191,,0.9187850447301922,0.6748416545600191,26,True,6,2023-10-11,True,26,2023-10-03,false_positive,,,-0.21878504473019222,not_a_failed_drive,2023-10-11,2023-10-21,11,2,70.0,repeated_nonpersistent_alerts,False
ZA13Z85K,2023-10-03,2023-12-30,32,0,0.9999962397944321,0.9999961888395967,,0.9999962397944321,0.9999961888395967,32,True,32,2023-10-03,True,32,2023-10-03,false_positive,,,-0.29999623979443213,not_a_failed_drive,2023-10-03,2023-12-30,89,3,0.0,repeated_nonpersistent_alerts,True
ZA13Z8EV,2023-10-04,2023-12-30,28,0,0.7765507688495387,0.7765507688495387,,0.7765507688495387,0.7765507688495387,28,True,28,2023-10-04,True,28,2023-10-04,false_positive,,,-0.07655076884953871,not_a_failed_drive,2023-10-04,2023-12-30,88,4,0.0,repeated_nonpersistent_alerts,True
ZA13ZKY4,2023-10-02,2023-12-25,27,0,0.9277545232589338,0.9277545232589338,,0.9277545232589338,0.9277545232589338,27,True,27,2023-10-02,True,27,2023-10-02,false_positive,,,-0.22775452325893386,not_a_failed_drive,2023-10-02,2023-12-25,85,6,0.0,repeated_nonpersistent_alerts,True
ZA13ZL7N,2023-10-07,2023-12-23,27,0,0.9848535567781167,0.9846533147172963,,0.9848535567781167,0.9846533147172963,27,True,27,2023-10-07,True,27,2023-10-07,false_positive,,,-0.28485355677811675,not_a_failed_drive,2023-10-07,2023-12-23,78,5,0.0,repeated_nonpersistent_alerts,True
ZA13ZRZF,2023-10-01,2023-12-29,23,0,0.9539167735292676,0.7993533791284553,,0.9539167735292676,0.7993533791284553,23,True,15,2023-10-01,True,21,2023-10-01,false_positive,,,-0.25391677352926767,not_a_failed_drive,2023-10-01,2023-11-18,49,3,41.0,repeated_nonpersistent_alerts,False
ZA13ZS22,2023-10-05,2023-12-28,29,0,0.9888088891310661,0.9888088891310661,,0.9888088891310661,0.9888088891310661,29,True,29,2023-10-05,True,29,2023-10-05,false_positive,,,-0.28880888913106617,not_a_failed_drive,2023-10-05,2023-12-28,85,3,0.0,repeated_nonpersistent_alerts,True
ZA13ZVR7,2023-10-02,2023-12-31,31,0,0.9999999999999978,0.9999999999999952,,0.9999999999999978,0.9999999999999952,31,True,31,2023-10-02,True,31,2023-10-02,false_positive,,,-0.2999999999999978,not_a_failed_drive,2023-10-02,2023-12-31,91,5,0.0,repeated_nonpersistent_alerts,True
ZA141WSH,2023-10-07,2023-12-25,19,0,0.8580957509396403,0.5643106583746939,,0.8580957509396403,0.5643106583746939,19,True,7,2023-12-05,True,9,2023-11-23,false_positive,,,-0.15809575093964034,not_a_failed_drive,2023-12-05,2023-12-25,21,1,0.0,repeated_nonpersistent_alerts,True
ZA142RV6,2023-10-04,2023-12-31,19,0,0.847472142260778,0.847472142260778,,0.847472142260778,0.847472142260778,19,True,19,2023-10-04,True,19,2023-10-04,false_positive,,,-0.1474721422607781,not_a_failed_drive,2023-10-04,2023-12-31,89,2,0.0,repeated_nonpersistent_alerts,True
ZA1438SF,2023-10-01,2023-12-31,29,0,0.9999959521754554,0.554875708234313,,0.9999959521754554,0.554875708234313,29,True,9,2023-12-06,True,12,2023-11-23,false_positive,,,-0.2999959521754555,not_a_failed_drive,2023-12-06,2023-12-31,26,2,0.0,repeated_nonpersistent_alerts,True
ZA144KZM,2023-10-01,2023-12-29,29,0,0.9999999787710785,0.9999851708976685,,0.9999999787710785,0.9999851708976685,29,True,29,2023-10-01,True,29,2023-10-01,false_positive,,,-0.29999997877107853,not_a_failed_drive,2023-10-01,2023-12-29,90,4,0.0,repeated_nonpersistent_alerts,True
ZA144NLN,2023-10-03,2023-12-27,34,0,0.8756198805896577,0.73981027474361,,0.8756198805896577,0.73981027474361,34,True,11,2023-11-18,True,34,2023-10-03,false_positive,,,-0.17561988058965772,not_a_failed_drive,2023-11-18,2023-12-27,40,2,0.0,repeated_nonpersistent_alerts,True
ZA144QF2,2023-10-05,2023-12-27,24,0,0.9119205727896194,0.9053111681657559,,0.9119205727896194,0.9053111681657559,24,True,24,2023-10-05,True,24,2023-10-05,false_positive,,,-0.2119205727896194,not_a_failed_drive,2023-10-05,2023-12-27,84,3,0.0,repeated_nonpersistent_alerts,True
ZA144S00,2023-10-06,2023-12-30,19,0,0.9891966119559613,0.9727991931136775,,0.9891966119559613,0.9727991931136775,19,True,19,2023-10-06,True,19,2023-10-06,false_positive,,,-0.28919661195596136,not_a_failed_drive,2023-10-06,2023-12-30,86,3,0.0,repeated_nonpersistent_alerts,True
ZA1456TJ,2023-10-01,2023-12-31,30,0,0.7142965907650559,0.7142965907650559,,0.7142965907650559,0.7142965907650559,30,True,30,2023-10-01,True,30,2023-10-01,false_positive,,,-0.014296590765055961,not_a_failed_drive,2023-10-01,2023-12-31,92,4,0.0,repeated_nonpersistent_alerts,True
ZA1491G6,2023-10-01,2023-12-27,30,0,0.9999999999903872,0.9999999771741841,,0.9999999999903872,0.9999999771741841,30,True,30,2023-10-01,True,30,2023-10-01,false_positive,,,-0.2999999999903873,not_a_failed_drive,2023-10-01,2023-12-27,88,3,0.0,repeated_nonpersistent_alerts,True
ZA149C0X,2023-10-03,2023-12-31,25,0,0.9999999998733606,0.9999999995640323,,0.9999999998733606,0.9999999995640323,25,True,25,2023-10-03,True,25,2023-10-03,false_positive,,,-0.2999999998733607,not_a_failed_drive,2023-10-03,2023-12-31,90,3,0.0,repeated_nonpersistent_alerts,True
ZA14DCC0,2023-10-01,2023-12-30,28,0,0.7123346245926909,0.7122994691400766,,0.7123346245926909,0.7122994691400766,28,True,28,2023-10-01,True,28,2023-10-01,false_positive,,,-0.012334624592690968,not_a_failed_drive,2023-10-01,2023-12-30,91,4,0.0,repeated_nonpersistent_alerts,True
ZA14E95K,2023-10-15,2023-12-30,19,0,0.9995878843582154,0.9995878843582154,,0.9995878843582154,0.9995878843582154,19,True,19,2023-10-15,True,19,2023-10-15,false_positive,,,-0.2995878843582155,not_a_failed_drive,2023-10-15,2023-12-30,77,2,0.0,repeated_nonpersistent_alerts,True
ZA14EBH3,2023-10-01,2023-12-31,35,0,0.8158842100176668,0.6682562135217655,,0.8158842100176668,0.6682562135217655,35,True,11,2023-10-17,True,35,2023-10-01,false_positive,,,-0.1158842100176668,not_a_failed_drive,2023-10-17,2023-11-11,26,3,50.0,repeated_nonpersistent_alerts,False
ZA14EBHM,2023-10-01,2023-12-30,25,0,0.8018066595881264,0.8018066595881264,,0.8018066595881264,0.8018066595881264,25,True,25,2023-10-01,True,25,2023-10-01,false_positive,,,-0.1018066595881264,not_a_failed_drive,2023-10-01,2023-12-30,91,3,0.0,repeated_nonpersistent_alerts,True
ZA14EBVE,2023-10-03,2023-12-28,25,0,0.7491159252574754,0.7491159252574754,,0.7491159252574754,0.7491159252574754,25,True,25,2023-10-03,True,25,2023-10-03,false_positive,,,-0.049115925257475435,not_a_failed_drive,2023-10-03,2023-12-28,87,3,0.0,repeated_nonpersistent_alerts,True
ZA14EC67,2023-10-02,2023-12-31,26,0,0.8133502075057817,0.8133502075057817,,0.8133502075057817,0.8133502075057817,26,True,26,2023-10-02,True,26,2023-10-02,false_positive,,,-0.11335020750578173,not_a_failed_drive,2023-10-02,2023-12-31,91,3,0.0,repeated_nonpersistent_alerts,True
ZA14ECND,2023-10-05,2023-12-20,22,0,1.0,0.9856918368097507,,1.0,0.9856918368097507,22,True,22,2023-10-05,True,22,2023-10-05,false_positive,,,-0.30000000000000004,not_a_failed_drive,2023-10-05,2023-12-20,77,3,0.0,repeated_nonpersistent_alerts,True
ZA14ED0Q,2023-10-01,2023-12-22,24,0,0.8257537726310472,0.6230320686990533,,0.8257537726310472,0.6230320686990533,24,True,14,2023-11-08,True,14,2023-11-08,false_positive,,,-0.12575377263104726,not_a_failed_drive,2023-11-08,2023-12-22,45,2,0.0,repeated_nonpersistent_alerts,True
ZA14EEXY,2023-10-04,2023-12-31,37,0,0.9313255814993473,0.8522762202604861,,0.9313255814993473,0.8522762202604861,37,True,32,2023-10-19,True,32,2023-10-19,false_positive,,,-0.23132558149934734,not_a_failed_drive,2023-10-19,2023-12-31,74,6,0.0,repeated_nonpersistent_alerts,True
ZA14ELA1,2023-10-01,2023-12-31,30,0,0.793485526614654,0.47780260275810255,,0.793485526614654,0.47780260275810255,30,True,8,2023-12-19,True,26,2023-10-19,false_positive,,,-0.09348552661465404,not_a_failed_drive,2023-12-19,2023-12-31,13,5,0.0,repeated_nonpersistent_alerts,True
ZA14ENCX,2023-10-02,2023-12-24,24,0,0.9782058980061936,0.423780147664865,,0.9782058980061936,0.423780147664865,24,True,2,2023-12-15,True,24,2023-10-02,false_positive,,,-0.27820589800619366,not_a_failed_drive,2023-12-15,2023-12-24,10,1,0.0,short_alert_burst,True
ZA14F1QC,2023-10-02,2023-12-23,34,0,0.8004559063859187,0.8004559063859187,,0.8004559063859187,0.8004559063859187,34,True,34,2023-10-02,True,34,2023-10-02,false_positive,,,-0.10045590638591873,not_a_failed_drive,2023-10-02,2023-12-23,83,3,0.0,repeated_nonpersistent_alerts,True
ZA14F2T2,2023-10-01,2023-12-29,26,0,0.9577220044981499,0.9573251225452535,,0.9577220044981499,0.9573251225452535,26,True,26,2023-10-01,True,26,2023-10-01,false_positive,,,-0.25772200449814997,not_a_failed_drive,2023-10-01,2023-12-29,90,3,0.0,repeated_nonpersistent_alerts,True
ZA14GRLS,2023-10-02,2023-12-13,26,0,0.9875861955066567,0.6934714501110538,,0.9875861955066567,0.6934714501110538,26,True,14,2023-11-03,True,26,2023-10-02,false_positive,,,-0.28758619550665676,not_a_failed_drive,2023-11-03,2023-12-13,41,5,0.0,repeated_nonpersistent_alerts,True
ZA14HTPD,2023-10-03,2023-10-28,9,0,0.9999374161873971,0.6043558720211601,,0.9999374161873971,0.6043558720211601,9,True,1,2023-10-28,True,9,2023-10-03,false_positive,,,-0.2999374161873971,not_a_failed_drive,2023-10-28,2023-10-28,1,1,0.0,single_day_spike,True
ZA14QTRV,2023-10-02,2023-12-30,38,0,0.8856069430382278,0.8001981049462308,,0.8856069430382278,0.8001981049462308,38,True,38,2023-10-02,True,38,2023-10-02,false_positive,,,-0.1856069430382279,not_a_failed_drive,2023-10-02,2023-12-30,90,6,0.0,repeated_nonpersistent_alerts,True
ZA14WY3D,2023-10-01,2023-12-29,29,0,0.8024730794561038,0.3540524114022562,,0.8024730794561038,0.3540524114022562,29,True,1,2023-10-01,True,1,2023-10-01,false_positive,,,-0.10247307945610384,not_a_failed_drive,2023-10-01,2023-10-01,1,1,89.0,single_day_spike,False
ZA153SKA,2023-10-02,2023-12-31,27,0,0.999816928124807,0.9998169281248072,,0.999816928124807,0.9998169281248072,27,True,27,2023-10-02,True,27,2023-10-02,false_positive,,,-0.2998169281248071,not_a_failed_drive,2023-10-02,2023-12-31,91,5,0.0,repeated_nonpersistent_alerts,True
ZA153SV2,2023-10-02,2023-11-05,11,0,0.9999932797598089,0.5793972650232374,,0.9999932797598089,0.5793972650232374,11,True,4,2023-10-27,True,4,2023-10-27,false_positive,,,-0.29999327975980894,not_a_failed_drive,2023-10-27,2023-11-05,10,1,0.0,repeated_nonpersistent_alerts,True
ZA153SVF,2023-10-01,2023-12-30,27,0,0.9999999999999503,0.9999999999998397,,0.9999999999999503,0.9999999999998397,27,True,27,2023-10-01,True,27,2023-10-01,false_positive,,,-0.2999999999999503,not_a_failed_drive,2023-10-01,2023-12-30,91,3,0.0,repeated_nonpersistent_alerts,True
ZA153T4B,2023-10-03,2023-12-30,31,0,0.8798467229557596,0.3764440964375339,,0.8798467229557596,0.3764440964375339,31,True,2,2023-12-29,True,2,2023-12-29,false_positive,,,-0.17984672295575965,not_a_failed_drive,2023-12-29,2023-12-30,2,2,0.0,short_alert_burst,True
ZA153T5H,2023-10-05,2023-12-27,26,0,0.999805746000925,0.8554320294969582,,0.999805746000925,0.8554320294969582,26,True,26,2023-10-05,True,26,2023-10-05,false_positive,,,-0.299805746000925,not_a_failed_drive,2023-10-05,2023-12-27,84,2,0.0,repeated_nonpersistent_alerts,True
ZA153T7M,2023-10-06,2023-12-30,28,0,0.9999999999999447,0.5265721833244096,,0.9999999999999447,0.5265721833244096,28,True,8,2023-11-30,True,11,2023-11-16,false_positive,,,-0.29999999999994476,not_a_failed_drive,2023-11-30,2023-12-30,31,4,0.0,repeated_nonpersistent_alerts,True
ZA153T7N,2023-10-04,2023-12-31,26,0,0.9168084185897288,0.47806524794573213,,0.9168084185897288,0.47806524794573213,26,True,7,2023-10-04,True,7,2023-10-04,false_positive,,,-0.21680841858972888,not_a_failed_drive,2023-10-04,2023-10-30,27,2,62.0,repeated_nonpersistent_alerts,False
ZA153T9M,2023-10-01,2023-12-30,28,0,0.9999999836094284,0.5591138958316135,,0.9999999836094284,0.5591138958316135,28,True,9,2023-11-27,True,28,2023-10-01,false_positive,,,-0.2999999836094285,not_a_failed_drive,2023-11-27,2023-12-25,29,2,5.0,repeated_nonpersistent_alerts,True
ZA1588VM,2023-10-09,2023-12-29,33,0,0.8487452887135842,0.8487452887135842,,0.8487452887135842,0.8487452887135842,33,True,33,2023-10-09,True,33,2023-10-09,false_positive,,,-0.14874528871358428,not_a_failed_drive,2023-10-09,2023-12-29,82,4,0.0,repeated_nonpersistent_alerts,True
ZA15HYT8,2023-10-01,2023-12-29,28,0,0.9530999007354972,0.9530999007354973,,0.9530999007354972,0.9530999007354973,28,True,28,2023-10-01,True,28,2023-10-01,false_positive,,,-0.25309990073549726,not_a_failed_drive,2023-10-01,2023-12-29,90,6,0.0,repeated_nonpersistent_alerts,True
ZA15LMLN,2023-10-05,2023-12-31,21,0,1.0,0.42047882853206453,,1.0,0.42047882853206453,21,True,3,2023-12-18,True,3,2023-12-18,false_positive,,,-0.30000000000000004,not_a_failed_drive,2023-12-18,2023-12-31,14,1,0.0,repeated_nonpersistent_alerts,True
ZA15RBKL,2023-10-02,2023-12-31,36,0,0.9999999562557783,0.9685909348703918,,0.9999999562557783,0.9685909348703918,36,True,35,2023-10-02,True,35,2023-10-02,false_positive,,,-0.29999995625577836,not_a_failed_drive,2023-10-02,2023-12-31,91,7,0.0,persistent_7_plus_day_run,True
ZA15W2T2,2023-10-04,2023-12-28,24,0,0.8025401199677769,0.5197129104836344,,0.8025401199677769,0.5197129104836344,24,True,9,2023-10-04,True,24,2023-10-04,false_positive,,,-0.1025401199677769,not_a_failed_drive,2023-10-04,2023-11-02,30,2,56.0,repeated_nonpersistent_alerts,False
ZA15WZHA,2023-10-09,2023-12-29,27,0,0.8146205531847891,0.4718423749686359,,0.8146205531847891,0.4718423749686359,27,True,1,2023-10-09,True,13,2023-10-09,false_positive,,,-0.11462055318478914,not_a_failed_drive,2023-10-09,2023-10-09,1,1,81.0,single_day_spike,False
ZA1628SW,2023-10-13,2023-12-28,18,0,0.8134674561358144,0.7611442190744983,,0.8134674561358144,0.7611442190744983,18,True,17,2023-10-16,True,18,2023-10-13,false_positive,,,-0.11346745613581444,not_a_failed_drive,2023-10-16,2023-12-28,74,3,0.0,repeated_nonpersistent_alerts,True
ZA1686QF,2023-10-06,2023-12-20,25,0,0.8011524736484256,0.8011524736484256,,0.8011524736484256,0.8011524736484256,25,True,25,2023-10-06,True,25,2023-10-06,false_positive,,,-0.10115247364842561,not_a_failed_drive,2023-10-06,2023-12-20,76,4,0.0,repeated_nonpersistent_alerts,True
ZA1694WK,2023-10-02,2023-12-25,34,0,0.8017113184617869,0.8017113184617869,,0.8017113184617869,0.8017113184617869,34,True,34,2023-10-02,True,34,2023-10-02,false_positive,,,-0.10171131846178694,not_a_failed_drive,2023-10-02,2023-12-25,85,5,0.0,repeated_nonpersistent_alerts,True
ZA16C0CT,2023-10-03,2023-12-29,29,0,0.9992793965885876,0.9992784573132748,,0.9992793965885876,0.9992784573132748,29,True,29,2023-10-03,True,29,2023-10-03,false_positive,,,-0.2992793965885876,not_a_failed_drive,2023-10-03,2023-12-29,88,3,0.0,repeated_nonpersistent_alerts,True
ZA16CLLD,2023-10-01,2023-12-27,36,0,0.9178021408947653,0.7057700353821229,,0.9178021408947653,0.7057700353821229,36,True,23,2023-10-21,True,33,2023-10-21,false_positive,,,-0.21780214089476535,not_a_failed_drive,2023-10-21,2023-12-06,47,3,21.0,repeated_nonpersistent_alerts,False
ZA16CLLT,2023-10-01,2023-12-21,18,0,0.9742558565917557,0.36968265650957005,,0.9742558565917557,0.36968265650957005,18,True,1,2023-10-13,True,1,2023-10-13,false_positive,,,-0.2742558565917558,not_a_failed_drive,2023-10-13,2023-10-13,1,1,69.0,single_day_spike,False
ZA16CLNX,2023-10-07,2023-12-31,37,0,0.8011524736484256,0.8011524736484256,,0.8011524736484256,0.8011524736484256,37,True,37,2023-10-07,True,37,2023-10-07,false_positive,,,-0.10115247364842561,not_a_failed_drive,2023-10-07,2023-12-31,86,6,0.0,repeated_nonpersistent_alerts,True
ZA16CLPS,2023-10-01,2023-11-12,16,0,0.9999998989463488,0.9993641435946174,,0.9999998989463488,0.9993641435946174,16,True,16,2023-10-01,True,16,2023-10-01,false_positive,,,-0.2999998989463488,not_a_failed_drive,2023-10-01,2023-11-12,43,4,0.0,repeated_nonpersistent_alerts,True
ZA16CLR3,2023-10-04,2023-12-31,34,0,0.9270427016512401,0.9270427016512401,,0.9270427016512401,0.9270427016512401,34,True,34,2023-10-04,True,34,2023-10-04,false_positive,,,-0.2270427016512402,not_a_failed_drive,2023-10-04,2023-12-31,89,3,0.0,repeated_nonpersistent_alerts,True
ZA16CLRF,2023-10-01,2023-12-30,24,0,0.9999999997742341,0.9999999987740443,,0.9999999997742341,0.9999999987740443,24,True,24,2023-10-01,True,24,2023-10-01,false_positive,,,-0.2999999997742342,not_a_failed_drive,2023-10-01,2023-12-30,91,2,0.0,repeated_nonpersistent_alerts,True
ZA16CLSB,2023-10-02,2023-12-31,38,0,0.852187972729421,0.8426900634196468,,0.852187972729421,0.8426900634196468,38,True,38,2023-10-02,True,38,2023-10-02,false_positive,,,-0.15218797272942108,not_a_failed_drive,2023-10-02,2023-12-31,91,5,0.0,repeated_nonpersistent_alerts,True
ZA16CMDE,2023-10-03,2023-12-25,30,0,0.847472142260778,0.6497068164947556,,0.847472142260778,0.6497068164947556,30,True,3,2023-12-22,True,30,2023-10-03,false_positive,,,-0.1474721422607781,not_a_failed_drive,2023-12-22,2023-12-25,4,2,0.0,repeated_nonpersistent_alerts,True
ZA16CR16,2023-10-05,2023-12-31,26,0,0.8487452887135842,0.8487452887135842,,0.8487452887135842,0.8487452887135842,26,True,26,2023-10-05,True,26,2023-10-05,false_positive,,,-0.14874528871358428,not_a_failed_drive,2023-10-05,2023-12-31,88,3,0.0,repeated_nonpersistent_alerts,True
ZA16DDNF,2023-10-20,2023-12-26,22,0,0.9969665188755488,0.5148959793973102,,0.9969665188755488,0.5148959793973102,22,True,6,2023-12-10,True,6,2023-12-10,false_positive,,,-0.2969665188755488,not_a_failed_drive,2023-12-10,2023-12-26,17,2,0.0,repeated_nonpersistent_alerts,True
ZA16DDRF,2023-10-02,2023-10-09,4,0,1.0,1.0,,1.0,1.0,4,True,4,2023-10-02,True,4,2023-10-02,false_positive,,,-0.30000000000000004,not_a_failed_drive,2023-10-02,2023-10-09,8,2,0.0,repeated_nonpersistent_alerts,True
ZA16DDXX,2023-10-01,2023-12-31,29,0,0.999958544979787,0.999819934539582,,0.999958544979787,0.999819934539582,29,True,29,2023-10-01,True,29,2023-10-01,false_positive,,,-0.299958544979787,not_a_failed_drive,2023-10-01,2023-12-31,92,3,0.0,repeated_nonpersistent_alerts,True
ZA16DDZF,2023-10-03,2023-12-18,28,0,0.9178021408947653,0.831386512712186,,0.9178021408947653,0.831386512712186,28,True,28,2023-10-03,True,28,2023-10-03,false_positive,,,-0.21780214089476535,not_a_failed_drive,2023-10-03,2023-12-18,77,3,0.0,repeated_nonpersistent_alerts,True
ZA16DQ8K,2023-10-04,2023-12-30,31,0,0.7593160837009332,0.7421655581084691,,0.7593160837009332,0.7421655581084691,31,True,31,2023-10-04,True,31,2023-10-04,false_positive,,,-0.05931608370093322,not_a_failed_drive,2023-10-04,2023-12-30,88,3,0.0,repeated_nonpersistent_alerts,True
ZA16DQM0,2023-10-06,2023-12-28,28,0,0.9994366774819752,0.8040222823308543,,0.9994366774819752,0.8040222823308543,28,True,13,2023-11-15,True,28,2023-10-06,false_positive,,,-0.2994366774819752,not_a_failed_drive,2023-11-15,2023-12-28,44,2,0.0,repeated_nonpersistent_alerts,True
ZA16DRG3,2023-10-01,2023-12-28,27,0,0.9999954393424019,0.9999954393424019,,0.9999954393424019,0.9999954393424019,27,True,27,2023-10-01,True,27,2023-10-01,false_positive,,,-0.2999954393424019,not_a_failed_drive,2023-10-01,2023-12-28,89,3,0.0,repeated_nonpersistent_alerts,True
ZA16DRGN,2023-10-01,2023-12-31,31,0,0.90754348607089,0.90754348607089,,0.90754348607089,0.90754348607089,31,True,31,2023-10-01,True,31,2023-10-01,false_positive,,,-0.20754348607089002,not_a_failed_drive,2023-10-01,2023-12-31,92,3,0.0,repeated_nonpersistent_alerts,True
ZA16DRS2,2023-10-01,2023-12-31,34,0,0.8017113184617869,0.8017113184617869,,0.8017113184617869,0.8017113184617869,34,True,34,2023-10-01,True,34,2023-10-01,false_positive,,,-0.10171131846178694,not_a_failed_drive,2023-10-01,2023-12-31,92,4,0.0,repeated_nonpersistent_alerts,True
ZA16DRSP,2023-10-04,2023-12-26,23,0,0.8004559063859187,0.8004559063859186,,0.8004559063859187,0.8004559063859186,23,True,23,2023-10-04,True,23,2023-10-04,false_positive,,,-0.10045590638591873,not_a_failed_drive,2023-10-04,2023-12-26,84,6,0.0,repeated_nonpersistent_alerts,True
ZA16DSLE,2023-10-01,2023-12-27,27,0,0.9171408671295546,0.9171408671295546,,0.9171408671295546,0.9171408671295546,27,True,27,2023-10-01,True,27,2023-10-01,false_positive,,,-0.2171408671295546,not_a_failed_drive,2023-10-01,2023-12-27,88,3,0.0,repeated_nonpersistent_alerts,True
ZA16DSMH,2023-10-03,2023-12-27,33,0,0.8033174567210333,0.6380222904674616,,0.8033174567210333,0.6380222904674616,33,True,21,2023-10-19,True,28,2023-10-19,false_positive,,,-0.10331745672103332,not_a_failed_drive,2023-10-19,2023-12-17,60,4,10.0,repeated_nonpersistent_alerts,False
ZA16DSRV,2023-10-06,2023-12-31,34,0,0.8017113184617869,0.6173402113183348,,0.8017113184617869,0.6173402113183348,34,True,7,2023-11-02,True,32,2023-10-11,false_positive,,,-0.10171131846178694,not_a_failed_drive,2023-11-02,2023-12-03,32,3,28.0,repeated_nonpersistent_alerts,False
ZA16DSW3,2023-10-01,2023-12-30,26,0,0.8133502075057817,0.4815751210661435,,0.8133502075057817,0.4815751210661435,26,True,8,2023-12-14,True,8,2023-12-14,false_positive,,,-0.11335020750578173,not_a_failed_drive,2023-12-14,2023-12-30,17,2,0.0,repeated_nonpersistent_alerts,True
ZA16DT9T,2023-10-03,2023-12-31,31,0,0.8165282000676172,0.4488237926231201,,0.8165282000676172,0.4488237926231201,31,True,5,2023-12-22,True,9,2023-12-14,false_positive,,,-0.11652820006761722,not_a_failed_drive,2023-12-22,2023-12-31,10,1,0.0,repeated_nonpersistent_alerts,True
ZA16DTBB,2023-10-03,2023-12-28,32,0,0.9095371804461307,0.9095371804461307,,0.9095371804461307,0.9095371804461307,32,True,32,2023-10-03,True,32,2023-10-03,false_positive,,,-0.2095371804461308,not_a_failed_drive,2023-10-03,2023-12-28,87,4,0.0,repeated_nonpersistent_alerts,True
ZA16DTPA,2023-10-01,2023-12-30,30,0,0.9197357027083434,0.3698834886277087,,0.9197357027083434,0.3698834886277087,30,True,2,2023-12-28,True,2,2023-12-28,false_positive,,,-0.21973570270834342,not_a_failed_drive,2023-12-28,2023-12-30,3,1,0.0,short_alert_burst,True
ZA16DV05,2023-10-06,2023-12-31,28,0,0.8161033330656018,0.5460378500118898,,0.8161033330656018,0.5460378500118898,28,True,3,2023-12-28,True,28,2023-10-06,false_positive,,,-0.11610333306560183,not_a_failed_drive,2023-12-28,2023-12-31,4,2,0.0,repeated_nonpersistent_alerts,True
ZA16DV13,2023-10-07,2023-12-30,26,0,0.8004559063859187,0.8004559063859187,,0.8004559063859187,0.8004559063859187,26,True,26,2023-10-07,True,26,2023-10-07,false_positive,,,-0.10045590638591873,not_a_failed_drive,2023-10-07,2023-12-30,85,4,0.0,repeated_nonpersistent_alerts,True
ZA16DV4J,2023-10-08,2023-11-26,14,0,0.9999999999999996,0.9906769812867294,,0.9999999999999996,0.9906769812867294,14,True,14,2023-10-08,True,14,2023-10-08,false_positive,,,-0.2999999999999996,not_a_failed_drive,2023-10-08,2023-11-26,50,2,0.0,repeated_nonpersistent_alerts,True
ZA16DVJV,2023-10-02,2023-12-31,35,0,0.8688127711736734,0.8688127711736734,,0.8688127711736734,0.8688127711736734,35,True,35,2023-10-02,True,35,2023-10-02,false_positive,,,-0.16881277117367344,not_a_failed_drive,2023-10-02,2023-12-31,91,3,0.0,repeated_nonpersistent_alerts,True
ZA16DWJ5,2023-10-02,2023-12-28,30,0,0.9959653434334655,0.9959653434334655,,0.9959653434334655,0.9959653434334655,30,True,30,2023-10-02,True,30,2023-10-02,false_positive,,,-0.2959653434334656,not_a_failed_drive,2023-10-02,2023-12-28,88,4,0.0,repeated_nonpersistent_alerts,True
ZA16DWK6,2023-10-06,2023-12-31,23,0,0.8569701126733451,0.38720000440810426,,0.8569701126733451,0.38720000440810426,23,True,2,2023-12-29,True,2,2023-12-29,false_positive,,,-0.15697011267334515,not_a_failed_drive,2023-12-29,2023-12-31,3,1,0.0,short_alert_burst,True
ZA16DWT1,2023-10-03,2023-12-30,26,0,0.9117006402061681,0.9117006402061681,,0.9117006402061681,0.9117006402061681,26,True,26,2023-10-03,True,26,2023-10-03,false_positive,,,-0.2117006402061682,not_a_failed_drive,2023-10-03,2023-12-30,89,3,0.0,repeated_nonpersistent_alerts,True
ZA16DY7Q,2023-10-04,2023-12-30,31,0,0.9993855141097507,0.4706269043684986,,0.9993855141097507,0.4706269043684986,31,True,6,2023-12-23,True,8,2023-12-11,false_positive,,,-0.2993855141097508,not_a_failed_drive,2023-12-23,2023-12-30,8,4,0.0,repeated_nonpersistent_alerts,True
ZA16EEVX,2023-10-01,2023-12-31,24,0,0.9367495932611443,0.9367495932611444,,0.9367495932611443,0.9367495932611444,24,True,24,2023-10-01,True,24,2023-10-01,false_positive,,,-0.2367495932611443,not_a_failed_drive,2023-10-01,2023-12-31,92,2,0.0,repeated_nonpersistent_alerts,True
ZA16EF28,2023-10-02,2023-12-30,26,0,0.9999995686146617,0.9747095848261531,,0.9999995686146617,0.9747095848261531,26,True,25,2023-10-02,True,25,2023-10-02,false_positive,,,-0.2999995686146617,not_a_failed_drive,2023-10-02,2023-12-30,90,5,0.0,repeated_nonpersistent_alerts,True
ZA16K9B8,2023-10-06,2023-12-30,26,0,1.0,0.8637914795215992,,1.0,0.8637914795215992,26,True,20,2023-10-06,True,26,2023-10-06,false_positive,,,-0.30000000000000004,not_a_failed_drive,2023-10-06,2023-12-30,86,3,0.0,repeated_nonpersistent_alerts,True
ZA16KPP5,2023-10-02,2023-12-31,21,0,0.9999999999989488,0.9684330990163653,,0.9999999999989488,0.9684330990163653,21,True,20,2023-10-02,True,20,2023-10-02,false_positive,,,-0.2999999999989489,not_a_failed_drive,2023-10-02,2023-12-31,91,2,0.0,repeated_nonpersistent_alerts,True
ZA16WPB1,2023-10-06,2023-10-14,3,0,0.7818119301810281,0.5009077061872326,,0.7818119301810281,0.5009077061872326,3,True,1,2023-10-14,True,2,2023-10-11,false_positive,,,-0.08181193018102817,not_a_failed_drive,2023-10-14,2023-10-14,1,1,0.0,single_day_spike,True
ZA16WRG6,2023-10-01,2023-12-29,28,0,0.9352697623834073,0.9352697623834073,,0.9352697623834073,0.9352697623834073,28,True,28,2023-10-01,True,28,2023-10-01,false_positive,,,-0.23526976238340735,not_a_failed_drive,2023-10-01,2023-12-29,90,4,0.0,repeated_nonpersistent_alerts,True
ZA16WS9P,2023-10-01,2023-12-29,26,0,0.9941199166494304,0.9815116253834708,,0.9941199166494304,0.9815116253834708,26,True,26,2023-10-01,True,26,2023-10-01,false_positive,,,-0.2941199166494305,not_a_failed_drive,2023-10-01,2023-12-29,90,2,0.0,repeated_nonpersistent_alerts,True
ZA16X06V,2023-10-01,2023-12-29,25,0,0.8017113184617869,0.801711318461787,,0.8017113184617869,0.801711318461787,25,True,25,2023-10-01,True,25,2023-10-01,false_positive,,,-0.10171131846178694,not_a_failed_drive,2023-10-01,2023-12-29,90,3,0.0,repeated_nonpersistent_alerts,True
ZA16XFH7,2023-10-01,2023-11-24,19,0,0.9090739688912212,0.746314162172376,,0.9090739688912212,0.746314162172376,19,True,14,2023-10-10,True,19,2023-10-01,false_positive,,,-0.2090739688912212,not_a_failed_drive,2023-10-10,2023-11-24,46,2,0.0,repeated_nonpersistent_alerts,True
ZA16XXM6,2023-10-01,2023-12-10,22,0,0.9462554290342493,0.5041735889131757,,0.9462554290342493,0.5041735889131757,22,True,6,2023-12-01,True,6,2023-12-01,false_positive,,,-0.24625542903424935,not_a_failed_drive,2023-12-01,2023-12-10,10,2,0.0,repeated_nonpersistent_alerts,True
ZA16YR0P,2023-10-04,2023-12-31,30,0,0.9962735477460767,0.9497329112979546,,0.9962735477460767,0.9497329112979546,30,True,30,2023-10-04,True,30,2023-10-04,false_positive,,,-0.2962735477460767,not_a_failed_drive,2023-10-04,2023-12-31,89,3,0.0,repeated_nonpersistent_alerts,True
ZA16Z5KJ,2023-10-05,2023-12-31,30,0,0.9999983375681035,0.49898917688917416,,0.9999983375681035,0.49898917688917416,30,True,7,2023-12-04,True,30,2023-10-05,false_positive,,,-0.29999833756810357,not_a_failed_drive,2023-12-04,2023-12-31,28,2,0.0,repeated_nonpersistent_alerts,True
ZA170TV7,2023-10-07,2023-12-30,24,0,0.9917823909499413,0.9000564327818674,,0.9917823909499413,0.9000564327818674,24,True,18,2023-11-06,True,24,2023-10-07,false_positive,,,-0.2917823909499413,not_a_failed_drive,2023-11-06,2023-12-30,55,3,0.0,repeated_nonpersistent_alerts,True
ZA171S07,2023-10-08,2023-12-31,29,0,0.7765507688495387,0.4126968150443093,,0.7765507688495387,0.4126968150443093,29,True,3,2023-12-26,True,17,2023-11-21,false_positive,,,-0.07655076884953871,not_a_failed_drive,2023-12-26,2023-12-31,6,1,0.0,repeated_nonpersistent_alerts,True
ZA171S1V,2023-10-03,2023-11-30,16,0,0.999996148484663,0.9659013118372356,,0.999996148484663,0.9659013118372356,16,True,16,2023-10-03,True,16,2023-10-03,false_positive,,,-0.29999614848466305,not_a_failed_drive,2023-10-03,2023-11-30,59,4,0.0,repeated_nonpersistent_alerts,True
ZA171SGX,2023-10-01,2023-12-31,24,0,0.9168084185897288,0.5132239495385826,,0.9168084185897288,0.5132239495385826,24,True,7,2023-12-12,True,7,2023-12-12,false_positive,,,-0.21680841858972888,not_a_failed_drive,2023-12-12,2023-12-31,20,1,0.0,repeated_nonpersistent_alerts,True
ZA171T5N,2023-10-02,2023-12-20,25,0,0.8046231919102221,0.7636330647559599,,0.8046231919102221,0.7636330647559599,25,True,21,2023-10-19,True,25,2023-10-02,false_positive,,,-0.10462319191022218,not_a_failed_drive,2023-10-19,2023-12-20,63,3,0.0,repeated_nonpersistent_alerts,True
ZA171V3N,2023-10-09,2023-12-30,25,0,0.9999999999999993,0.9250718481864914,,0.9999999999999993,0.9250718481864914,25,True,22,2023-10-09,True,25,2023-10-09,false_positive,,,-0.2999999999999994,not_a_failed_drive,2023-10-09,2023-12-11,64,3,19.0,repeated_nonpersistent_alerts,False
ZA171V6H,2023-10-01,2023-12-26,23,0,0.9999869289752487,0.990779457977229,,0.9999869289752487,0.990779457977229,23,True,23,2023-10-01,True,23,2023-10-01,false_positive,,,-0.2999869289752487,not_a_failed_drive,2023-10-01,2023-12-26,87,2,0.0,repeated_nonpersistent_alerts,True
ZA172C48,2023-10-14,2023-12-31,20,0,0.9277896619598645,0.6013352586589538,,0.9277896619598645,0.6013352586589538,20,True,9,2023-10-14,True,9,2023-10-14,false_positive,,,-0.2277896619598645,not_a_failed_drive,2023-10-14,2023-11-19,37,2,42.0,repeated_nonpersistent_alerts,False
ZA172FE8,2023-10-02,2023-12-29,26,0,0.7439328514151914,0.7439328514151915,,0.7439328514151914,0.7439328514151915,26,True,26,2023-10-02,True,26,2023-10-02,false_positive,,,-0.04393285141519143,not_a_failed_drive,2023-10-02,2023-12-29,89,2,0.0,repeated_nonpersistent_alerts,True
ZA172FW6,2023-10-02,2023-12-25,22,0,0.9906090748442208,0.9388113121817567,,0.9906090748442208,0.9388113121817567,22,True,22,2023-10-02,True,22,2023-10-02,false_positive,,,-0.2906090748442208,not_a_failed_drive,2023-10-02,2023-12-25,85,2,0.0,repeated_nonpersistent_alerts,True
ZA172JQY,2023-10-02,2023-12-30,20,0,0.9742558565917557,0.9742558565917557,,0.9742558565917557,0.9742558565917557,20,True,20,2023-10-02,True,20,2023-10-02,false_positive,,,-0.2742558565917558,not_a_failed_drive,2023-10-02,2023-12-30,90,3,0.0,repeated_nonpersistent_alerts,True
ZA17434P,2023-10-05,2023-12-31,30,0,0.9743608633389658,0.8069259883675314,,0.9743608633389658,0.8069259883675314,30,True,23,2023-10-31,True,30,2023-10-05,false_positive,,,-0.2743608633389658,not_a_failed_drive,2023-10-31,2023-12-31,62,4,0.0,repeated_nonpersistent_alerts,True
ZA174K37,2023-10-04,2023-12-31,24,0,0.9168084185897288,0.7268863155068365,,0.9168084185897288,0.7268863155068365,24,True,16,2023-11-07,True,16,2023-11-07,false_positive,,,-0.21680841858972888,not_a_failed_drive,2023-11-07,2023-12-31,55,3,0.0,repeated_nonpersistent_alerts,True
ZA174K86,2023-10-02,2023-12-29,33,0,0.7146598457747734,0.7146598457747734,,0.7146598457747734,0.7146598457747734,33,True,33,2023-10-02,True,33,2023-10-02,false_positive,,,-0.014659845774773417,not_a_failed_drive,2023-10-02,2023-12-29,89,6,0.0,repeated_nonpersistent_alerts,True
ZA174KEL,2023-10-03,2023-12-30,27,0,0.847472142260778,0.7910447543063667,,0.847472142260778,0.7910447543063667,27,True,24,2023-10-03,True,24,2023-10-03,false_positive,,,-0.1474721422607781,not_a_failed_drive,2023-10-03,2023-12-12,71,3,18.0,repeated_nonpersistent_alerts,False
ZA174KJX,2023-10-01,2023-12-31,26,0,0.9999999996671398,0.9950032981270568,,0.9999999996671398,0.9950032981270568,26,True,26,2023-10-01,True,26,2023-10-01,false_positive,,,-0.29999999966713986,not_a_failed_drive,2023-10-01,2023-12-31,92,2,0.0,repeated_nonpersistent_alerts,True
ZA174QNY,2023-10-01,2023-12-30,25,0,0.9999965375852691,0.9999965375852691,,0.9999965375852691,0.9999965375852691,25,True,25,2023-10-01,True,25,2023-10-01,false_positive,,,-0.2999965375852691,not_a_failed_drive,2023-10-01,2023-12-30,91,5,0.0,repeated_nonpersistent_alerts,True
ZA1777XN,2023-10-04,2023-12-31,25,0,0.9524734665550316,0.9524734665550316,,0.9524734665550316,0.9524734665550316,25,True,25,2023-10-04,True,25,2023-10-04,false_positive,,,-0.25247346655503167,not_a_failed_drive,2023-10-04,2023-12-31,89,2,0.0,repeated_nonpersistent_alerts,True
ZA178Q1K,2023-10-02,2023-12-30,29,0,0.9771681641885084,0.5763529382308732,,0.9771681641885084,0.5763529382308732,29,True,11,2023-12-02,True,29,2023-10-02,false_positive,,,-0.2771681641885084,not_a_failed_drive,2023-12-02,2023-12-30,29,3,0.0,repeated_nonpersistent_alerts,True
ZA17G850,2023-10-01,2023-12-27,26,0,0.8139862168415022,0.8139862168415022,,0.8139862168415022,0.8139862168415022,26,True,26,2023-10-01,True,26,2023-10-01,false_positive,,,-0.11398621684150223,not_a_failed_drive,2023-10-01,2023-12-27,88,3,0.0,repeated_nonpersistent_alerts,True
ZA17HQKX,2023-10-02,2023-12-29,23,0,0.7052701329730546,0.629233411531182,,0.7052701329730546,0.629233411531182,23,True,1,2023-12-29,True,23,2023-10-02,false_positive,,,-0.005270132973054675,not_a_failed_drive,2023-12-29,2023-12-29,1,1,0.0,single_day_spike,True
ZA17VPYN,2023-10-04,2023-11-02,7,0,0.9999999998684721,0.999855470944181,,0.9999999998684721,0.999855470944181,7,True,7,2023-10-04,True,7,2023-10-04,false_positive,,,-0.29999999986847214,not_a_failed_drive,2023-10-04,2023-11-02,30,2,0.0,repeated_nonpersistent_alerts,True
ZA17ZC0S,2023-10-05,2023-12-31,23,0,0.9999795303231346,0.9997993729015053,,0.9999795303231346,0.9997993729015053,23,True,23,2023-10-05,True,23,2023-10-05,false_positive,,,-0.2999795303231346,not_a_failed_drive,2023-10-05,2023-12-31,88,3,0.0,repeated_nonpersistent_alerts,True
ZA17ZEKD,2023-10-09,2023-12-31,27,0,0.999999508459777,0.9999993271472081,,0.999999508459777,0.9999993271472081,27,True,27,2023-10-09,True,27,2023-10-09,false_positive,,,-0.2999995084597771,not_a_failed_drive,2023-10-09,2023-12-31,84,4,0.0,repeated_nonpersistent_alerts,True
ZA17ZF41,2023-10-03,2023-12-31,24,0,0.9999999914377301,0.9999999913875849,,0.9999999914377301,0.9999999913875849,24,True,24,2023-10-03,True,24,2023-10-03,false_positive,,,-0.29999999143773015,not_a_failed_drive,2023-10-03,2023-12-31,90,4,0.0,repeated_nonpersistent_alerts,True
ZA17ZN6G,2023-10-03,2023-12-31,33,0,0.9988840700772303,0.9964330430549768,,0.9988840700772303,0.9964330430549768,33,True,33,2023-10-03,True,33,2023-10-03,false_positive,,,-0.2988840700772304,not_a_failed_drive,2023-10-03,2023-12-31,90,4,0.0,repeated_nonpersistent_alerts,True
ZA17ZNBA,2023-10-06,2023-12-29,25,0,0.9999999998224496,0.999999999790575,,0.9999999998224496,0.999999999790575,25,True,25,2023-10-06,True,25,2023-10-06,false_positive,,,-0.2999999998224496,not_a_failed_drive,2023-10-06,2023-12-29,85,4,0.0,repeated_nonpersistent_alerts,True
ZA17ZNJ5,2023-10-02,2023-10-15,7,0,0.7325354038797988,0.5374434039324616,,0.7325354038797988,0.5374434039324616,7,True,1,2023-10-15,True,7,2023-10-02,false_positive,,,-0.03253540387979881,not_a_failed_drive,2023-10-15,2023-10-15,1,1,0.0,single_day_spike,True
ZA17ZPAH,2023-10-01,2023-10-10,5,0,0.9999501729077445,0.9999155614512019,,0.9999501729077445,0.9999155614512019,5,True,5,2023-10-01,True,5,2023-10-01,false_positive,,,-0.2999501729077445,not_a_failed_drive,2023-10-01,2023-10-10,10,2,0.0,repeated_nonpersistent_alerts,True
ZA17ZPWE,2023-10-08,2023-12-30,23,0,0.9975059518574327,0.9602505586298594,,0.9975059518574327,0.9602505586298594,23,True,21,2023-10-18,True,23,2023-10-08,false_positive,,,-0.2975059518574328,not_a_failed_drive,2023-10-18,2023-12-30,74,3,0.0,repeated_nonpersistent_alerts,True
ZA1805XN,2023-10-01,2023-10-20,7,0,0.9689946185121597,0.586355031169431,,0.9689946185121597,0.586355031169431,7,True,2,2023-10-15,True,7,2023-10-01,false_positive,,,-0.2689946185121598,not_a_failed_drive,2023-10-15,2023-10-20,6,1,0.0,short_alert_burst,True
ZA1806EW,2023-10-01,2023-12-25,21,0,0.8918153834980936,0.7979695723367523,,0.8918153834980936,0.7979695723367523,21,True,21,2023-10-01,True,21,2023-10-01,false_positive,,,-0.19181538349809368,not_a_failed_drive,2023-10-01,2023-12-25,86,2,0.0,repeated_nonpersistent_alerts,True
ZA180PFF,2023-10-03,2023-12-29,39,0,0.858865331222531,0.8588062430629319,,0.858865331222531,0.8588062430629319,39,True,39,2023-10-03,True,39,2023-10-03,false_positive,,,-0.158865331222531,not_a_failed_drive,2023-10-03,2023-12-29,88,6,0.0,repeated_nonpersistent_alerts,True
ZA180PGJ,2023-10-01,2023-12-28,36,0,0.9460141055770751,0.9309632467421564,,0.9460141055770751,0.9309632467421564,36,True,36,2023-10-01,True,36,2023-10-01,false_positive,,,-0.24601410557707515,not_a_failed_drive,2023-10-01,2023-12-28,89,5,0.0,repeated_nonpersistent_alerts,True
ZA180Q8J,2023-10-03,2023-12-28,30,0,0.9999987523995211,0.9999987432900813,,0.9999987523995211,0.9999987432900813,30,True,30,2023-10-03,True,30,2023-10-03,false_positive,,,-0.2999987523995211,not_a_failed_drive,2023-10-03,2023-12-28,87,6,0.0,repeated_nonpersistent_alerts,True
ZA180Q8P,2023-10-02,2023-12-31,33,0,1.0,1.0,,1.0,1.0,33,True,33,2023-10-02,True,33,2023-10-02,false_positive,,,-0.30000000000000004,not_a_failed_drive,2023-10-02,2023-12-31,91,2,0.0,repeated_nonpersistent_alerts,True
ZA180QA4,2023-10-09,2023-12-30,24,0,0.9999987616561784,0.9999987317491047,,0.9999987616561784,0.9999987317491047,24,True,24,2023-10-09,True,24,2023-10-09,false_positive,,,-0.29999876165617845,not_a_failed_drive,2023-10-09,2023-12-30,83,2,0.0,repeated_nonpersistent_alerts,True
ZA180QD1,2023-10-03,2023-12-30,31,0,0.847472142260778,0.847472142260778,,0.847472142260778,0.847472142260778,31,True,31,2023-10-03,True,31,2023-10-03,false_positive,,,-0.1474721422607781,not_a_failed_drive,2023-10-03,2023-12-30,89,3,0.0,repeated_nonpersistent_alerts,True
ZA180QHN,2023-10-22,2023-12-31,28,0,0.807743628920829,0.807743628920829,,0.807743628920829,0.807743628920829,28,True,28,2023-10-22,True,28,2023-10-22,false_positive,,,-0.107743628920829,not_a_failed_drive,2023-10-22,2023-12-31,71,6,0.0,repeated_nonpersistent_alerts,True
ZA180QK7,2023-10-02,2023-12-29,32,0,0.8011524736484256,0.8011524736484256,,0.8011524736484256,0.8011524736484256,32,True,32,2023-10-02,True,32,2023-10-02,false_positive,,,-0.10115247364842561,not_a_failed_drive,2023-10-02,2023-12-29,89,4,0.0,repeated_nonpersistent_alerts,True
ZA180QKY,2023-10-04,2023-12-21,23,0,0.996392402790127,0.9962342503958846,,0.996392402790127,0.9962342503958846,23,True,23,2023-10-04,True,23,2023-10-04,false_positive,,,-0.296392402790127,not_a_failed_drive,2023-10-04,2023-12-21,79,3,0.0,repeated_nonpersistent_alerts,True
ZA180QLD,2023-10-07,2023-12-01,17,0,0.8580957509396403,0.8580957509396403,,0.8580957509396403,0.8580957509396403,17,True,17,2023-10-07,True,17,2023-10-07,false_positive,,,-0.15809575093964034,not_a_failed_drive,2023-10-07,2023-12-01,56,2,0.0,repeated_nonpersistent_alerts,True
ZA180QQC,2023-10-04,2023-12-31,32,0,0.997030848832179,0.4955411900185861,,0.997030848832179,0.4955411900185861,32,True,8,2023-12-10,True,10,2023-12-02,false_positive,,,-0.297030848832179,not_a_failed_drive,2023-12-10,2023-12-31,22,3,0.0,repeated_nonpersistent_alerts,True
ZA180QQS,2023-10-01,2023-12-29,25,0,0.8011524736484256,0.8011524736484256,,0.8011524736484256,0.8011524736484256,25,True,25,2023-10-01,True,25,2023-10-01,false_positive,,,-0.10115247364842561,not_a_failed_drive,2023-10-01,2023-12-29,90,4,0.0,repeated_nonpersistent_alerts,True
ZA180R01,2023-10-03,2023-12-31,25,0,0.9869135697838898,0.727487245053852,,0.9869135697838898,0.727487245053852,25,True,18,2023-10-15,True,25,2023-10-03,false_positive,,,-0.2869135697838898,not_a_failed_drive,2023-10-15,2023-12-31,78,2,0.0,repeated_nonpersistent_alerts,True
ZA180R26,2023-10-02,2023-12-29,36,0,0.8032326321054866,0.6167802119180839,,0.8032326321054866,0.6167802119180839,36,True,14,2023-12-09,True,28,2023-10-02,false_positive,,,-0.10323263210548661,not_a_failed_drive,2023-12-09,2023-12-29,21,5,0.0,repeated_nonpersistent_alerts,True
ZA180R3L,2023-10-04,2023-12-27,29,0,0.7056723252434016,0.7049818754441916,,0.7056723252434016,0.7049818754441916,29,True,29,2023-10-04,True,29,2023-10-04,false_positive,,,-0.005672325243401666,not_a_failed_drive,2023-10-04,2023-12-27,85,2,0.0,repeated_nonpersistent_alerts,True
ZA180R3Q,2023-10-06,2023-12-31,26,0,0.7457287933245633,0.7457287933245633,,0.7457287933245633,0.7457287933245633,26,True,26,2023-10-06,True,26,2023-10-06,false_positive,,,-0.045728793324563366,not_a_failed_drive,2023-10-06,2023-12-31,87,3,0.0,repeated_nonpersistent_alerts,True
ZA180R51,2023-10-02,2023-12-26,26,0,0.9990733457284873,0.9990700525106575,,0.9990733457284873,0.9990700525106575,26,True,26,2023-10-02,True,26,2023-10-02,false_positive,,,-0.2990733457284873,not_a_failed_drive,2023-10-02,2023-12-26,86,2,0.0,repeated_nonpersistent_alerts,True
ZA180R5C,2023-10-09,2023-12-06,20,0,0.9999870362949903,0.9999753558875838,,0.9999870362949903,0.9999753558875838,20,True,20,2023-10-09,True,20,2023-10-09,false_positive,,,-0.29998703629499035,not_a_failed_drive,2023-10-09,2023-12-06,59,4,0.0,repeated_nonpersistent_alerts,True
ZA180RBZ,2023-10-06,2023-12-26,24,0,0.8532416677721567,0.7050354172322963,,0.8532416677721567,0.7050354172322963,24,True,3,2023-12-23,True,24,2023-10-06,false_positive,,,-0.15324166777215675,not_a_failed_drive,2023-12-23,2023-12-26,4,2,0.0,repeated_nonpersistent_alerts,True
ZA180RCA,2023-10-02,2023-12-29,27,0,0.9530999007354972,0.6590880938355421,,0.9530999007354972,0.6590880938355421,27,True,14,2023-11-12,True,14,2023-11-12,false_positive,,,-0.25309990073549726,not_a_failed_drive,2023-11-12,2023-12-29,48,4,0.0,repeated_nonpersistent_alerts,True
ZA180RDA,2023-10-07,2023-12-31,34,0,0.8603940275396301,0.8593816066008033,,0.8603940275396301,0.8593816066008033,34,True,34,2023-10-07,True,34,2023-10-07,false_positive,,,-0.16039402753963017,not_a_failed_drive,2023-10-07,2023-12-31,86,4,0.0,repeated_nonpersistent_alerts,True
ZA180S5M,2023-10-02,2023-12-26,22,0,0.8575338588578658,0.8575338588578657,,0.8575338588578658,0.8575338588578657,22,True,22,2023-10-02,True,22,2023-10-02,false_positive,,,-0.15753385885786586,not_a_failed_drive,2023-10-02,2023-12-26,86,3,0.0,repeated_nonpersistent_alerts,True
ZA180SG8,2023-10-01,2023-12-29,25,0,0.7592548367327798,0.7581614186047441,,0.7592548367327798,0.7581614186047441,25,True,25,2023-10-01,True,25,2023-10-01,false_positive,,,-0.05925483673277987,not_a_failed_drive,2023-10-01,2023-12-29,90,2,0.0,repeated_nonpersistent_alerts,True
ZA180SHJ,2023-10-09,2023-12-30,29,0,0.9512725915907472,0.9512725915907472,,0.9512725915907472,0.9512725915907472,29,True,29,2023-10-09,True,29,2023-10-09,false_positive,,,-0.2512725915907472,not_a_failed_drive,2023-10-09,2023-12-30,83,4,0.0,repeated_nonpersistent_alerts,True
ZA180SM4,2023-10-08,2023-12-31,34,0,1.0,0.9286565635767136,,1.0,0.9286565635767136,34,True,30,2023-10-08,True,34,2023-10-08,false_positive,,,-0.30000000000000004,not_a_failed_drive,2023-10-08,2023-12-19,73,5,12.0,repeated_nonpersistent_alerts,False
ZA180WEP,2023-10-03,2023-12-31,39,0,0.9808412668749297,0.9629321062044754,,0.9808412668749297,0.9629321062044754,39,True,38,2023-10-03,True,38,2023-10-03,false_positive,,,-0.2808412668749297,not_a_failed_drive,2023-10-03,2023-12-31,90,5,0.0,repeated_nonpersistent_alerts,True
ZA180WG7,2023-10-04,2023-12-29,28,0,0.9999999999999976,0.465663786073051,,0.9999999999999976,0.465663786073051,28,True,4,2023-12-08,True,22,2023-10-19,false_positive,,,-0.2999999999999976,not_a_failed_drive,2023-12-08,2023-12-29,22,2,0.0,repeated_nonpersistent_alerts,True
ZA180WMS,2023-10-04,2023-12-26,31,0,0.9367495932611443,0.629749505704784,,0.9367495932611443,0.629749505704784,31,True,15,2023-11-22,True,17,2023-11-17,false_positive,,,-0.2367495932611443,not_a_failed_drive,2023-11-22,2023-12-26,35,7,0.0,persistent_7_plus_day_run,True
ZA180X6L,2023-10-03,2023-12-26,29,0,0.9313255814993473,0.9313255814993473,,0.9313255814993473,0.9313255814993473,29,True,29,2023-10-03,True,29,2023-10-03,false_positive,,,-0.23132558149934734,not_a_failed_drive,2023-10-03,2023-12-26,85,4,0.0,repeated_nonpersistent_alerts,True
ZA180XB1,2023-10-01,2023-12-31,33,0,0.8018472113432967,0.8015311997162176,,0.8018472113432967,0.8015311997162176,33,True,33,2023-10-01,True,33,2023-10-01,false_positive,,,-0.10184721134329677,not_a_failed_drive,2023-10-01,2023-12-31,92,3,0.0,repeated_nonpersistent_alerts,True
ZA180XEZ,2023-10-07,2023-11-28,15,0,0.9986389235117349,0.9494724098091407,,0.9986389235117349,0.9494724098091407,15,True,15,2023-10-07,True,15,2023-10-07,false_positive,,,-0.29863892351173493,not_a_failed_drive,2023-10-07,2023-11-28,53,3,0.0,repeated_nonpersistent_alerts,True
ZA180XWR,2023-10-05,2023-12-26,30,0,0.8018472113432967,0.8018472113432967,,0.8018472113432967,0.8018472113432967,30,True,30,2023-10-05,True,30,2023-10-05,false_positive,,,-0.10184721134329677,not_a_failed_drive,2023-10-05,2023-12-26,83,5,0.0,repeated_nonpersistent_alerts,True
ZA180Y1J,2023-10-03,2023-12-31,23,0,0.807743628920829,0.807743628920829,,0.807743628920829,0.807743628920829,23,True,23,2023-10-03,True,23,2023-10-03,false_positive,,,-0.107743628920829,not_a_failed_drive,2023-10-03,2023-12-31,90,2,0.0,repeated_nonpersistent_alerts,True
ZA180YAJ,2023-10-08,2023-10-08,1,0,0.9999659752349247,0.9999659752349247,,0.9999659752349247,0.9999659752349247,1,True,1,2023-10-08,True,1,2023-10-08,false_positive,,,-0.29996597523492474,not_a_failed_drive,2023-10-08,2023-10-08,1,1,0.0,single_day_spike,True
ZA180YFG,2023-10-01,2023-12-31,27,0,1.0,0.9965921420104762,,1.0,0.9965921420104762,27,True,27,2023-10-01,True,27,2023-10-01,false_positive,,,-0.30000000000000004,not_a_failed_drive,2023-10-01,2023-12-31,92,3,0.0,repeated_nonpersistent_alerts,True
ZA180YHN,2023-10-01,2023-12-31,30,0,0.8139862168415022,0.5111319245445298,,0.8139862168415022,0.5111319245445298,30,True,5,2023-11-01,True,16,2023-11-01,false_positive,,,-0.11398621684150223,not_a_failed_drive,2023-11-01,2023-11-10,10,3,51.0,repeated_nonpersistent_alerts,False
ZA180YJC,2023-10-07,2023-12-31,23,0,0.9744654530467752,0.974451810910974,,0.9744654530467752,0.974451810910974,23,True,23,2023-10-07,True,23,2023-10-07,false_positive,,,-0.2744654530467753,not_a_failed_drive,2023-10-07,2023-12-31,86,3,0.0,repeated_nonpersistent_alerts,True
ZA180YJF,2023-10-04,2023-12-29,28,0,0.9864336612928714,0.9561551546332056,,0.9864336612928714,0.9561551546332056,28,True,28,2023-10-04,True,28,2023-10-04,false_positive,,,-0.2864336612928714,not_a_failed_drive,2023-10-04,2023-12-29,87,3,0.0,repeated_nonpersistent_alerts,True
ZA180YX4,2023-10-01,2023-12-31,26,0,0.9863091487184446,0.9778055526768128,,0.9863091487184446,0.9778055526768128,26,True,26,2023-10-01,True,26,2023-10-01,false_positive,,,-0.2863091487184446,not_a_failed_drive,2023-10-01,2023-12-31,92,2,0.0,repeated_nonpersistent_alerts,True
ZA180YZL,2023-10-01,2023-12-29,27,0,0.9999999999999956,0.9999999845010649,,0.9999999999999956,0.9999999845010649,27,True,27,2023-10-01,True,27,2023-10-01,false_positive,,,-0.2999999999999956,not_a_failed_drive,2023-10-01,2023-12-29,90,3,0.0,repeated_nonpersistent_alerts,True
ZA180Z51,2023-10-01,2023-12-30,17,0,0.7282033634823061,0.397455299227909,,0.7282033634823061,0.397455299227909,17,True,1,2023-12-30,True,6,2023-11-24,false_positive,,,-0.02820336348230612,not_a_failed_drive,2023-12-30,2023-12-30,1,1,0.0,single_day_spike,True
ZA180Z5J,2023-10-03,2023-12-31,21,0,0.9482070277297714,0.86186284018492,,0.9482070277297714,0.86186284018492,21,True,21,2023-10-03,True,21,2023-10-03,false_positive,,,-0.24820702772977143,not_a_failed_drive,2023-10-03,2023-12-31,90,2,0.0,repeated_nonpersistent_alerts,True
ZA180ZCW,2023-10-04,2023-12-31,27,0,0.908998988474947,0.8952266468071609,,0.908998988474947,0.8952266468071609,27,True,27,2023-10-04,True,27,2023-10-04,false_positive,,,-0.20899898847494702,not_a_failed_drive,2023-10-04,2023-12-31,89,3,0.0,repeated_nonpersistent_alerts,True
ZA180ZL6,2023-10-02,2023-12-30,29,0,0.8305298483138807,0.4573047857632774,,0.8305298483138807,0.4573047857632774,29,True,6,2023-12-12,True,29,2023-10-02,false_positive,,,-0.1305298483138807,not_a_failed_drive,2023-12-12,2023-12-30,19,1,0.0,repeated_nonpersistent_alerts,True
ZA180ZTC,2023-10-27,2023-12-31,27,0,0.8559624477047656,0.5748569819295241,,0.8559624477047656,0.5748569819295241,27,True,5,2023-12-02,True,27,2023-10-27,false_positive,,,-0.15596244770476564,not_a_failed_drive,2023-12-02,2023-12-31,30,1,0.0,repeated_nonpersistent_alerts,True
ZA18100J,2023-10-03,2023-12-28,30,0,0.9794360810862256,0.9747016166841038,,0.9794360810862256,0.9747016166841038,30,True,30,2023-10-03,True,30,2023-10-03,false_positive,,,-0.27943608108622564,not_a_failed_drive,2023-10-03,2023-12-28,87,3,0.0,repeated_nonpersistent_alerts,True
ZA18109M,2023-10-04,2023-12-26,25,0,0.9999999999999973,0.9999999999999812,,0.9999999999999973,0.9999999999999812,25,True,25,2023-10-04,True,25,2023-10-04,false_positive,,,-0.2999999999999974,not_a_failed_drive,2023-10-04,2023-12-26,84,4,0.0,repeated_nonpersistent_alerts,True
ZA18132K,2023-10-02,2023-12-14,23,0,1.0,0.9803228440976237,,1.0,0.9803228440976237,23,True,23,2023-10-02,True,23,2023-10-02,false_positive,,,-0.30000000000000004,not_a_failed_drive,2023-10-02,2023-12-14,74,2,0.0,repeated_nonpersistent_alerts,True
ZA18141V,2023-10-06,2023-12-30,31,0,0.9999994827417458,0.9999994827417458,,0.9999994827417458,0.9999994827417458,31,True,31,2023-10-06,True,31,2023-10-06,false_positive,,,-0.2999994827417458,not_a_failed_drive,2023-10-06,2023-12-30,86,3,0.0,repeated_nonpersistent_alerts,True
ZA1814CV,2023-10-02,2023-12-31,23,0,0.8212023791365437,0.5745088317162339,,0.8212023791365437,0.5745088317162339,23,True,10,2023-10-02,True,23,2023-10-02,false_positive,,,-0.12120237913654375,not_a_failed_drive,2023-10-02,2023-11-02,32,4,59.0,repeated_nonpersistent_alerts,False
ZA1814LL,2023-10-02,2023-10-11,7,0,0.852715599780443,0.8348079697197238,,0.852715599780443,0.8348079697197238,7,True,7,2023-10-02,True,7,2023-10-02,false_positive,,,-0.15271559978044302,not_a_failed_drive,2023-10-02,2023-10-11,10,5,0.0,repeated_nonpersistent_alerts,True
ZA1814M3,2023-10-01,2023-12-25,24,0,0.9999998355176358,0.9999997780017481,,0.9999998355176358,0.9999997780017481,24,True,24,2023-10-01,True,24,2023-10-01,false_positive,,,-0.29999983551763587,not_a_failed_drive,2023-10-01,2023-12-25,86,4,0.0,repeated_nonpersistent_alerts,True
ZA1814N7,2023-10-03,2023-12-29,29,0,0.9999995868862047,0.9612411509682417,,0.9999995868862047,0.9612411509682417,29,True,29,2023-10-03,True,29,2023-10-03,false_positive,,,-0.29999958688620476,not_a_failed_drive,2023-10-03,2023-12-29,88,4,0.0,repeated_nonpersistent_alerts,True
ZA1814VR,2023-10-01,2023-12-31,31,0,0.8575338588578658,0.8575338588578658,,0.8575338588578658,0.8575338588578658,31,True,31,2023-10-01,True,31,2023-10-01,false_positive,,,-0.15753385885786586,not_a_failed_drive,2023-10-01,2023-12-31,92,5,0.0,repeated_nonpersistent_alerts,True
ZA18150X,2023-10-02,2023-12-30,32,0,0.999999748934588,0.9999940177775262,,0.999999748934588,0.9999940177775262,32,True,32,2023-10-02,True,32,2023-10-02,false_positive,,,-0.29999974893458803,not_a_failed_drive,2023-10-02,2023-12-30,90,2,0.0,repeated_nonpersistent_alerts,True
ZA18155R,2023-10-01,2023-12-30,33,0,0.9999999999999998,0.528544080449036,,0.9999999999999998,0.528544080449036,33,True,3,2023-10-01,True,33,2023-10-01,false_positive,,,-0.2999999999999998,not_a_failed_drive,2023-10-01,2023-10-08,8,1,83.0,repeated_nonpersistent_alerts,False
ZA1815C1,2023-10-08,2023-12-29,25,0,0.9999999999952704,0.9999874301632614,,0.9999999999952704,0.9999874301632614,25,True,25,2023-10-08,True,25,2023-10-08,false_positive,,,-0.2999999999952705,not_a_failed_drive,2023-10-08,2023-12-29,83,2,0.0,repeated_nonpersistent_alerts,True
ZA1815DB,2023-10-07,2023-12-27,29,0,0.9962883817632873,0.9814233367268247,,0.9962883817632873,0.9814233367268247,29,True,29,2023-10-07,True,29,2023-10-07,false_positive,,,-0.2962883817632873,not_a_failed_drive,2023-10-07,2023-12-27,82,4,0.0,repeated_nonpersistent_alerts,True
ZA18166E,2023-10-01,2023-12-23,34,0,0.9999999998829119,0.9999999911711285,,0.9999999998829119,0.9999999911711285,34,True,34,2023-10-01,True,34,2023-10-01,false_positive,,,-0.2999999998829119,not_a_failed_drive,2023-10-01,2023-12-23,84,4,0.0,repeated_nonpersistent_alerts,True
ZA1816YJ,2023-10-09,2023-12-30,34,0,0.8628384462003985,0.8628384462003985,,0.8628384462003985,0.8628384462003985,34,True,34,2023-10-09,True,34,2023-10-09,false_positive,,,-0.16283844620039856,not_a_failed_drive,2023-10-09,2023-12-30,83,4,0.0,repeated_nonpersistent_alerts,True
ZA1817LP,2023-10-02,2023-12-31,25,0,0.9999926027286472,0.9999926027286472,,0.9999926027286472,0.9999926027286472,25,True,25,2023-10-02,True,25,2023-10-02,false_positive,,,-0.29999260272864725,not_a_failed_drive,2023-10-02,2023-12-31,91,2,0.0,repeated_nonpersistent_alerts,True
ZA18185H,2023-10-01,2023-11-06,11,0,0.9783656160625996,0.6926035639455386,,0.9783656160625996,0.6926035639455386,11,True,5,2023-10-19,True,11,2023-10-01,false_positive,,,-0.2783656160625997,not_a_failed_drive,2023-10-19,2023-11-06,19,1,0.0,repeated_nonpersistent_alerts,True
ZA1818J3,2023-10-05,2023-12-28,26,0,0.9999999998085787,0.9999999998081537,,0.9999999998085787,0.9999999998081537,26,True,26,2023-10-05,True,26,2023-10-05,false_positive,,,-0.2999999998085787,not_a_failed_drive,2023-10-05,2023-12-28,85,3,0.0,repeated_nonpersistent_alerts,True
ZA1818KS,2023-10-02,2023-12-31,23,0,0.8575338588578658,0.8575338588578658,,0.8575338588578658,0.8575338588578658,23,True,23,2023-10-02,True,23,2023-10-02,false_positive,,,-0.15753385885786586,not_a_failed_drive,2023-10-02,2023-12-31,91,3,0.0,repeated_nonpersistent_alerts,True
ZA1818R0,2023-10-02,2023-12-30,23,0,0.9999999999999978,0.7602521687170661,,0.9999999999999978,0.7602521687170661,23,True,11,2023-10-02,True,23,2023-10-02,false_positive,,,-0.2999999999999978,not_a_failed_drive,2023-10-02,2023-12-30,90,2,0.0,repeated_nonpersistent_alerts,True
ZA1818R2,2023-10-02,2023-12-30,30,0,0.9999999997126034,0.9999986164354372,,0.9999999997126034,0.9999986164354372,30,True,30,2023-10-02,True,30,2023-10-02,false_positive,,,-0.2999999997126035,not_a_failed_drive,2023-10-02,2023-12-30,90,3,0.0,repeated_nonpersistent_alerts,True
ZA18198R,2023-10-04,2023-12-26,23,0,0.9999999636153423,0.9999999018202431,,0.9999999636153423,0.9999999018202431,23,True,23,2023-10-04,True,23,2023-10-04,false_positive,,,-0.2999999636153423,not_a_failed_drive,2023-10-04,2023-12-26,84,3,0.0,repeated_nonpersistent_alerts,True
ZA1819F4,2023-10-02,2023-12-14,27,0,0.9995261751607584,0.922090717245085,,0.9995261751607584,0.922090717245085,27,True,27,2023-10-02,True,27,2023-10-02,false_positive,,,-0.2995261751607584,not_a_failed_drive,2023-10-02,2023-12-14,74,3,0.0,repeated_nonpersistent_alerts,True
ZA1819KZ,2023-10-01,2023-12-29,25,0,0.8011524736484256,0.8011524736484256,,0.8011524736484256,0.8011524736484256,25,True,25,2023-10-01,True,25,2023-10-01,false_positive,,,-0.10115247364842561,not_a_failed_drive,2023-10-01,2023-12-29,90,3,0.0,repeated_nonpersistent_alerts,True
ZA1819LF,2023-10-18,2023-12-31,18,0,0.9994353652987421,0.7753641114722781,,0.9994353652987421,0.7753641114722781,18,True,12,2023-11-18,True,18,2023-10-18,false_positive,,,-0.29943536529874215,not_a_failed_drive,2023-11-18,2023-12-31,44,2,0.0,repeated_nonpersistent_alerts,True
ZA1819P8,2023-10-01,2023-10-01,1,0,0.9661178221196999,0.9661178221196999,,0.9661178221196999,0.9661178221196999,1,True,1,2023-10-01,True,1,2023-10-01,false_positive,,,-0.2661178221196999,not_a_failed_drive,2023-10-01,2023-10-01,1,1,0.0,single_day_spike,True
ZA1819PE,2023-10-02,2023-12-16,16,0,0.8545646435849702,0.8167007267073584,,0.8545646435849702,0.8167007267073584,16,True,16,2023-10-02,True,16,2023-10-02,false_positive,,,-0.15456464358497024,not_a_failed_drive,2023-10-02,2023-12-16,76,4,0.0,repeated_nonpersistent_alerts,True
ZA1819PP,2023-10-03,2023-12-24,25,0,0.9999991021044161,0.9999938878219905,,0.9999991021044161,0.9999938878219905,25,True,25,2023-10-03,True,25,2023-10-03,false_positive,,,-0.29999910210441616,not_a_failed_drive,2023-10-03,2023-12-24,83,3,0.0,repeated_nonpersistent_alerts,True
ZA1819VL,2023-10-01,2023-12-30,33,0,0.8586557922279605,0.4059959223431067,,0.8586557922279605,0.4059959223431067,33,True,1,2023-10-01,True,6,2023-10-01,false_positive,,,-0.15865579222796056,not_a_failed_drive,2023-10-01,2023-10-01,1,1,90.0,single_day_spike,False
ZA181A2E,2023-10-08,2023-12-31,31,0,0.9996283178850027,0.8843184802434052,,0.9996283178850027,0.8843184802434052,31,True,21,2023-10-08,True,31,2023-10-08,false_positive,,,-0.29962831788500277,not_a_failed_drive,2023-10-08,2023-12-13,67,3,18.0,repeated_nonpersistent_alerts,False
ZA181A53,2023-10-13,2023-12-30,32,0,0.9999998184860163,0.9999976777837334,,0.9999998184860163,0.9999976777837334,32,True,32,2023-10-13,True,32,2023-10-13,false_positive,,,-0.2999998184860163,not_a_failed_drive,2023-10-13,2023-12-30,79,7,0.0,persistent_7_plus_day_run,True
ZA181AB9,2023-10-03,2023-12-29,28,0,0.8018472113432967,0.8018472113432967,,0.8018472113432967,0.8018472113432967,28,True,28,2023-10-03,True,28,2023-10-03,false_positive,,,-0.10184721134329677,not_a_failed_drive,2023-10-03,2023-12-29,88,3,0.0,repeated_nonpersistent_alerts,True
ZA181ABX,2023-10-01,2023-12-19,27,0,0.9940981730290852,0.37091002337619117,,0.9940981730290852,0.37091002337619117,27,True,1,2023-12-19,True,13,2023-11-19,false_positive,,,-0.29409817302908525,not_a_failed_drive,2023-12-19,2023-12-19,1,1,0.0,single_day_spike,True
ZA181H43,2023-10-02,2023-12-27,22,0,0.9957490501733239,0.9957490501733239,,0.9957490501733239,0.9957490501733239,22,True,22,2023-10-02,True,22,2023-10-02,false_positive,,,-0.295749050173324,not_a_failed_drive,2023-10-02,2023-12-27,87,2,0.0,repeated_nonpersistent_alerts,True
ZA181J4Q,2023-10-02,2023-12-30,29,0,0.9530999007354972,0.9530999007354972,,0.9530999007354972,0.9530999007354972,29,True,29,2023-10-02,True,29,2023-10-02,false_positive,,,-0.25309990073549726,not_a_failed_drive,2023-10-02,2023-12-30,90,5,0.0,repeated_nonpersistent_alerts,True
ZA181NK8,2023-10-01,2023-12-31,35,0,0.8106166581431372,0.8106166581431372,,0.8106166581431372,0.8106166581431372,35,True,35,2023-10-01,True,35,2023-10-01,false_positive,,,-0.11061665814313726,not_a_failed_drive,2023-10-01,2023-12-31,92,5,0.0,repeated_nonpersistent_alerts,True
ZA181PXP,2023-10-05,2023-12-30,27,0,0.9999999981205885,0.999999995264178,,0.9999999981205885,0.999999995264178,27,True,27,2023-10-05,True,27,2023-10-05,false_positive,,,-0.29999999812058853,not_a_failed_drive,2023-10-05,2023-12-30,87,3,0.0,repeated_nonpersistent_alerts,True
ZA182L6H,2023-10-02,2023-10-02,1,0,0.9999995320399684,0.9999995320399684,,0.9999995320399684,0.9999995320399684,1,True,1,2023-10-02,True,1,2023-10-02,false_positive,,,-0.29999953203996843,not_a_failed_drive,2023-10-02,2023-10-02,1,1,0.0,single_day_spike,True
ZA1838RA,2023-10-02,2023-12-28,23,0,0.9999904709039228,0.9999904709039228,,0.9999904709039228,0.9999904709039228,23,True,23,2023-10-02,True,23,2023-10-02,false_positive,,,-0.29999047090392283,not_a_failed_drive,2023-10-02,2023-12-28,88,3,0.0,repeated_nonpersistent_alerts,True
ZA189HZY,2023-10-05,2023-12-30,16,0,0.8133502075057817,0.6122467682445849,,0.8133502075057817,0.6122467682445849,16,True,6,2023-12-10,True,12,2023-10-27,false_positive,,,-0.11335020750578173,not_a_failed_drive,2023-12-10,2023-12-30,21,1,0.0,repeated_nonpersistent_alerts,True
ZA189J9T,2023-10-01,2023-12-31,33,0,0.9999998213138608,0.9999998213138609,,0.9999998213138608,0.9999998213138609,33,True,33,2023-10-01,True,33,2023-10-01,false_positive,,,-0.2999998213138608,not_a_failed_drive,2023-10-01,2023-12-31,92,4,0.0,repeated_nonpersistent_alerts,True
ZA189JRG,2023-10-01,2023-12-28,28,0,0.8133502075057817,0.8133502075057818,,0.8133502075057817,0.8133502075057818,28,True,28,2023-10-01,True,28,2023-10-01,false_positive,,,-0.11335020750578173,not_a_failed_drive,2023-10-01,2023-12-28,89,3,0.0,repeated_nonpersistent_alerts,True
ZA189JTG,2023-10-03,2023-12-26,24,0,0.9998460001330249,0.9443970002037446,,0.9998460001330249,0.9443970002037446,24,True,22,2023-10-27,True,24,2023-10-03,false_positive,,,-0.299846000133025,not_a_failed_drive,2023-10-27,2023-12-26,61,3,0.0,repeated_nonpersistent_alerts,True
ZA189JZ7,2023-10-04,2023-12-31,28,0,1.0,0.9962072719478849,,1.0,0.9962072719478849,28,True,28,2023-10-04,True,28,2023-10-04,false_positive,,,-0.30000000000000004,not_a_failed_drive,2023-10-04,2023-12-31,89,5,0.0,repeated_nonpersistent_alerts,True
ZA189JZW,2023-10-02,2023-12-30,29,0,0.999960774424575,0.9999596907919679,,0.999960774424575,0.9999596907919679,29,True,29,2023-10-02,True,29,2023-10-02,false_positive,,,-0.299960774424575,not_a_failed_drive,2023-10-02,2023-12-30,90,3,0.0,repeated_nonpersistent_alerts,True
ZA189K11,2023-10-02,2023-12-27,25,0,0.9952786391079184,0.9572090972378143,,0.9952786391079184,0.9572090972378143,25,True,25,2023-10-02,True,25,2023-10-02,false_positive,,,-0.2952786391079184,not_a_failed_drive,2023-10-02,2023-12-27,87,3,0.0,repeated_nonpersistent_alerts,True
ZA189MGH,2023-10-04,2023-12-31,21,0,0.9999999999999962,0.9411236099451249,,0.9999999999999962,0.9411236099451249,21,True,19,2023-10-04,True,21,2023-10-04,false_positive,,,-0.29999999999999627,not_a_failed_drive,2023-10-04,2023-12-31,89,2,0.0,repeated_nonpersistent_alerts,True
ZA189W6J,2023-10-01,2023-12-26,35,0,0.8303596331469647,0.8303596331469647,,0.8303596331469647,0.8303596331469647,35,True,35,2023-10-01,True,35,2023-10-01,false_positive,,,-0.13035963314696475,not_a_failed_drive,2023-10-01,2023-12-26,87,5,0.0,repeated_nonpersistent_alerts,True
ZA189WPR,2023-10-04,2023-12-26,27,0,0.9453321530105969,0.9453321530105969,,0.9453321530105969,0.9453321530105969,27,True,27,2023-10-04,True,27,2023-10-04,false_positive,,,-0.24533215301059697,not_a_failed_drive,2023-10-04,2023-12-26,84,3,0.0,repeated_nonpersistent_alerts,True
ZA189XCP,2023-10-01,2023-12-27,31,0,0.8632458059653866,0.8632458059653866,,0.8632458059653866,0.8632458059653866,31,True,31,2023-10-01,True,31,2023-10-01,false_positive,,,-0.16324580596538663,not_a_failed_drive,2023-10-01,2023-12-27,88,5,0.0,repeated_nonpersistent_alerts,True
ZA189XFQ,2023-10-02,2023-12-26,32,0,0.9999726708175632,0.9101977966665104,,0.9999726708175632,0.9101977966665104,32,True,30,2023-10-02,True,32,2023-10-02,false_positive,,,-0.2999726708175633,not_a_failed_drive,2023-10-02,2023-12-26,86,5,0.0,repeated_nonpersistent_alerts,True
ZA189Y9D,2023-10-01,2023-12-28,28,0,0.9889168662054206,0.8776158065793427,,0.9889168662054206,0.8776158065793427,28,True,28,2023-10-01,True,28,2023-10-01,false_positive,,,-0.2889168662054207,not_a_failed_drive,2023-10-01,2023-12-28,89,3,0.0,repeated_nonpersistent_alerts,True
ZA18A888,2023-10-05,2023-12-22,27,0,0.9999988227646596,0.8480047049981649,,0.9999988227646596,0.8480047049981649,27,True,18,2023-10-29,True,27,2023-10-05,false_positive,,,-0.2999988227646596,not_a_failed_drive,2023-10-29,2023-12-22,55,3,0.0,repeated_nonpersistent_alerts,True
ZA18AVTL,2023-10-02,2023-12-29,27,0,0.9629865344930387,0.9539503290154534,,0.9629865344930387,0.9539503290154534,27,True,27,2023-10-02,True,27,2023-10-02,false_positive,,,-0.26298653449303877,not_a_failed_drive,2023-10-02,2023-12-29,89,3,0.0,repeated_nonpersistent_alerts,True
ZA18AX01,2023-10-04,2023-12-28,29,0,0.8158842100176668,0.8158842100176668,,0.8158842100176668,0.8158842100176668,29,True,29,2023-10-04,True,29,2023-10-04,false_positive,,,-0.1158842100176668,not_a_failed_drive,2023-10-04,2023-12-28,86,3,0.0,repeated_nonpersistent_alerts,True
ZA18BLEB,2023-10-02,2023-12-25,29,0,0.9999999999999991,0.9950667749530349,,0.9999999999999991,0.9950667749530349,29,True,29,2023-10-02,True,29,2023-10-02,false_positive,,,-0.29999999999999916,not_a_failed_drive,2023-10-02,2023-12-25,85,5,0.0,repeated_nonpersistent_alerts,True
ZA18BLEJ,2023-10-01,2023-12-30,29,0,0.9764600873265865,0.8821647853135369,,0.9764600873265865,0.8821647853135369,29,True,29,2023-10-01,True,29,2023-10-01,false_positive,,,-0.27646008732658656,not_a_failed_drive,2023-10-01,2023-12-30,91,3,0.0,repeated_nonpersistent_alerts,True
ZA18BLSG,2023-10-02,2023-12-31,30,0,0.9999999957507584,0.9999999917149304,,0.9999999957507584,0.9999999917149304,30,True,30,2023-10-02,True,30,2023-10-02,false_positive,,,-0.2999999957507584,not_a_failed_drive,2023-10-02,2023-12-31,91,3,0.0,repeated_nonpersistent_alerts,True
ZA18BTBP,2023-10-05,2023-12-29,28,0,0.8004559063859187,0.5501651213289116,,0.8004559063859187,0.5501651213289116,28,True,12,2023-11-18,True,13,2023-11-15,false_positive,,,-0.10045590638591873,not_a_failed_drive,2023-11-18,2023-12-14,27,3,15.0,repeated_nonpersistent_alerts,False
ZA18BV2B,2023-10-02,2023-12-31,31,0,0.9569143646795156,0.9569143646795156,,0.9569143646795156,0.9569143646795156,31,True,31,2023-10-02,True,31,2023-10-02,false_positive,,,-0.25691436467951567,not_a_failed_drive,2023-10-02,2023-12-31,91,3,0.0,repeated_nonpersistent_alerts,True
ZA18CCX5,2023-10-02,2023-12-30,26,0,0.9868722477620328,0.9868722477620329,,0.9868722477620328,0.9868722477620329,26,True,26,2023-10-02,True,26,2023-10-02,false_positive,,,-0.2868722477620328,not_a_failed_drive,2023-10-02,2023-12-30,90,2,0.0,repeated_nonpersistent_alerts,True
ZA18CD6Q,2023-10-03,2023-12-27,24,0,0.8032326321054866,0.8032326321054866,,0.8032326321054866,0.8032326321054866,24,True,24,2023-10-03,True,24,2023-10-03,false_positive,,,-0.10323263210548661,not_a_failed_drive,2023-10-03,2023-12-27,86,4,0.0,repeated_nonpersistent_alerts,True
ZA18CD75,2023-10-05,2023-12-31,32,0,0.8062487793890967,0.4609627637325418,,0.8062487793890967,0.4609627637325418,32,True,5,2023-12-21,True,11,2023-12-07,false_positive,,,-0.10624877938909671,not_a_failed_drive,2023-12-21,2023-12-31,11,2,0.0,repeated_nonpersistent_alerts,True
ZA18CE4C,2023-10-02,2023-12-30,28,0,0.7570293530648199,0.4650639925745474,,0.7570293530648199,0.4650639925745474,28,True,4,2023-12-27,True,28,2023-10-02,false_positive,,,-0.05702935306481993,not_a_failed_drive,2023-12-27,2023-12-30,4,4,0.0,repeated_nonpersistent_alerts,True
ZA18CEQ0,2023-10-01,2023-12-31,33,0,0.9999999980396772,0.9999999980396772,,0.9999999980396772,0.9999999980396772,33,True,33,2023-10-01,True,33,2023-10-01,false_positive,,,-0.29999999803967725,not_a_failed_drive,2023-10-01,2023-12-31,92,4,0.0,repeated_nonpersistent_alerts,True
ZA18CEVC,2023-10-02,2023-12-29,27,0,0.8242083769158465,0.7993891687988984,,0.8242083769158465,0.7993891687988984,27,True,27,2023-10-02,True,27,2023-10-02,false_positive,,,-0.12420837691584652,not_a_failed_drive,2023-10-02,2023-12-29,89,3,0.0,repeated_nonpersistent_alerts,True
ZA18CF4R,2023-10-09,2023-12-27,23,0,0.9857803442130956,0.370430444102171,,0.9857803442130956,0.370430444102171,23,True,1,2023-12-27,True,1,2023-12-27,false_positive,,,-0.2857803442130956,not_a_failed_drive,2023-12-27,2023-12-27,1,1,0.0,single_day_spike,True
ZA194503,2023-10-12,2023-12-30,26,0,0.9301468410310912,0.9301468410310912,,0.9301468410310912,0.9301468410310912,26,True,26,2023-10-12,True,26,2023-10-12,false_positive,,,-0.2301468410310913,not_a_failed_drive,2023-10-12,2023-12-30,80,4,0.0,repeated_nonpersistent_alerts,True
ZA19CBE7,2023-10-07,2023-12-30,31,0,0.960493228553375,0.9393910897912691,,0.960493228553375,0.9393910897912691,31,True,31,2023-10-07,True,31,2023-10-07,false_positive,,,-0.2604932285533751,not_a_failed_drive,2023-10-07,2023-12-30,85,3,0.0,repeated_nonpersistent_alerts,True
ZA19EN8Z,2023-10-03,2023-11-26,22,0,1.0,0.4020919975453886,,1.0,0.4020919975453886,22,True,2,2023-11-25,True,3,2023-11-17,false_positive,,,-0.30000000000000004,not_a_failed_drive,2023-11-25,2023-11-26,2,2,0.0,short_alert_burst,True
ZA1AQ887,2023-10-04,2023-12-20,28,0,0.9999999716579872,0.9999999716579872,,0.9999999716579872,0.9999999716579872,28,True,28,2023-10-04,True,28,2023-10-04,false_positive,,,-0.2999999716579872,not_a_failed_drive,2023-10-04,2023-12-20,78,5,0.0,repeated_nonpersistent_alerts,True
ZA1CS8VZ,2023-10-11,2023-12-28,17,0,0.9998001280708193,0.9998001280708193,,0.9998001280708193,0.9998001280708193,17,True,17,2023-10-11,True,17,2023-10-11,false_positive,,,-0.29980012807081935,not_a_failed_drive,2023-10-11,2023-12-28,79,2,0.0,repeated_nonpersistent_alerts,True
ZA1CXNY2,2023-10-01,2023-12-28,26,0,0.9999877084768458,0.9984952636646517,,0.9999877084768458,0.9984952636646517,26,True,26,2023-10-01,True,26,2023-10-01,false_positive,,,-0.29998770847684586,not_a_failed_drive,2023-10-01,2023-12-28,89,3,0.0,repeated_nonpersistent_alerts,True
ZA1D865Z,2023-10-06,2023-12-29,32,0,0.9854886282074435,0.5656527976276535,,0.9854886282074435,0.5656527976276535,32,True,8,2023-12-09,True,32,2023-10-06,false_positive,,,-0.2854886282074436,not_a_failed_drive,2023-12-09,2023-12-29,21,2,0.0,repeated_nonpersistent_alerts,True
ZA1EFHNB,2023-10-07,2023-12-30,30,0,0.9896012442046886,0.9369428271930117,,0.9896012442046886,0.9369428271930117,30,True,30,2023-10-07,True,30,2023-10-07,false_positive,,,-0.2896012442046887,not_a_failed_drive,2023-10-07,2023-12-30,85,3,0.0,repeated_nonpersistent_alerts,True
ZA1FD6XZ,2023-10-05,2023-12-26,23,0,0.9985755194560371,0.783992818705266,,0.9985755194560371,0.783992818705266,23,True,14,2023-11-10,True,23,2023-10-05,false_positive,,,-0.2985755194560371,not_a_failed_drive,2023-11-10,2023-12-26,47,2,0.0,repeated_nonpersistent_alerts,True
ZA1JW3XK,2023-10-04,2023-11-04,13,0,0.9999998542204042,0.9997445876798283,,0.9999998542204042,0.9997445876798283,13,True,13,2023-10-04,True,13,2023-10-04,false_positive,,,-0.2999998542204042,not_a_failed_drive,2023-10-04,2023-11-04,32,2,0.0,repeated_nonpersistent_alerts,True
ZA20XRWN,2023-10-04,2023-12-31,29,0,0.9999888835755406,0.9990956935345942,,0.9999888835755406,0.9990956935345942,29,True,29,2023-10-04,True,29,2023-10-04,false_positive,,,-0.29998888357554065,not_a_failed_drive,2023-10-04,2023-12-31,89,4,0.0,repeated_nonpersistent_alerts,True
ZA20Z0H7,2023-10-02,2023-10-13,5,0,1.0,1.0,,1.0,1.0,5,True,5,2023-10-02,True,5,2023-10-02,false_positive,,,-0.30000000000000004,not_a_failed_drive,2023-10-02,2023-10-13,12,1,0.0,repeated_nonpersistent_alerts,True
ZA20ZCS4,2023-10-04,2023-12-30,26,0,0.9999999999999769,0.9999999904988599,,0.9999999999999769,0.9999999904988599,26,True,26,2023-10-04,True,26,2023-10-04,false_positive,,,-0.29999999999997695,not_a_failed_drive,2023-10-04,2023-12-30,88,4,0.0,repeated_nonpersistent_alerts,True
ZA20ZW6J,2023-10-02,2023-12-31,26,0,0.9434206299383855,0.9408666234974116,,0.9434206299383855,0.9408666234974116,26,True,26,2023-10-02,True,26,2023-10-02,false_positive,,,-0.24342062993838554,not_a_failed_drive,2023-10-02,2023-12-31,91,3,0.0,repeated_nonpersistent_alerts,True
ZA2104K1,2023-10-02,2023-12-26,32,0,0.9990979618010528,0.991819056566069,,0.9990979618010528,0.991819056566069,32,True,32,2023-10-02,True,32,2023-10-02,false_positive,,,-0.29909796180105286,not_a_failed_drive,2023-10-02,2023-12-26,86,2,0.0,repeated_nonpersistent_alerts,True
ZA210QE7,2023-10-01,2023-12-27,27,0,0.7145997137136973,0.4439206349075204,,0.7145997137136973,0.4439206349075204,27,True,1,2023-10-01,True,27,2023-10-01,false_positive,,,-0.014599713713697393,not_a_failed_drive,2023-10-01,2023-10-01,1,1,87.0,single_day_spike,False
ZA210W9R,2023-10-02,2023-12-31,25,0,0.9999948095321827,0.9999438049595882,,0.9999948095321827,0.9999438049595882,25,True,25,2023-10-02,True,25,2023-10-02,false_positive,,,-0.2999948095321827,not_a_failed_drive,2023-10-02,2023-12-31,91,3,0.0,repeated_nonpersistent_alerts,True
ZA210XFB,2023-10-05,2023-11-06,14,0,0.933894327403776,0.4146590826390457,,0.933894327403776,0.4146590826390457,14,True,1,2023-11-06,True,14,2023-10-05,false_positive,,,-0.23389432740377603,not_a_failed_drive,2023-11-06,2023-11-06,1,1,0.0,single_day_spike,True
ZA2110LC,2023-10-03,2023-12-28,32,0,0.9999994892106125,0.9666414974672374,,0.9999994892106125,0.9666414974672374,32,True,30,2023-10-15,True,31,2023-10-11,false_positive,,,-0.2999994892106126,not_a_failed_drive,2023-10-15,2023-12-28,75,3,0.0,repeated_nonpersistent_alerts,True
ZA2118VG,2023-10-04,2023-12-29,25,0,0.9999999999995886,0.9999999999962319,,0.9999999999995886,0.9999999999962319,25,True,25,2023-10-04,True,25,2023-10-04,false_positive,,,-0.2999999999995886,not_a_failed_drive,2023-10-04,2023-12-29,87,3,0.0,repeated_nonpersistent_alerts,True
ZA211GKL,2023-10-02,2023-12-31,28,0,0.7949129844186745,0.7949129844186745,,0.7949129844186745,0.7949129844186745,28,True,28,2023-10-02,True,28,2023-10-02,false_positive,,,-0.09491298441867457,not_a_failed_drive,2023-10-02,2023-12-31,91,3,0.0,repeated_nonpersistent_alerts,True
ZA211M85,2023-10-04,2023-12-30,24,0,0.9986421205519541,0.9085388483683533,,0.9986421205519541,0.9085388483683533,24,True,21,2023-10-17,True,24,2023-10-04,false_positive,,,-0.29864212055195416,not_a_failed_drive,2023-10-17,2023-12-30,75,3,0.0,repeated_nonpersistent_alerts,True
ZA212CNV,2023-10-01,2023-12-31,29,0,0.9590914646948888,0.9590914646948888,,0.9590914646948888,0.9590914646948888,29,True,29,2023-10-01,True,29,2023-10-01,false_positive,,,-0.25909146469488886,not_a_failed_drive,2023-10-01,2023-12-31,92,3,0.0,repeated_nonpersistent_alerts,True
ZA212EV8,2023-10-02,2023-12-30,29,0,0.7967376830427968,0.7960191453429979,,0.7967376830427968,0.7960191453429979,29,True,29,2023-10-02,True,29,2023-10-02,false_positive,,,-0.09673768304279684,not_a_failed_drive,2023-10-02,2023-12-30,90,2,0.0,repeated_nonpersistent_alerts,True
ZA213G1Z,2023-10-01,2023-12-26,30,0,0.9866718105073777,0.853000099366145,,0.9866718105073777,0.853000099366145,30,True,23,2023-10-11,True,27,2023-10-11,false_positive,,,-0.2866718105073778,not_a_failed_drive,2023-10-11,2023-12-26,77,4,0.0,repeated_nonpersistent_alerts,True
ZA213LA7,2023-10-03,2023-12-25,23,0,0.8939264991166346,0.8817722663572009,,0.8939264991166346,0.8817722663572009,23,True,23,2023-10-03,True,23,2023-10-03,false_positive,,,-0.19392649911663462,not_a_failed_drive,2023-10-03,2023-12-25,84,2,0.0,repeated_nonpersistent_alerts,True
ZA2141RT,2023-10-07,2023-12-27,30,0,0.9999885519220083,0.9999865214079445,,0.9999885519220083,0.9999865214079445,30,True,30,2023-10-07,True,30,2023-10-07,false_positive,,,-0.29998855192200835,not_a_failed_drive,2023-10-07,2023-12-27,82,5,0.0,repeated_nonpersistent_alerts,True
ZA214LGM,2023-10-02,2023-11-20,18,0,0.9664349779745354,0.9221995557204016,,0.9664349779745354,0.9221995557204016,18,True,18,2023-10-02,True,18,2023-10-02,false_positive,,,-0.2664349779745354,not_a_failed_drive,2023-10-02,2023-11-20,50,3,0.0,repeated_nonpersistent_alerts,True
ZA215A31,2023-10-01,2023-12-24,26,0,0.9716753682158312,0.9714685663739863,,0.9716753682158312,0.9714685663739863,26,True,26,2023-10-01,True,26,2023-10-01,false_positive,,,-0.27167536821583127,not_a_failed_drive,2023-10-01,2023-12-24,85,3,0.0,repeated_nonpersistent_alerts,True
ZA215MYR,2023-10-05,2023-12-26,28,0,0.9707642823611797,0.9231234250253103,,0.9707642823611797,0.9231234250253103,28,True,28,2023-10-05,True,28,2023-10-05,false_positive,,,-0.2707642823611798,not_a_failed_drive,2023-10-05,2023-12-26,83,4,0.0,repeated_nonpersistent_alerts,True
ZA215PQW,2023-10-04,2023-12-29,31,0,0.9917426280344336,0.9885056589213369,,0.9917426280344336,0.9885056589213369,31,True,31,2023-10-04,True,31,2023-10-04,false_positive,,,-0.2917426280344336,not_a_failed_drive,2023-10-04,2023-12-29,87,3,0.0,repeated_nonpersistent_alerts,True
ZA215PX8,2023-10-05,2023-12-28,24,0,0.9999999999671967,0.6741489904433527,,0.9999999999671967,0.6741489904433527,24,True,8,2023-11-30,True,24,2023-10-05,false_positive,,,-0.29999999996719673,not_a_failed_drive,2023-11-30,2023-12-28,29,3,0.0,repeated_nonpersistent_alerts,True
ZA21673X,2023-10-17,2023-12-28,27,0,0.8039204527774766,0.8039204527774766,,0.8039204527774766,0.8039204527774766,27,True,27,2023-10-17,True,27,2023-10-17,false_positive,,,-0.10392045277747664,not_a_failed_drive,2023-10-17,2023-12-28,73,6,0.0,repeated_nonpersistent_alerts,True
ZA21695Y,2023-10-02,2023-12-13,23,0,0.997279309277031,0.9954432094410559,,0.997279309277031,0.9954432094410559,23,True,23,2023-10-02,True,23,2023-10-02,false_positive,,,-0.29727930927703106,not_a_failed_drive,2023-10-02,2023-12-13,73,4,0.0,repeated_nonpersistent_alerts,True
ZA216EWS,2023-10-06,2023-12-29,28,0,0.8233261910805262,0.6607656027568467,,0.8233261910805262,0.6607656027568467,28,True,10,2023-10-26,True,25,2023-10-13,false_positive,,,-0.12332619108052623,not_a_failed_drive,2023-10-26,2023-11-15,21,5,44.0,repeated_nonpersistent_alerts,False
ZA216P3N,2023-10-04,2023-12-31,32,0,0.9883737887258538,0.9684251261029567,,0.9883737887258538,0.9684251261029567,32,True,31,2023-10-09,True,32,2023-10-04,false_positive,,,-0.28837378872585384,not_a_failed_drive,2023-10-09,2023-12-31,84,3,0.0,repeated_nonpersistent_alerts,True
ZA216Z8K,2023-10-02,2023-12-29,29,0,0.8059772508150033,0.3856539227440822,,0.8059772508150033,0.3856539227440822,29,True,2,2023-12-06,True,29,2023-10-02,false_positive,,,-0.10597725081500331,not_a_failed_drive,2023-12-06,2023-12-09,4,1,20.0,short_alert_burst,False
ZA2174E0,2023-10-07,2023-12-30,30,0,0.8178927631733145,0.6220307432152947,,0.8178927631733145,0.6220307432152947,30,True,2,2023-12-07,True,30,2023-10-07,false_positive,,,-0.11789276317331454,not_a_failed_drive,2023-12-07,2023-12-10,4,1,20.0,short_alert_burst,False
ZA2176KT,2023-10-03,2023-12-31,19,0,0.9999999999999982,0.921251434457334,,0.9999999999999982,0.921251434457334,19,True,16,2023-10-03,True,19,2023-10-03,false_positive,,,-0.29999999999999827,not_a_failed_drive,2023-10-03,2023-12-31,90,2,0.0,repeated_nonpersistent_alerts,True
ZA217CDZ,2023-10-04,2023-12-29,23,0,0.9668605191136667,0.9601875886537152,,0.9668605191136667,0.9601875886537152,23,True,23,2023-10-04,True,23,2023-10-04,false_positive,,,-0.2668605191136667,not_a_failed_drive,2023-10-04,2023-12-29,87,3,0.0,repeated_nonpersistent_alerts,True
ZA217EDK,2023-10-01,2023-12-31,32,0,0.8114422553536433,0.7174887541152678,,0.8114422553536433,0.7174887541152678,32,True,18,2023-10-30,True,32,2023-10-01,false_positive,,,-0.11144225535364338,not_a_failed_drive,2023-10-30,2023-12-31,63,4,0.0,repeated_nonpersistent_alerts,True
ZA217J6T,2023-10-01,2023-12-27,31,0,0.9332619893484061,0.4476340657023026,,0.9332619893484061,0.4476340657023026,31,True,3,2023-10-01,True,31,2023-10-01,false_positive,,,-0.23326198934840614,not_a_failed_drive,2023-10-01,2023-10-04,4,2,84.0,repeated_nonpersistent_alerts,False
ZA217MS7,2023-10-03,2023-12-30,25,0,0.929340667162685,0.8451594263464883,,0.929340667162685,0.8451594263464883,25,True,24,2023-10-07,True,25,2023-10-03,false_positive,,,-0.22934066716268509,not_a_failed_drive,2023-10-07,2023-12-30,85,2,0.0,repeated_nonpersistent_alerts,True
ZA217RTM,2023-10-04,2023-12-18,25,0,0.999999825184214,0.999636741420924,,0.999999825184214,0.999636741420924,25,True,25,2023-10-04,True,25,2023-10-04,false_positive,,,-0.2999998251842141,not_a_failed_drive,2023-10-04,2023-12-18,76,5,0.0,repeated_nonpersistent_alerts,True
ZA217YM3,2023-10-01,2023-10-14,5,0,0.9999999999993503,0.9999999999989789,,0.9999999999993503,0.9999999999989789,5,True,5,2023-10-01,True,5,2023-10-01,false_positive,,,-0.29999999999935034,not_a_failed_drive,2023-10-01,2023-10-14,14,2,0.0,repeated_nonpersistent_alerts,True
ZA2192CL,2023-10-08,2023-12-25,33,0,0.9969325018277315,0.9810137447493302,,0.9969325018277315,0.9810137447493302,33,True,33,2023-10-08,True,33,2023-10-08,false_positive,,,-0.29693250182773157,not_a_failed_drive,2023-10-08,2023-12-25,79,4,0.0,repeated_nonpersistent_alerts,True
ZA2198L2,2023-10-01,2023-12-31,29,0,0.999999950965142,0.9999917271381665,,0.999999950965142,0.9999917271381665,29,True,29,2023-10-01,True,29,2023-10-01,false_positive,,,-0.2999999509651421,not_a_failed_drive,2023-10-01,2023-12-31,92,4,0.0,repeated_nonpersistent_alerts,True
ZA219DFK,2023-10-03,2023-12-26,26,0,0.991600697067634,0.975073896802657,,0.991600697067634,0.975073896802657,26,True,26,2023-10-03,True,26,2023-10-03,false_positive,,,-0.29160069706763403,not_a_failed_drive,2023-10-03,2023-12-26,85,6,0.0,repeated_nonpersistent_alerts,True
ZA219DW4,2023-10-05,2023-12-31,24,0,0.9895290856675114,0.9186082739379774,,0.9895290856675114,0.9186082739379774,24,True,24,2023-10-05,True,24,2023-10-05,false_positive,,,-0.28952908566751145,not_a_failed_drive,2023-10-05,2023-12-31,88,2,0.0,repeated_nonpersistent_alerts,True
ZA219ENR,2023-10-01,2023-12-24,23,0,0.9551017482486817,0.8670585028593333,,0.9551017482486817,0.8670585028593333,23,True,16,2023-10-01,True,23,2023-10-01,false_positive,,,-0.2551017482486817,not_a_failed_drive,2023-10-01,2023-11-21,52,3,33.0,repeated_nonpersistent_alerts,False
ZA219EY6,2023-10-01,2023-12-30,34,0,1.0,0.9651030120129855,,1.0,0.9651030120129855,34,True,34,2023-10-01,True,34,2023-10-01,false_positive,,,-0.30000000000000004,not_a_failed_drive,2023-10-01,2023-12-30,91,5,0.0,repeated_nonpersistent_alerts,True
ZA219FGA,2023-10-01,2023-12-30,30,0,0.999999999999988,0.9999999999998586,,0.999999999999988,0.9999999999998586,30,True,30,2023-10-01,True,30,2023-10-01,false_positive,,,-0.29999999999998805,not_a_failed_drive,2023-10-01,2023-12-30,91,3,0.0,repeated_nonpersistent_alerts,True
ZA219MMJ,2023-10-06,2023-12-28,26,0,0.9551167361849416,0.6892259245614637,,0.9551167361849416,0.6892259245614637,26,True,12,2023-10-06,True,26,2023-10-06,false_positive,,,-0.2551167361849417,not_a_failed_drive,2023-10-06,2023-11-10,36,2,48.0,repeated_nonpersistent_alerts,False
ZA219PZ7,2023-10-01,2023-12-29,30,0,0.8822463468113212,0.7587948092474025,,0.8822463468113212,0.7587948092474025,30,True,29,2023-10-07,True,30,2023-10-01,false_positive,,,-0.18224634681132124,not_a_failed_drive,2023-10-07,2023-12-29,84,3,0.0,repeated_nonpersistent_alerts,True
ZA219RFW,2023-10-03,2023-12-27,32,0,1.0,0.943724836981745,,1.0,0.943724836981745,32,True,30,2023-10-03,True,32,2023-10-03,false_positive,,,-0.30000000000000004,not_a_failed_drive,2023-10-03,2023-12-27,86,3,0.0,repeated_nonpersistent_alerts,True
ZA219RJC,2023-10-03,2023-12-29,28,0,0.9894149780138172,0.9000703842215116,,0.9894149780138172,0.9000703842215116,28,True,26,2023-10-09,True,28,2023-10-03,false_positive,,,-0.2894149780138172,not_a_failed_drive,2023-10-09,2023-12-29,82,4,0.0,repeated_nonpersistent_alerts,True
ZA219VBF,2023-10-03,2023-12-01,19,0,0.9846795273508587,0.9494241610904022,,0.9846795273508587,0.9494241610904022,19,True,19,2023-10-03,True,19,2023-10-03,false_positive,,,-0.2846795273508588,not_a_failed_drive,2023-10-03,2023-12-01,60,3,0.0,repeated_nonpersistent_alerts,True
ZA21A277,2023-10-03,2023-12-11,27,0,1.0,1.0,,1.0,1.0,27,True,27,2023-10-03,True,27,2023-10-03,false_positive,,,-0.30000000000000004,not_a_failed_drive,2023-10-03,2023-12-11,70,4,0.0,repeated_nonpersistent_alerts,True
ZA21A5DC,2023-10-03,2023-12-29,30,0,0.9999901761605161,0.9931515248607725,,0.9999901761605161,0.9931515248607725,30,True,30,2023-10-03,True,30,2023-10-03,false_positive,,,-0.29999017616051615,not_a_failed_drive,2023-10-03,2023-12-29,88,4,0.0,repeated_nonpersistent_alerts,True
ZA21A5GJ,2023-10-10,2023-12-29,25,0,0.9999999999992677,0.9480119322620578,,0.9999999999992677,0.9480119322620578,25,True,25,2023-10-10,True,25,2023-10-10,false_positive,,,-0.29999999999926774,not_a_failed_drive,2023-10-10,2023-12-29,81,3,0.0,repeated_nonpersistent_alerts,True
ZA21A5HH,2023-10-05,2023-12-31,29,0,0.9999999999999925,0.9480070766048802,,0.9999999999999925,0.9480070766048802,29,True,26,2023-10-05,True,29,2023-10-05,false_positive,,,-0.2999999999999925,not_a_failed_drive,2023-10-05,2023-12-31,88,3,0.0,repeated_nonpersistent_alerts,True
ZA21A5JE,2023-10-07,2023-12-28,33,0,0.9997960511126882,0.9997674636591579,,0.9997960511126882,0.9997674636591579,33,True,33,2023-10-07,True,33,2023-10-07,false_positive,,,-0.29979605111268826,not_a_failed_drive,2023-10-07,2023-12-28,83,3,0.0,repeated_nonpersistent_alerts,True
ZA21A5MJ,2023-10-02,2023-12-31,31,0,0.9908264872105679,0.9809657569668063,,0.9908264872105679,0.9809657569668063,31,True,31,2023-10-02,True,31,2023-10-02,false_positive,,,-0.2908264872105679,not_a_failed_drive,2023-10-02,2023-12-31,91,4,0.0,repeated_nonpersistent_alerts,True
ZA21A5RR,2023-10-07,2023-12-16,24,0,0.9994618922798358,0.9847774189624143,,0.9994618922798358,0.9847774189624143,24,True,24,2023-10-07,True,24,2023-10-07,false_positive,,,-0.2994618922798359,not_a_failed_drive,2023-10-07,2023-12-16,71,3,0.0,repeated_nonpersistent_alerts,True
ZA21A5YP,2023-10-04,2023-12-31,28,0,0.9167372275609971,0.9154984796088791,,0.9167372275609971,0.9154984796088791,28,True,28,2023-10-04,True,28,2023-10-04,false_positive,,,-0.21673722756099711,not_a_failed_drive,2023-10-04,2023-12-31,89,2,0.0,repeated_nonpersistent_alerts,True
ZA21ADT8,2023-10-04,2023-12-30,26,0,0.9860917444102839,0.3698135528224047,,0.9860917444102839,0.3698135528224047,26,True,1,2023-12-30,True,1,2023-12-30,false_positive,,,-0.28609174441028395,not_a_failed_drive,2023-12-30,2023-12-30,1,1,0.0,single_day_spike,True
ZA21ADVR,2023-10-03,2023-12-29,34,0,0.820795008661951,0.6234810399541937,,0.820795008661951,0.6234810399541937,34,True,2,2023-10-03,True,34,2023-10-03,false_positive,,,-0.12079500866195103,not_a_failed_drive,2023-10-03,2023-10-05,3,1,85.0,short_alert_burst,False
ZA21AE8X,2023-10-03,2023-12-26,22,0,0.822958782514693,0.8217020759615091,,0.822958782514693,0.8217020759615091,22,True,22,2023-10-03,True,22,2023-10-03,false_positive,,,-0.12295878251469305,not_a_failed_drive,2023-10-03,2023-12-26,85,4,0.0,repeated_nonpersistent_alerts,True
ZA21AEBW,2023-10-09,2023-12-29,26,0,0.9960905743832532,0.9044136098053778,,0.9960905743832532,0.9044136098053778,26,True,26,2023-10-09,True,26,2023-10-09,false_positive,,,-0.29609057438325326,not_a_failed_drive,2023-10-09,2023-12-29,82,5,0.0,repeated_nonpersistent_alerts,True
ZA21AED0,2023-10-02,2023-12-31,28,0,0.808694106429589,0.7866491694974252,,0.808694106429589,0.7866491694974252,28,True,25,2023-10-02,True,28,2023-10-02,false_positive,,,-0.1086941064295891,not_a_failed_drive,2023-10-02,2023-12-17,77,4,14.0,repeated_nonpersistent_alerts,False
ZA21AJX0,2023-10-04,2023-12-29,26,0,0.9985877693816945,0.9858419531676682,,0.9985877693816945,0.9858419531676682,26,True,26,2023-10-04,True,26,2023-10-04,false_positive,,,-0.2985877693816945,not_a_failed_drive,2023-10-04,2023-12-29,87,4,0.0,repeated_nonpersistent_alerts,True
ZA21AMAP,2023-10-04,2023-12-31,28,0,0.9999988185208449,0.9999987666892155,,0.9999988185208449,0.9999987666892155,28,True,28,2023-10-04,True,28,2023-10-04,false_positive,,,-0.299998818520845,not_a_failed_drive,2023-10-04,2023-12-31,89,3,0.0,repeated_nonpersistent_alerts,True
ZA21AQQR,2023-10-01,2023-12-31,30,0,0.9964251753431247,0.9154474511088667,,0.9964251753431247,0.9154474511088667,30,True,27,2023-10-01,True,30,2023-10-01,false_positive,,,-0.29642517534312474,not_a_failed_drive,2023-10-01,2023-12-22,83,4,9.0,repeated_nonpersistent_alerts,False
ZA21AQTT,2023-10-02,2023-12-24,25,0,0.9374414164954576,0.7793541140272005,,0.9374414164954576,0.7793541140272005,25,True,19,2023-10-24,True,25,2023-10-02,false_positive,,,-0.2374414164954577,not_a_failed_drive,2023-10-24,2023-12-24,62,3,0.0,repeated_nonpersistent_alerts,True
ZA21AW37,2023-10-05,2023-12-28,25,0,0.9991966377776723,0.9886099247637249,,0.9991966377776723,0.9886099247637249,25,True,25,2023-10-05,True,25,2023-10-05,false_positive,,,-0.29919663777767236,not_a_failed_drive,2023-10-05,2023-12-28,85,5,0.0,repeated_nonpersistent_alerts,True
ZA21AW50,2023-10-14,2023-12-26,23,0,0.9731499490139038,0.6630801898802424,,0.9731499490139038,0.6630801898802424,23,True,14,2023-11-07,True,14,2023-11-07,false_positive,,,-0.2731499490139039,not_a_failed_drive,2023-11-07,2023-12-26,50,3,0.0,repeated_nonpersistent_alerts,True
ZA21AYQB,2023-10-06,2023-12-29,31,0,0.999953236826064,0.9999434945438233,,0.999953236826064,0.9999434945438233,31,True,31,2023-10-06,True,31,2023-10-06,false_positive,,,-0.299953236826064,not_a_failed_drive,2023-10-06,2023-12-29,85,5,0.0,repeated_nonpersistent_alerts,True
ZA21BZEC,2023-10-05,2023-12-31,33,0,0.9999999165897723,0.9999999162640858,,0.9999999165897723,0.9999999162640858,33,True,33,2023-10-05,True,33,2023-10-05,false_positive,,,-0.2999999165897723,not_a_failed_drive,2023-10-05,2023-12-31,88,5,0.0,repeated_nonpersistent_alerts,True
ZA21BZM5,2023-10-02,2023-12-28,29,0,0.9489601856682848,0.8002382813843075,,0.9489601856682848,0.8002382813843075,29,True,22,2023-10-02,True,29,2023-10-02,false_positive,,,-0.24896018566828482,not_a_failed_drive,2023-10-02,2023-12-08,68,3,20.0,repeated_nonpersistent_alerts,False
ZA21C1MR,2023-10-04,2023-12-30,31,0,0.8752379608734517,0.8231304530515224,,0.8752379608734517,0.8231304530515224,31,True,31,2023-10-04,True,31,2023-10-04,false_positive,,,-0.17523796087345178,not_a_failed_drive,2023-10-04,2023-12-30,88,4,0.0,repeated_nonpersistent_alerts,True
ZA21DPKZ,2023-10-04,2023-12-29,30,0,0.9999999890173218,0.9999804597989073,,0.9999999890173218,0.9999804597989073,30,True,30,2023-10-04,True,30,2023-10-04,false_positive,,,-0.29999998901732183,not_a_failed_drive,2023-10-04,2023-12-29,87,5,0.0,repeated_nonpersistent_alerts,True
ZA21DT6Z,2023-10-04,2023-12-13,21,0,0.9999824677539622,0.5823053097546445,,0.9999824677539622,0.5823053097546445,21,True,4,2023-12-03,True,21,2023-10-04,false_positive,,,-0.2999824677539622,not_a_failed_drive,2023-12-03,2023-12-13,11,1,0.0,repeated_nonpersistent_alerts,True
ZA21DTXL,2023-10-01,2023-12-27,21,0,0.9999976802658815,0.6890800102795275,,0.9999976802658815,0.6890800102795275,21,True,11,2023-11-07,True,11,2023-11-07,false_positive,,,-0.2999976802658816,not_a_failed_drive,2023-11-07,2023-12-27,51,2,0.0,repeated_nonpersistent_alerts,True
ZA21DWK3,2023-10-01,2023-12-28,23,0,0.8140404572573577,0.5778119820011234,,0.8140404572573577,0.5778119820011234,23,True,6,2023-11-18,True,23,2023-10-01,false_positive,,,-0.11404045725735779,not_a_failed_drive,2023-11-18,2023-12-08,21,2,20.0,repeated_nonpersistent_alerts,False
ZA21DWVV,2023-10-03,2023-12-29,28,0,0.9999900605409691,0.9999899848341579,,0.9999900605409691,0.9999899848341579,28,True,28,2023-10-03,True,28,2023-10-03,false_positive,,,-0.2999900605409691,not_a_failed_drive,2023-10-03,2023-12-29,88,3,0.0,repeated_nonpersistent_alerts,True
ZA21DZCR,2023-10-04,2023-10-26,9,0,0.89610100355933,0.7883663975863505,,0.89610100355933,0.7883663975863505,9,True,9,2023-10-04,True,9,2023-10-04,false_positive,,,-0.19610100355933002,not_a_failed_drive,2023-10-04,2023-10-26,23,5,0.0,repeated_nonpersistent_alerts,True
ZA21E0KA,2023-10-02,2023-12-23,30,0,0.9281178927391562,0.692279060228245,,0.9281178927391562,0.692279060228245,30,True,19,2023-11-05,True,19,2023-11-05,false_positive,,,-0.22811789273915628,not_a_failed_drive,2023-11-05,2023-12-23,49,3,0.0,repeated_nonpersistent_alerts,True
ZA21E18E,2023-10-13,2023-12-31,24,0,0.7142757322394677,0.6954898858701554,,0.7142757322394677,0.6954898858701554,24,True,12,2023-11-28,True,24,2023-10-13,false_positive,,,-0.014275732239467764,not_a_failed_drive,2023-11-28,2023-12-31,34,2,0.0,repeated_nonpersistent_alerts,True
ZA21E2CX,2023-10-04,2023-12-30,22,0,0.9821854717433416,0.9293497580793787,,0.9821854717433416,0.9293497580793787,22,True,22,2023-10-04,True,22,2023-10-04,false_positive,,,-0.28218547174334163,not_a_failed_drive,2023-10-04,2023-12-30,88,4,0.0,repeated_nonpersistent_alerts,True
ZA21E2FN,2023-10-02,2023-12-28,24,0,0.8580957509396403,0.803735845990947,,0.8580957509396403,0.803735845990947,24,True,18,2023-10-02,True,24,2023-10-02,false_positive,,,-0.15809575093964034,not_a_failed_drive,2023-10-02,2023-12-05,65,2,23.0,repeated_nonpersistent_alerts,False
ZA21E6CY,2023-10-03,2023-12-24,26,0,0.9554448409228803,0.5438192596129034,,0.9554448409228803,0.5438192596129034,26,True,9,2023-11-11,True,26,2023-10-03,false_positive,,,-0.25544484092288033,not_a_failed_drive,2023-11-11,2023-12-16,36,3,8.0,repeated_nonpersistent_alerts,False
ZA21EJY4,2023-10-01,2023-12-26,28,0,0.9649114168672802,0.9634746180892455,,0.9649114168672802,0.9634746180892455,28,True,28,2023-10-01,True,28,2023-10-01,false_positive,,,-0.26491141686728026,not_a_failed_drive,2023-10-01,2023-12-26,87,4,0.0,repeated_nonpersistent_alerts,True
ZA21EKNA,2023-10-02,2023-12-27,27,0,0.9229603599809342,0.9058704490532647,,0.9229603599809342,0.9058704490532647,27,True,27,2023-10-02,True,27,2023-10-02,false_positive,,,-0.22296035998093422,not_a_failed_drive,2023-10-02,2023-12-27,87,3,0.0,repeated_nonpersistent_alerts,True
ZA21EKNR,2023-10-02,2023-12-30,21,0,0.9958644628631899,0.9934164623378682,,0.9958644628631899,0.9934164623378682,21,True,21,2023-10-02,True,21,2023-10-02,false_positive,,,-0.2958644628631899,not_a_failed_drive,2023-10-02,2023-12-30,90,2,0.0,repeated_nonpersistent_alerts,True
ZA21ESC6,2023-10-03,2023-12-24,31,0,0.8039899774831053,0.6477347100805116,,0.8039899774831053,0.6477347100805116,31,True,8,2023-10-03,True,31,2023-10-03,false_positive,,,-0.10398997748310534,not_a_failed_drive,2023-10-03,2023-10-18,16,4,67.0,repeated_nonpersistent_alerts,False
ZA21FC0F,2023-10-02,2023-12-27,23,0,0.988628161945719,0.9712217787039094,,0.988628161945719,0.9712217787039094,23,True,23,2023-10-02,True,23,2023-10-02,false_positive,,,-0.28862816194571905,not_a_failed_drive,2023-10-02,2023-12-27,87,4,0.0,repeated_nonpersistent_alerts,True
ZA21FC2Z,2023-10-01,2023-12-30,26,0,0.9979979500872251,0.9729879767320159,,0.9979979500872251,0.9729879767320159,26,True,26,2023-10-01,True,26,2023-10-01,false_positive,,,-0.2979979500872252,not_a_failed_drive,2023-10-01,2023-12-30,91,3,0.0,repeated_nonpersistent_alerts,True
ZA21FCAD,2023-10-04,2023-12-25,24,0,0.9805881081804796,0.7279147741121962,,0.9805881081804796,0.7279147741121962,24,True,15,2023-11-08,True,24,2023-10-04,false_positive,,,-0.28058810818047963,not_a_failed_drive,2023-11-08,2023-12-25,48,3,0.0,repeated_nonpersistent_alerts,True
ZCH055R5,2023-10-02,2023-12-30,39,0,0.9999999999997993,0.9999999999997993,,0.9999999999997993,0.9999999999997993,39,True,39,2023-10-02,True,39,2023-10-02,false_positive,,,-0.2999999999997993,not_a_failed_drive,2023-10-02,2023-12-30,90,4,0.0,repeated_nonpersistent_alerts,True
ZCH05LHY,2023-10-15,2023-12-31,30,0,0.9999999513560832,0.9999999258041868,,0.9999999513560832,0.9999999258041868,30,True,30,2023-10-15,True,30,2023-10-15,false_positive,,,-0.29999995135608326,not_a_failed_drive,2023-10-15,2023-12-31,78,3,0.0,repeated_nonpersistent_alerts,True
ZCH05M9N,2023-10-07,2023-12-30,31,0,0.9999981588186666,0.9999978474018625,,0.9999981588186666,0.9999978474018625,31,True,31,2023-10-07,True,31,2023-10-07,false_positive,,,-0.29999815881866665,not_a_failed_drive,2023-10-07,2023-12-30,85,3,0.0,repeated_nonpersistent_alerts,True
ZDEA9QAX,2023-10-08,2023-12-30,26,0,0.7684315921747473,0.7275660445956178,,0.7684315921747473,0.7275660445956178,26,True,21,2023-10-28,True,26,2023-10-08,false_positive,,,-0.06843159217474737,not_a_failed_drive,2023-10-28,2023-12-30,64,2,0.0,repeated_nonpersistent_alerts,True
ZHZ0MYJD,2023-10-01,2023-12-31,27,0,0.9999999999198745,0.9998331287252579,,0.9999999999198745,0.9998331287252579,27,True,27,2023-10-01,True,27,2023-10-01,false_positive,,,-0.2999999999198746,not_a_failed_drive,2023-10-01,2023-12-31,92,6,0.0,repeated_nonpersistent_alerts,True
ZHZ0NN8H,2023-10-11,2023-12-29,24,0,0.9905737884501933,0.9878568771854644,,0.9905737884501933,0.9878568771854644,24,True,24,2023-10-11,True,24,2023-10-11,false_positive,,,-0.2905737884501933,not_a_failed_drive,2023-10-11,2023-12-29,80,4,0.0,repeated_nonpersistent_alerts,True
ZHZ0R3HS,2023-10-01,2023-12-01,22,0,0.8909079347339921,0.8893959027586823,,0.8909079347339921,0.8893959027586823,22,True,22,2023-10-01,True,22,2023-10-01,false_positive,,,-0.19090793473399215,not_a_failed_drive,2023-10-01,2023-12-01,62,4,0.0,repeated_nonpersistent_alerts,True
ZHZ0RH56,2023-10-01,2023-12-31,22,0,0.9958167920348369,0.8664215696851282,,0.9958167920348369,0.8664215696851282,22,True,22,2023-10-01,True,22,2023-10-01,false_positive,,,-0.2958167920348369,not_a_failed_drive,2023-10-01,2023-12-31,92,2,0.0,repeated_nonpersistent_alerts,True
ZHZ0SJD0,2023-10-03,2023-12-28,28,0,0.9991062590532137,0.9991062590532137,,0.9991062590532137,0.9991062590532137,28,True,28,2023-10-03,True,28,2023-10-03,false_positive,,,-0.29910625905321375,not_a_failed_drive,2023-10-03,2023-12-28,87,2,0.0,repeated_nonpersistent_alerts,True
ZHZ0W0H3,2023-10-02,2023-10-30,12,0,0.9999999763250295,0.999925365518727,,0.9999999763250295,0.999925365518727,12,True,12,2023-10-02,True,12,2023-10-02,false_positive,,,-0.2999999763250295,not_a_failed_drive,2023-10-02,2023-10-30,29,3,0.0,repeated_nonpersistent_alerts,True
ZHZ10PX9,2023-10-09,2023-12-20,19,0,0.9999998165626024,0.9999998165626024,,0.9999998165626024,0.9999998165626024,19,True,19,2023-10-09,True,19,2023-10-09,false_positive,,,-0.29999981656260244,not_a_failed_drive,2023-10-09,2023-12-20,73,2,0.0,repeated_nonpersistent_alerts,True
ZHZ11FE5,2023-10-04,2023-10-29,9,0,1.0,1.0,,1.0,1.0,9,True,9,2023-10-04,True,9,2023-10-04,false_positive,,,-0.30000000000000004,not_a_failed_drive,2023-10-04,2023-10-29,26,2,0.0,repeated_nonpersistent_alerts,True
ZHZ1LA3T,2023-10-02,2023-12-28,27,0,0.7092871003327847,0.6661232976125442,,0.7092871003327847,0.6661232976125442,27,True,8,2023-12-17,True,27,2023-10-02,false_positive,,,-0.009287100332784792,not_a_failed_drive,2023-12-17,2023-12-28,12,3,0.0,repeated_nonpersistent_alerts,True
ZHZ20ZK9,2023-10-03,2023-12-31,33,0,0.847472142260778,0.847472142260778,,0.847472142260778,0.847472142260778,33,True,33,2023-10-03,True,33,2023-10-03,false_positive,,,-0.1474721422607781,not_a_failed_drive,2023-10-03,2023-12-31,90,5,0.0,repeated_nonpersistent_alerts,True
ZHZ228WH,2023-10-01,2023-12-24,29,0,0.869358777110471,0.869358777110471,,0.869358777110471,0.869358777110471,29,True,29,2023-10-01,True,29,2023-10-01,false_positive,,,-0.1693587771104711,not_a_failed_drive,2023-10-01,2023-12-24,85,4,0.0,repeated_nonpersistent_alerts,True
ZHZ26BWC,2023-10-01,2023-12-31,25,0,0.9999999999999991,0.9997001472329938,,0.9999999999999991,0.9997001472329938,25,True,25,2023-10-01,True,25,2023-10-01,false_positive,,,-0.29999999999999916,not_a_failed_drive,2023-10-01,2023-12-31,92,3,0.0,repeated_nonpersistent_alerts,True
ZHZ2C7Y3,2023-10-04,2023-12-30,29,0,0.7211831401848074,0.5761836633660933,,0.7211831401848074,0.5761836633660933,29,True,12,2023-10-04,True,29,2023-10-04,false_positive,,,-0.021183140184807492,not_a_failed_drive,2023-10-04,2023-12-30,88,2,0.0,repeated_nonpersistent_alerts,True
ZHZ2DEPX,2023-10-06,2023-12-25,33,0,0.8133502075057817,0.47450282521539094,,0.8133502075057817,0.47450282521539094,33,True,2,2023-12-12,True,16,2023-11-16,false_positive,,,-0.11335020750578173,not_a_failed_drive,2023-12-12,2023-12-14,3,1,11.0,short_alert_burst,False
ZHZ2F3ZV,2023-10-02,2023-10-17,6,0,0.9999985983379198,0.999998508468194,,0.9999985983379198,0.999998508468194,6,True,6,2023-10-02,True,6,2023-10-02,false_positive,,,-0.29999859833791986,not_a_failed_drive,2023-10-02,2023-10-17,16,3,0.0,repeated_nonpersistent_alerts,True
ZHZ2H6NY,2023-10-07,2023-12-29,33,0,0.7618328032317669,0.7618328032317669,,0.7618328032317669,0.7618328032317669,33,True,33,2023-10-07,True,33,2023-10-07,false_positive,,,-0.061832803231766986,not_a_failed_drive,2023-10-07,2023-12-29,84,4,0.0,repeated_nonpersistent_alerts,True
ZHZ2R15F,2023-10-03,2023-12-31,30,0,0.8586180673283499,0.5599608166923697,,0.8586180673283499,0.5599608166923697,30,True,10,2023-12-03,True,30,2023-10-03,false_positive,,,-0.15861806732834993,not_a_failed_drive,2023-12-03,2023-12-31,29,2,0.0,repeated_nonpersistent_alerts,True
ZHZ2Y82D,2023-10-01,2023-12-31,27,0,0.9999999999999998,0.9999999911398688,,0.9999999999999998,0.9999999911398688,27,True,27,2023-10-01,True,27,2023-10-01,false_positive,,,-0.2999999999999998,not_a_failed_drive,2023-10-01,2023-12-31,92,3,0.0,repeated_nonpersistent_alerts,True
ZHZ2Y8FF,2023-10-01,2023-10-05,3,0,1.0,1.0,,1.0,1.0,3,True,3,2023-10-01,True,3,2023-10-01,false_positive,,,-0.30000000000000004,not_a_failed_drive,2023-10-01,2023-10-05,5,1,0.0,repeated_nonpersistent_alerts,True
ZHZ2YLBV,2023-10-04,2023-11-04,12,0,1.0,0.9999999999988113,,1.0,0.9999999999988113,12,True,12,2023-10-04,True,12,2023-10-04,false_positive,,,-0.30000000000000004,not_a_failed_drive,2023-10-04,2023-11-04,32,2,0.0,repeated_nonpersistent_alerts,True
ZHZ30GBZ,2023-10-02,2023-12-30,29,0,0.9999988069380238,0.3841327742384603,,0.9999988069380238,0.3841327742384603,29,True,2,2023-12-29,True,2,2023-12-29,false_positive,,,-0.29999880693802383,not_a_failed_drive,2023-12-29,2023-12-30,2,2,0.0,short_alert_burst,True
ZHZ30YZ1,2023-10-01,2023-12-30,27,0,1.0,0.6515227530832495,,1.0,0.6515227530832495,27,True,13,2023-11-08,True,14,2023-11-04,false_positive,,,-0.30000000000000004,not_a_failed_drive,2023-11-08,2023-12-30,53,2,0.0,repeated_nonpersistent_alerts,True
ZHZ31QKH,2023-10-03,2023-12-28,25,0,0.9842700989400485,0.9834738675569445,,0.9842700989400485,0.9834738675569445,25,True,25,2023-10-03,True,25,2023-10-03,false_positive,,,-0.2842700989400485,not_a_failed_drive,2023-10-03,2023-12-28,87,4,0.0,repeated_nonpersistent_alerts,True
ZHZ32YRL,2023-10-03,2023-10-03,1,0,0.9999999254067105,0.9999999254067105,,0.9999999254067105,0.9999999254067105,1,True,1,2023-10-03,True,1,2023-10-03,false_positive,,,-0.2999999254067105,not_a_failed_drive,2023-10-03,2023-10-03,1,1,0.0,single_day_spike,True
ZHZ36BRQ,2023-10-02,2023-12-31,22,0,0.8569701126733451,0.856970112673345,,0.8569701126733451,0.856970112673345,22,True,22,2023-10-02,True,22,2023-10-02,false_positive,,,-0.15697011267334515,not_a_failed_drive,2023-10-02,2023-12-31,91,5,0.0,repeated_nonpersistent_alerts,True
ZHZ36LT7,2023-10-01,2023-12-28,28,0,0.8569701126733451,0.6931417133301484,,0.8569701126733451,0.6931417133301484,28,True,7,2023-10-01,True,28,2023-10-01,false_positive,,,-0.15697011267334515,not_a_failed_drive,2023-10-01,2023-10-14,14,2,75.0,repeated_nonpersistent_alerts,False
ZHZ37ELW,2023-10-01,2023-12-31,31,0,0.9999720370669313,0.9966244523963504,,0.9999720370669313,0.9966244523963504,31,True,31,2023-10-01,True,31,2023-10-01,false_positive,,,-0.2999720370669313,not_a_failed_drive,2023-10-01,2023-12-31,92,4,0.0,repeated_nonpersistent_alerts,True
ZHZ3848R,2023-10-06,2023-10-22,5,0,1.0,0.9277064486383468,,1.0,0.9277064486383468,5,True,4,2023-10-16,True,5,2023-10-06,false_positive,,,-0.30000000000000004,not_a_failed_drive,2023-10-16,2023-10-22,7,2,0.0,repeated_nonpersistent_alerts,True
ZHZ39389,2023-10-03,2023-12-28,28,0,0.8025401199677769,0.5455637393757543,,0.8025401199677769,0.5455637393757543,28,True,4,2023-12-21,True,19,2023-10-03,false_positive,,,-0.1025401199677769,not_a_failed_drive,2023-12-21,2023-12-28,8,2,0.0,repeated_nonpersistent_alerts,True
ZHZ39KAG,2023-10-05,2023-12-13,21,0,1.0,0.7581093682933735,,1.0,0.7581093682933735,21,True,14,2023-10-05,True,15,2023-10-05,false_positive,,,-0.30000000000000004,not_a_failed_drive,2023-10-05,2023-12-13,70,3,0.0,repeated_nonpersistent_alerts,True
ZHZ39KXA,2023-10-01,2023-12-30,27,0,0.9999984236445705,0.9966217156467582,,0.9999984236445705,0.9966217156467582,27,True,27,2023-10-01,True,27,2023-10-01,false_positive,,,-0.2999984236445705,not_a_failed_drive,2023-10-01,2023-12-30,91,4,0.0,repeated_nonpersistent_alerts,True
ZHZ39L8T,2023-10-02,2023-12-29,31,0,0.8487452887135842,0.5918976895861824,,0.8487452887135842,0.5918976895861824,31,True,4,2023-12-20,True,24,2023-10-25,false_positive,,,-0.14874528871358428,not_a_failed_drive,2023-12-20,2023-12-29,10,1,0.0,repeated_nonpersistent_alerts,True
ZHZ39RG8,2023-10-01,2023-12-28,27,0,0.9999999787710785,0.9999935462086164,,0.9999999787710785,0.9999935462086164,27,True,27,2023-10-01,True,27,2023-10-01,false_positive,,,-0.29999997877107853,not_a_failed_drive,2023-10-01,2023-12-28,89,3,0.0,repeated_nonpersistent_alerts,True
ZHZ3AA7D,2023-10-01,2023-12-28,22,0,0.9999998236394199,0.9996459229854828,,0.9999998236394199,0.9996459229854828,22,True,22,2023-10-01,True,22,2023-10-01,false_positive,,,-0.2999998236394199,not_a_failed_drive,2023-10-01,2023-12-28,89,2,0.0,repeated_nonpersistent_alerts,True
ZHZ3APX6,2023-10-09,2023-12-28,29,0,1.0,1.0,,1.0,1.0,29,True,29,2023-10-09,True,29,2023-10-09,false_positive,,,-0.30000000000000004,not_a_failed_drive,2023-10-09,2023-12-28,81,4,0.0,repeated_nonpersistent_alerts,True
ZHZ3C54R,2023-10-01,2023-12-28,25,0,1.0,0.9999999999984941,,1.0,0.9999999999984941,25,True,25,2023-10-01,True,25,2023-10-01,false_positive,,,-0.30000000000000004,not_a_failed_drive,2023-10-01,2023-12-28,89,3,0.0,repeated_nonpersistent_alerts,True
ZHZ3C5LW,2023-10-03,2023-12-30,24,0,1.0,0.9999965079246125,,1.0,0.9999965079246125,24,True,24,2023-10-03,True,24,2023-10-03,false_positive,,,-0.30000000000000004,not_a_failed_drive,2023-10-03,2023-12-30,89,4,0.0,repeated_nonpersistent_alerts,True
ZHZ3C5N3,2023-10-01,2023-12-23,32,0,0.9996961070592773,0.9996961070592773,,0.9996961070592773,0.9996961070592773,32,True,32,2023-10-01,True,32,2023-10-01,false_positive,,,-0.2996961070592773,not_a_failed_drive,2023-10-01,2023-12-23,84,5,0.0,repeated_nonpersistent_alerts,True
ZHZ3CCWM,2023-10-04,2023-12-23,20,0,0.9986556596144004,0.9986556596144004,,0.9986556596144004,0.9986556596144004,20,True,20,2023-10-04,True,20,2023-10-04,false_positive,,,-0.29865565961440044,not_a_failed_drive,2023-10-04,2023-12-23,81,2,0.0,repeated_nonpersistent_alerts,True
ZHZ3CF2Z,2023-10-03,2023-12-24,31,0,0.9997282921641222,0.999716889498139,,0.9997282921641222,0.999716889498139,31,True,31,2023-10-03,True,31,2023-10-03,false_positive,,,-0.2997282921641222,not_a_failed_drive,2023-10-03,2023-12-24,83,5,0.0,repeated_nonpersistent_alerts,True
ZHZ3CHAZ,2023-10-01,2023-12-26,34,0,0.9999991754755776,0.4462369650319201,,0.9999991754755776,0.4462369650319201,34,True,6,2023-12-15,True,7,2023-12-04,false_positive,,,-0.29999917547557764,not_a_failed_drive,2023-12-15,2023-12-26,12,2,0.0,repeated_nonpersistent_alerts,True
ZHZ3CHDX,2023-10-04,2023-12-21,21,0,0.9999995238801538,0.9716338671765153,,0.9999995238801538,0.9716338671765153,21,True,21,2023-10-04,True,21,2023-10-04,false_positive,,,-0.29999952388015383,not_a_failed_drive,2023-10-04,2023-12-21,79,2,0.0,repeated_nonpersistent_alerts,True
ZHZ3CJSP,2023-10-03,2023-12-31,27,0,1.0,1.0,,1.0,1.0,27,True,27,2023-10-03,True,27,2023-10-03,false_positive,,,-0.30000000000000004,not_a_failed_drive,2023-10-03,2023-12-31,90,5,0.0,repeated_nonpersistent_alerts,True
ZHZ3CK27,2023-10-03,2023-12-28,20,0,0.7043116364190494,0.7043116364190494,,0.7043116364190494,0.7043116364190494,20,True,20,2023-10-03,True,20,2023-10-03,false_positive,,,-0.004311636419049414,not_a_failed_drive,2023-10-03,2023-12-28,87,4,0.0,repeated_nonpersistent_alerts,True
ZHZ3CLBN,2023-10-09,2023-12-29,25,0,0.7725284177979607,0.4655522992948838,,0.7725284177979607,0.4655522992948838,25,True,4,2023-12-22,True,15,2023-11-11,false_positive,,,-0.07252841779796071,not_a_failed_drive,2023-12-22,2023-12-29,8,2,0.0,repeated_nonpersistent_alerts,True
ZHZ3CNVY,2023-10-01,2023-12-29,25,0,0.999999726716937,0.9966099007603414,,0.999999726716937,0.9966099007603414,25,True,25,2023-10-01,True,25,2023-10-01,false_positive,,,-0.2999997267169371,not_a_failed_drive,2023-10-01,2023-12-29,90,2,0.0,repeated_nonpersistent_alerts,True
ZHZ3CQ6H,2023-10-07,2023-12-30,17,0,1.0,1.0,,1.0,1.0,17,True,17,2023-10-07,True,17,2023-10-07,false_positive,,,-0.30000000000000004,not_a_failed_drive,2023-10-07,2023-12-30,85,3,0.0,repeated_nonpersistent_alerts,True
ZHZ3CQKR,2023-10-08,2023-12-30,24,0,0.9995368277126243,0.5037728807985263,,0.9995368277126243,0.5037728807985263,24,True,6,2023-10-25,True,6,2023-10-25,false_positive,,,-0.29953682771262435,not_a_failed_drive,2023-10-25,2023-11-09,16,2,51.0,repeated_nonpersistent_alerts,False
ZHZ3CT79,2023-10-02,2023-12-10,21,0,1.0,0.9999953725471913,,1.0,0.9999953725471913,21,True,21,2023-10-02,True,21,2023-10-02,false_positive,,,-0.30000000000000004,not_a_failed_drive,2023-10-02,2023-12-10,70,3,0.0,repeated_nonpersistent_alerts,True
ZHZ3CX0N,2023-10-01,2023-12-31,21,0,0.9999999999546274,0.9999974264353219,,0.9999999999546274,0.9999974264353219,21,True,21,2023-10-01,True,21,2023-10-01,false_positive,,,-0.29999999995462745,not_a_failed_drive,2023-10-01,2023-12-31,92,2,0.0,repeated_nonpersistent_alerts,True
ZHZ3DBLL,2023-10-02,2023-12-26,23,0,0.9070956269561437,0.8999253568134984,,0.9070956269561437,0.8999253568134984,23,True,23,2023-10-02,True,23,2023-10-02,false_positive,,,-0.2070956269561437,not_a_failed_drive,2023-10-02,2023-12-26,86,2,0.0,repeated_nonpersistent_alerts,True
ZHZ3DEV7,2023-10-01,2023-12-31,30,0,0.9998593866439948,0.9961172597193854,,0.9998593866439948,0.9961172597193854,30,True,30,2023-10-01,True,30,2023-10-01,false_positive,,,-0.2998593866439948,not_a_failed_drive,2023-10-01,2023-12-31,92,5,0.0,repeated_nonpersistent_alerts,True
ZHZ3DMVR,2023-10-02,2023-12-31,26,0,1.0,1.0,,1.0,1.0,26,True,26,2023-10-02,True,26,2023-10-02,false_positive,,,-0.30000000000000004,not_a_failed_drive,2023-10-02,2023-12-31,91,3,0.0,repeated_nonpersistent_alerts,True
ZHZ3DMW1,2023-10-02,2023-12-28,31,0,0.9999999279965558,0.5075102256049103,,0.9999999279965558,0.5075102256049103,31,True,8,2023-12-01,True,8,2023-12-01,false_positive,,,-0.29999992799655584,not_a_failed_drive,2023-12-01,2023-12-28,28,2,0.0,repeated_nonpersistent_alerts,True
ZHZ3DPXK,2023-10-03,2023-12-31,31,0,0.9197357027083434,0.9197357027083434,,0.9197357027083434,0.9197357027083434,31,True,31,2023-10-03,True,31,2023-10-03,false_positive,,,-0.21973570270834342,not_a_failed_drive,2023-10-03,2023-12-31,90,3,0.0,repeated_nonpersistent_alerts,True
ZHZ3DTDA,2023-10-03,2023-10-05,3,0,1.0,1.0,,1.0,1.0,3,True,3,2023-10-03,True,3,2023-10-03,false_positive,,,-0.30000000000000004,not_a_failed_drive,2023-10-03,2023-10-05,3,3,0.0,repeated_nonpersistent_alerts,True
ZHZ3DWHE,2023-10-01,2023-12-17,22,0,0.9999999983357395,0.5125471376262946,,0.9999999983357395,0.5125471376262946,22,True,6,2023-12-01,True,6,2023-12-01,false_positive,,,-0.29999999833573954,not_a_failed_drive,2023-12-01,2023-12-17,17,2,0.0,repeated_nonpersistent_alerts,True
ZHZ3F32J,2023-10-03,2023-12-20,26,0,0.8212883964265866,0.7788162400034556,,0.8212883964265866,0.7788162400034556,26,True,26,2023-10-03,True,26,2023-10-03,false_positive,,,-0.12128839642658662,not_a_failed_drive,2023-10-03,2023-12-20,79,3,0.0,repeated_nonpersistent_alerts,True
ZHZ3H17Z,2023-10-02,2023-12-31,30,0,0.9998348312115253,0.8601088184758591,,0.9998348312115253,0.8601088184758591,30,True,30,2023-10-02,True,30,2023-10-02,false_positive,,,-0.2998348312115253,not_a_failed_drive,2023-10-02,2023-12-31,91,3,0.0,repeated_nonpersistent_alerts,True
ZHZ3H9NE,2023-10-02,2023-12-28,29,0,0.9881202030828535,0.9867344449709968,,0.9881202030828535,0.9867344449709968,29,True,29,2023-10-02,True,29,2023-10-02,false_positive,,,-0.2881202030828536,not_a_failed_drive,2023-10-02,2023-12-28,88,4,0.0,repeated_nonpersistent_alerts,True
ZHZ3J589,2023-10-02,2023-11-23,20,0,0.9999999999999356,0.7845693358888407,,0.9999999999999356,0.7845693358888407,20,True,14,2023-10-19,True,19,2023-10-04,false_positive,,,-0.29999999999993565,not_a_failed_drive,2023-10-19,2023-11-23,36,3,0.0,repeated_nonpersistent_alerts,True
ZHZ3J5AV,2023-10-05,2023-10-07,2,0,1.0,1.0,,1.0,1.0,2,True,2,2023-10-05,True,2,2023-10-05,false_positive,,,-0.30000000000000004,not_a_failed_drive,2023-10-05,2023-10-07,3,1,0.0,short_alert_burst,True
ZHZ3KS8M,2023-10-01,2023-12-19,33,0,0.75136288105793,0.3794241688048059,,0.75136288105793,0.3794241688048059,33,True,2,2023-12-17,True,33,2023-10-01,false_positive,,,-0.051362881057930077,not_a_failed_drive,2023-12-17,2023-12-19,3,1,0.0,short_alert_burst,True
ZHZ3MC58,2023-10-04,2023-12-19,23,0,1.0,0.42163213201824723,,1.0,0.42163213201824723,23,True,3,2023-12-12,True,3,2023-12-12,false_positive,,,-0.30000000000000004,not_a_failed_drive,2023-12-12,2023-12-19,8,1,0.0,repeated_nonpersistent_alerts,True
ZHZ3N604,2023-10-02,2023-12-31,26,0,0.8004559063859187,0.8004559063859187,,0.8004559063859187,0.8004559063859187,26,True,26,2023-10-02,True,26,2023-10-02,false_positive,,,-0.10045590638591873,not_a_failed_drive,2023-10-02,2023-12-31,91,3,0.0,repeated_nonpersistent_alerts,True
ZHZ3N9DR,2023-10-01,2023-12-30,32,0,0.9663961263637717,0.9663961263637717,,0.9663961263637717,0.9663961263637717,32,True,32,2023-10-01,True,32,2023-10-01,false_positive,,,-0.26639612636377175,not_a_failed_drive,2023-10-01,2023-12-30,91,4,0.0,repeated_nonpersistent_alerts,True
ZHZ3NBAY,2023-10-01,2023-10-26,7,0,1.0,0.9998530637616998,,1.0,0.9998530637616998,7,True,7,2023-10-01,True,7,2023-10-01,false_positive,,,-0.30000000000000004,not_a_failed_drive,2023-10-01,2023-10-26,26,2,0.0,repeated_nonpersistent_alerts,True
ZHZ3NC25,2023-10-06,2023-12-30,31,0,0.9999999989085779,0.999990994952211,,0.9999999989085779,0.999990994952211,31,True,31,2023-10-06,True,31,2023-10-06,false_positive,,,-0.299999998908578,not_a_failed_drive,2023-10-06,2023-12-30,86,5,0.0,repeated_nonpersistent_alerts,True
ZHZ3NMLB,2023-10-01,2023-12-29,32,0,0.8017113184617869,0.495316179103922,,0.8017113184617869,0.495316179103922,32,True,11,2023-11-19,True,11,2023-11-19,false_positive,,,-0.10171131846178694,not_a_failed_drive,2023-11-19,2023-12-29,41,2,0.0,repeated_nonpersistent_alerts,True
ZHZ3NNFD,2023-10-01,2023-12-29,32,0,0.8291863346704365,0.8291863346704365,,0.8291863346704365,0.8291863346704365,32,True,32,2023-10-01,True,32,2023-10-01,false_positive,,,-0.1291863346704365,not_a_failed_drive,2023-10-01,2023-12-29,90,4,0.0,repeated_nonpersistent_alerts,True
ZHZ3NQ1X,2023-10-02,2023-12-31,27,0,0.9985206541286357,0.9940181920855778,,0.9985206541286357,0.9940181920855778,27,True,27,2023-10-02,True,27,2023-10-02,false_positive,,,-0.2985206541286357,not_a_failed_drive,2023-10-02,2023-12-31,91,3,0.0,repeated_nonpersistent_alerts,True
ZHZ3NWHT,2023-10-07,2023-12-31,20,0,0.9999720370669313,0.4576673294231804,,0.9999720370669313,0.4576673294231804,20,True,4,2023-12-15,True,4,2023-12-15,false_positive,,,-0.2999720370669313,not_a_failed_drive,2023-12-15,2023-12-31,17,1,0.0,repeated_nonpersistent_alerts,True
ZHZ3P3X6,2023-10-09,2023-12-27,29,0,1.0,0.6670983819531323,,1.0,0.6670983819531323,29,True,15,2023-11-23,True,17,2023-11-17,false_positive,,,-0.30000000000000004,not_a_failed_drive,2023-11-23,2023-12-27,35,3,0.0,repeated_nonpersistent_alerts,True
ZHZ3PFNL,2023-10-05,2023-12-31,30,0,0.9999999999999862,0.999999999999986,,0.9999999999999862,0.999999999999986,30,True,30,2023-10-05,True,30,2023-10-05,false_positive,,,-0.2999999999999863,not_a_failed_drive,2023-10-05,2023-12-31,88,3,0.0,repeated_nonpersistent_alerts,True
ZHZ3PVQF,2023-10-02,2023-12-27,29,0,0.9998908913126051,0.4061705383959324,,0.9998908913126051,0.4061705383959324,29,True,3,2023-12-21,True,3,2023-12-21,false_positive,,,-0.29989089131260516,not_a_failed_drive,2023-12-21,2023-12-27,7,2,0.0,repeated_nonpersistent_alerts,True
ZHZ3Q1M4,2023-10-02,2023-11-16,15,0,0.9999999999999998,0.6946984764667589,,0.9999999999999998,0.6946984764667589,15,True,5,2023-11-03,True,15,2023-10-02,false_positive,,,-0.2999999999999998,not_a_failed_drive,2023-11-03,2023-11-16,14,2,0.0,repeated_nonpersistent_alerts,True
ZHZ3Q8SF,2023-10-01,2023-11-11,20,0,0.9072256904630817,0.9061965434092475,,0.9072256904630817,0.9061965434092475,20,True,20,2023-10-01,True,20,2023-10-01,false_positive,,,-0.2072256904630817,not_a_failed_drive,2023-10-01,2023-11-11,42,5,0.0,repeated_nonpersistent_alerts,True
ZHZ3QCGK,2023-10-03,2023-12-30,31,0,0.8569701126733451,0.8569701126733451,,0.8569701126733451,0.8569701126733451,31,True,31,2023-10-03,True,31,2023-10-03,false_positive,,,-0.15697011267334515,not_a_failed_drive,2023-10-03,2023-12-30,89,8,0.0,persistent_7_plus_day_run,True
ZHZ3QT8T,2023-10-03,2023-12-31,34,0,0.9994782673132012,0.9994782673132012,,0.9994782673132012,0.9994782673132012,34,True,34,2023-10-03,True,34,2023-10-03,false_positive,,,-0.29947826731320126,not_a_failed_drive,2023-10-03,2023-12-31,90,5,0.0,repeated_nonpersistent_alerts,True
ZHZ3R1N5,2023-10-01,2023-12-30,28,0,0.8558487567842584,0.5343042306555045,,0.8558487567842584,0.5343042306555045,28,True,10,2023-12-01,True,25,2023-10-17,false_positive,,,-0.15584875678425847,not_a_failed_drive,2023-12-01,2023-12-30,30,5,0.0,repeated_nonpersistent_alerts,True
ZHZ3R4ZN,2023-10-01,2023-12-10,24,0,1.0,0.9999974802602409,,1.0,0.9999974802602409,24,True,24,2023-10-01,True,24,2023-10-01,false_positive,,,-0.30000000000000004,not_a_failed_drive,2023-10-01,2023-12-10,71,4,0.0,repeated_nonpersistent_alerts,True
ZHZ3R85H,2023-10-01,2023-12-31,25,0,0.9986757870160923,0.7536860641323918,,0.9986757870160923,0.7536860641323918,25,True,17,2023-11-08,True,25,2023-10-01,false_positive,,,-0.2986757870160923,not_a_failed_drive,2023-11-08,2023-12-31,54,2,0.0,repeated_nonpersistent_alerts,True
ZHZ3RAYW,2023-10-01,2023-12-31,26,0,0.9911865738128434,0.534189453387109,,0.9911865738128434,0.534189453387109,26,True,8,2023-12-09,True,9,2023-12-08,false_positive,,,-0.2911865738128434,not_a_failed_drive,2023-12-09,2023-12-31,23,2,0.0,repeated_nonpersistent_alerts,True
ZHZ3RXMF,2023-10-01,2023-10-08,4,0,0.999999999999674,0.9999999999996687,,0.999999999999674,0.9999999999996687,4,True,4,2023-10-01,True,4,2023-10-01,false_positive,,,-0.2999999999996741,not_a_failed_drive,2023-10-01,2023-10-08,8,2,0.0,repeated_nonpersistent_alerts,True
ZHZ3RZSZ,2023-10-01,2023-11-07,15,0,0.9999999983313654,0.8067410328384336,,0.9999999983313654,0.8067410328384336,15,True,9,2023-10-13,True,15,2023-10-01,false_positive,,,-0.2999999983313655,not_a_failed_drive,2023-10-13,2023-11-07,26,2,0.0,repeated_nonpersistent_alerts,True
ZHZ3S1WF,2023-10-01,2023-12-30,28,0,0.9999999641709028,0.9999999641709028,,0.9999999641709028,0.9999999641709028,28,True,28,2023-10-01,True,28,2023-10-01,false_positive,,,-0.2999999641709028,not_a_failed_drive,2023-10-01,2023-12-30,91,3,0.0,repeated_nonpersistent_alerts,True
ZHZ3SN8R,2023-10-03,2023-12-28,27,0,0.9991902965708387,0.9991902965708387,,0.9991902965708387,0.9991902965708387,27,True,27,2023-10-03,True,27,2023-10-03,false_positive,,,-0.29919029657083873,not_a_failed_drive,2023-10-03,2023-12-28,87,3,0.0,repeated_nonpersistent_alerts,True
ZHZ3SS1W,2023-10-03,2023-11-15,12,0,0.9999999971791844,0.870890663561484,,0.9999999971791844,0.870890663561484,12,True,9,2023-10-14,True,12,2023-10-03,false_positive,,,-0.29999999717918446,not_a_failed_drive,2023-10-14,2023-11-15,33,2,0.0,repeated_nonpersistent_alerts,True
ZHZ3T6TV,2023-10-13,2023-12-29,22,0,0.9981641381366407,0.9981641381366407,,0.9981641381366407,0.9981641381366407,22,True,22,2023-10-13,True,22,2023-10-13,false_positive,,,-0.2981641381366408,not_a_failed_drive,2023-10-13,2023-12-29,78,3,0.0,repeated_nonpersistent_alerts,True
ZHZ3TAJT,2023-10-02,2023-10-28,11,0,1.0,1.0,,1.0,1.0,11,True,11,2023-10-02,True,11,2023-10-02,false_positive,,,-0.30000000000000004,not_a_failed_drive,2023-10-02,2023-10-28,27,2,0.0,repeated_nonpersistent_alerts,True
ZHZ3WYNP,2023-10-04,2023-12-30,33,0,1.0,0.8403815615311109,,1.0,0.8403815615311109,33,True,20,2023-11-16,True,33,2023-10-04,false_positive,,,-0.30000000000000004,not_a_failed_drive,2023-11-16,2023-12-30,45,3,0.0,repeated_nonpersistent_alerts,True
ZHZ3X1FL,2023-10-04,2023-11-21,16,0,0.9999926319302447,0.9999921124682677,,0.9999926319302447,0.9999921124682677,16,True,16,2023-10-04,True,16,2023-10-04,false_positive,,,-0.2999926319302447,not_a_failed_drive,2023-10-04,2023-11-21,49,2,0.0,repeated_nonpersistent_alerts,True
ZHZ3X2LK,2023-10-03,2023-12-29,30,0,1.0,0.7260219266488058,,1.0,0.7260219266488058,30,True,18,2023-11-26,True,18,2023-11-26,false_positive,,,-0.30000000000000004,not_a_failed_drive,2023-11-26,2023-12-29,34,4,0.0,repeated_nonpersistent_alerts,True
ZHZ3Z23J,2023-10-01,2023-10-03,2,0,1.0,1.0,,1.0,1.0,2,True,2,2023-10-01,True,2,2023-10-01,false_positive,,,-0.30000000000000004,not_a_failed_drive,2023-10-01,2023-10-03,3,1,0.0,short_alert_burst,True
ZHZ3ZJJD,2023-10-01,2023-12-31,22,0,0.9999984368147747,0.5080618414336339,,0.9999984368147747,0.5080618414336339,22,True,5,2023-12-16,True,9,2023-11-30,false_positive,,,-0.2999984368147748,not_a_failed_drive,2023-12-16,2023-12-31,16,2,0.0,repeated_nonpersistent_alerts,True
ZHZ40NKY,2023-10-02,2023-12-28,28,0,0.8569701126733451,0.7243471227288526,,0.8569701126733451,0.7243471227288526,28,True,11,2023-11-24,True,28,2023-10-02,false_positive,,,-0.15697011267334515,not_a_failed_drive,2023-11-24,2023-12-28,35,2,0.0,repeated_nonpersistent_alerts,True
ZHZ418XK,2023-10-03,2023-12-27,33,0,0.9701277584715279,0.5658432221183086,,0.9701277584715279,0.5658432221183086,33,True,12,2023-10-03,True,12,2023-10-03,false_positive,,,-0.2701277584715279,not_a_failed_drive,2023-10-03,2023-10-27,25,2,61.0,repeated_nonpersistent_alerts,False
ZHZ41BV1,2023-10-03,2023-12-30,35,0,1.0,0.6588145503011351,,1.0,0.6588145503011351,35,True,21,2023-10-31,True,21,2023-10-31,false_positive,,,-0.30000000000000004,not_a_failed_drive,2023-10-31,2023-12-30,61,3,0.0,repeated_nonpersistent_alerts,True
ZHZ41W17,2023-10-02,2023-12-29,29,0,0.9977061789177804,0.9977061789177804,,0.9977061789177804,0.9977061789177804,29,True,29,2023-10-02,True,29,2023-10-02,false_positive,,,-0.2977061789177804,not_a_failed_drive,2023-10-02,2023-12-29,89,4,0.0,repeated_nonpersistent_alerts,True
ZHZ4289Y,2023-10-04,2023-12-27,23,0,0.8017113184617869,0.700213963809078,,0.8017113184617869,0.700213963809078,23,True,18,2023-10-04,True,18,2023-10-04,false_positive,,,-0.10171131846178694,not_a_failed_drive,2023-10-04,2023-12-01,59,5,26.0,repeated_nonpersistent_alerts,False
ZHZ428GY,2023-10-03,2023-12-26,27,0,0.9486902501645724,0.9486902501645724,,0.9486902501645724,0.9486902501645724,27,True,27,2023-10-03,True,27,2023-10-03,false_positive,,,-0.24869025016457247,not_a_failed_drive,2023-10-03,2023-12-26,85,3,0.0,repeated_nonpersistent_alerts,True
ZHZ437N5,2023-10-01,2023-12-31,23,0,0.9999735801984084,0.6503108480570318,,0.9999735801984084,0.6503108480570318,23,True,11,2023-11-08,True,14,2023-10-28,false_positive,,,-0.2999735801984085,not_a_failed_drive,2023-11-08,2023-12-31,54,2,0.0,repeated_nonpersistent_alerts,True
ZHZ43EBF,2023-10-02,2023-12-23,24,0,0.9860561925867641,0.9860561925867642,,0.9860561925867641,0.9860561925867642,24,True,24,2023-10-02,True,24,2023-10-02,false_positive,,,-0.2860561925867642,not_a_failed_drive,2023-10-02,2023-12-23,83,4,0.0,repeated_nonpersistent_alerts,True
ZHZ43FT8,2023-10-02,2023-12-30,36,0,0.9277545232589338,0.9277545232589338,,0.9277545232589338,0.9277545232589338,36,True,36,2023-10-02,True,36,2023-10-02,false_positive,,,-0.22775452325893386,not_a_failed_drive,2023-10-02,2023-12-30,90,3,0.0,repeated_nonpersistent_alerts,True
ZHZ447JC,2023-10-02,2023-10-31,17,0,0.9999990681243034,0.4134799026944376,,0.9999990681243034,0.4134799026944376,17,True,2,2023-10-30,True,2,2023-10-30,false_positive,,,-0.29999906812430344,not_a_failed_drive,2023-10-30,2023-10-31,2,2,0.0,short_alert_burst,True
ZHZ44NVN,2023-10-04,2023-12-30,24,0,0.9836931054868042,0.947939299645061,,0.9836931054868042,0.947939299645061,24,True,23,2023-10-04,True,23,2023-10-04,false_positive,,,-0.28369310548680426,not_a_failed_drive,2023-10-04,2023-12-17,75,2,13.0,repeated_nonpersistent_alerts,False
ZHZ45TQN,2023-10-04,2023-12-28,28,0,0.9999999346013687,0.7553055466598159,,0.9999999346013687,0.7553055466598159,28,True,8,2023-12-11,True,28,2023-10-04,false_positive,,,-0.29999993460136876,not_a_failed_drive,2023-12-11,2023-12-28,18,3,0.0,repeated_nonpersistent_alerts,True
ZHZ46HBB,2023-10-05,2023-12-30,37,0,0.9999884382192529,0.9995793821717502,,0.9999884382192529,0.9995793821717502,37,True,37,2023-10-05,True,37,2023-10-05,false_positive,,,-0.2999884382192529,not_a_failed_drive,2023-10-05,2023-12-30,87,4,0.0,repeated_nonpersistent_alerts,True
ZHZ47L98,2023-10-07,2023-12-28,21,0,0.9999999999999998,0.9999999999999993,,0.9999999999999998,0.9999999999999993,21,True,21,2023-10-07,True,21,2023-10-07,false_positive,,,-0.2999999999999998,not_a_failed_drive,2023-10-07,2023-12-28,83,3,0.0,repeated_nonpersistent_alerts,True
ZHZ48BA5,2023-10-04,2023-12-31,22,0,0.9984844364604726,0.9984844364604726,,0.9984844364604726,0.9984844364604726,22,True,22,2023-10-04,True,22,2023-10-04,false_positive,,,-0.2984844364604726,not_a_failed_drive,2023-10-04,2023-12-31,89,3,0.0,repeated_nonpersistent_alerts,True
ZHZ49P3K,2023-10-04,2023-12-31,27,0,0.9961255643367243,0.6801561595457011,,0.9961255643367243,0.6801561595457011,27,True,14,2023-11-19,True,27,2023-10-04,false_positive,,,-0.2961255643367243,not_a_failed_drive,2023-11-19,2023-12-31,43,3,0.0,repeated_nonpersistent_alerts,True
ZHZ4BPS3,2023-10-05,2023-12-26,36,0,0.999834036827908,0.9112093123943968,,0.999834036827908,0.9112093123943968,36,True,36,2023-10-05,True,36,2023-10-05,false_positive,,,-0.299834036827908,not_a_failed_drive,2023-10-05,2023-12-26,83,7,0.0,persistent_7_plus_day_run,True
ZHZ4C39Y,2023-10-01,2023-12-30,30,0,0.8518899538726793,0.5374600948526596,,0.8518899538726793,0.5374600948526596,30,True,7,2023-12-05,True,15,2023-11-22,false_positive,,,-0.15188995387267934,not_a_failed_drive,2023-12-05,2023-12-22,18,3,8.0,repeated_nonpersistent_alerts,False
ZHZ4FTL0,2023-10-02,2023-12-31,32,0,0.9999999959595276,0.9999999959595276,,0.9999999959595276,0.9999999959595276,32,True,32,2023-10-02,True,32,2023-10-02,false_positive,,,-0.29999999595952764,not_a_failed_drive,2023-10-02,2023-12-31,91,3,0.0,repeated_nonpersistent_alerts,True
ZHZ4FVA2,2023-10-04,2023-12-22,31,0,0.9999999764281863,0.9999980243472971,,0.9999999764281863,0.9999980243472971,31,True,31,2023-10-04,True,31,2023-10-04,false_positive,,,-0.2999999764281863,not_a_failed_drive,2023-10-04,2023-12-22,80,5,0.0,repeated_nonpersistent_alerts,True
ZHZ4GAXR,2023-10-03,2023-12-31,30,0,1.0,0.9999946730664996,,1.0,0.9999946730664996,30,True,30,2023-10-03,True,30,2023-10-03,false_positive,,,-0.30000000000000004,not_a_failed_drive,2023-10-03,2023-12-31,90,4,0.0,repeated_nonpersistent_alerts,True
ZHZ4GAZS,2023-10-01,2023-12-24,24,0,0.9999999999974243,0.9999999999812621,,0.9999999999974243,0.9999999999812621,24,True,24,2023-10-01,True,24,2023-10-01,false_positive,,,-0.2999999999974243,not_a_failed_drive,2023-10-01,2023-12-24,85,4,0.0,repeated_nonpersistent_alerts,True
ZHZ4GB2G,2023-10-01,2023-12-20,21,0,0.8575700604955651,0.5028663926945003,,0.8575700604955651,0.5028663926945003,21,True,3,2023-12-17,True,21,2023-10-01,false_positive,,,-0.1575700604955651,not_a_failed_drive,2023-12-17,2023-12-20,4,2,0.0,repeated_nonpersistent_alerts,True
ZHZ4MKHN,2023-10-01,2023-12-29,32,0,0.9076104276429149,0.8176706276261868,,0.9076104276429149,0.8176706276261868,32,True,32,2023-10-01,True,32,2023-10-01,false_positive,,,-0.20761042764291493,not_a_failed_drive,2023-10-01,2023-12-29,90,6,0.0,repeated_nonpersistent_alerts,True
ZHZ4MM2D,2023-10-04,2023-12-28,26,0,0.9999395822347196,0.7316329302904246,,0.9999395822347196,0.7316329302904246,26,True,14,2023-11-26,True,19,2023-11-11,false_positive,,,-0.2999395822347196,not_a_failed_drive,2023-11-26,2023-12-28,33,4,0.0,repeated_nonpersistent_alerts,True
ZHZ4NZAL,2023-10-02,2023-12-31,28,0,0.9980889634320352,0.9980889634320352,,0.9980889634320352,0.9980889634320352,28,True,28,2023-10-02,True,28,2023-10-02,false_positive,,,-0.2980889634320353,not_a_failed_drive,2023-10-02,2023-12-31,91,3,0.0,repeated_nonpersistent_alerts,True
ZHZ4P82V,2023-10-03,2023-12-31,18,0,0.9994674140765968,0.7223108059005848,,0.9994674140765968,0.7223108059005848,18,True,9,2023-12-12,True,18,2023-10-03,false_positive,,,-0.2994674140765968,not_a_failed_drive,2023-12-12,2023-12-31,20,3,0.0,repeated_nonpersistent_alerts,True
ZHZ4PCJF,2023-10-02,2023-12-28,31,0,0.9837721841552349,0.9837721841552349,,0.9837721841552349,0.9837721841552349,31,True,31,2023-10-02,True,31,2023-10-02,false_positive,,,-0.283772184155235,not_a_failed_drive,2023-10-02,2023-12-28,88,3,0.0,repeated_nonpersistent_alerts,True
ZHZ4PDRF,2023-10-01,2023-12-28,25,0,0.9999999770680331,0.6410090367566036,,0.9999999770680331,0.6410090367566036,25,True,11,2023-12-02,True,12,2023-11-23,false_positive,,,-0.29999997706803316,not_a_failed_drive,2023-12-02,2023-12-28,27,2,0.0,repeated_nonpersistent_alerts,True
ZHZ4PT51,2023-10-02,2023-12-28,27,0,0.7426236318154081,0.7426236318154081,,0.7426236318154081,0.7426236318154081,27,True,27,2023-10-02,True,27,2023-10-02,false_positive,,,-0.04262363181540818,not_a_failed_drive,2023-10-02,2023-12-28,88,4,0.0,repeated_nonpersistent_alerts,True
ZHZ4Q76D,2023-10-05,2023-12-30,24,0,0.9484491743684116,0.5933021188782986,,0.9484491743684116,0.5933021188782986,24,True,10,2023-11-27,True,10,2023-11-27,false_positive,,,-0.24844917436841163,not_a_failed_drive,2023-11-27,2023-12-30,34,2,0.0,repeated_nonpersistent_alerts,True
ZHZ4Q8MM,2023-10-01,2023-12-29,24,0,0.9999997365926357,0.9999997365926357,,0.9999997365926357,0.9999997365926357,24,True,24,2023-10-01,True,24,2023-10-01,false_positive,,,-0.2999997365926358,not_a_failed_drive,2023-10-01,2023-12-29,90,3,0.0,repeated_nonpersistent_alerts,True
ZHZ4QCKV,2023-10-04,2023-12-21,30,0,0.8752379608734517,0.8752379608734517,,0.8752379608734517,0.8752379608734517,30,True,30,2023-10-04,True,30,2023-10-04,false_positive,,,-0.17523796087345178,not_a_failed_drive,2023-10-04,2023-12-21,79,4,0.0,repeated_nonpersistent_alerts,True
ZHZ4QZ42,2023-10-04,2023-12-31,29,0,0.9996708143555584,0.9980685396130048,,0.9996708143555584,0.9980685396130048,29,True,29,2023-10-04,True,29,2023-10-04,false_positive,,,-0.2996708143555584,not_a_failed_drive,2023-10-04,2023-12-31,89,4,0.0,repeated_nonpersistent_alerts,True
ZHZ4QZRC,2023-10-05,2023-12-31,25,0,0.8017113184617869,0.801711318461787,,0.8017113184617869,0.801711318461787,25,True,25,2023-10-05,True,25,2023-10-05,false_positive,,,-0.10171131846178694,not_a_failed_drive,2023-10-05,2023-12-31,88,4,0.0,repeated_nonpersistent_alerts,True
ZHZ4R4GZ,2023-10-14,2023-12-30,21,0,0.8275571320968612,0.4338664662857143,,0.8275571320968612,0.4338664662857143,21,True,4,2023-12-17,True,6,2023-12-13,false_positive,,,-0.12755713209686126,not_a_failed_drive,2023-12-17,2023-12-30,14,2,0.0,repeated_nonpersistent_alerts,True
ZHZ4RHV5,2023-10-02,2023-12-31,24,0,0.9999999930134531,0.9999999930134531,,0.9999999930134531,0.9999999930134531,24,True,24,2023-10-02,True,24,2023-10-02,false_positive,,,-0.29999999301345315,not_a_failed_drive,2023-10-02,2023-12-31,91,3,0.0,repeated_nonpersistent_alerts,True
ZHZ4RX1G,2023-10-02,2023-12-30,27,0,0.9264787801079645,0.9264787801079645,,0.9264787801079645,0.9264787801079645,27,True,27,2023-10-02,True,27,2023-10-02,false_positive,,,-0.22647878010796452,not_a_failed_drive,2023-10-02,2023-12-30,90,3,0.0,repeated_nonpersistent_alerts,True
ZHZ4S36L,2023-10-05,2023-10-18,7,0,0.9694008590970578,0.9533227786111775,,0.9694008590970578,0.9533227786111775,7,True,7,2023-10-05,True,7,2023-10-05,false_positive,,,-0.2694008590970578,not_a_failed_drive,2023-10-05,2023-10-18,14,2,0.0,repeated_nonpersistent_alerts,True
ZHZ4S9B7,2023-10-01,2023-12-26,34,0,0.9976141834050428,0.9976141834050428,,0.9976141834050428,0.9976141834050428,34,True,34,2023-10-01,True,34,2023-10-01,false_positive,,,-0.29761418340504286,not_a_failed_drive,2023-10-01,2023-12-26,87,4,0.0,repeated_nonpersistent_alerts,True
ZHZ4SAHP,2023-10-02,2023-12-31,37,0,0.9664937917261115,0.9664937917261116,,0.9664937917261115,0.9664937917261116,37,True,37,2023-10-02,True,37,2023-10-02,false_positive,,,-0.26649379172611154,not_a_failed_drive,2023-10-02,2023-12-31,91,5,0.0,repeated_nonpersistent_alerts,True
ZHZ4SGA7,2023-10-06,2023-12-31,27,0,0.8083641555839813,0.8083641555839813,,0.8083641555839813,0.8083641555839813,27,True,27,2023-10-06,True,27,2023-10-06,false_positive,,,-0.10836415558398138,not_a_failed_drive,2023-10-06,2023-12-31,87,4,0.0,repeated_nonpersistent_alerts,True
ZHZ4T1DN,2023-10-04,2023-12-23,35,0,0.8152532171481848,0.6273088563386315,,0.8152532171481848,0.6273088563386315,35,True,18,2023-11-17,True,24,2023-10-30,false_positive,,,-0.11525321714818482,not_a_failed_drive,2023-11-17,2023-12-23,37,4,0.0,repeated_nonpersistent_alerts,True
ZHZ4VBC8,2023-10-04,2023-12-31,30,0,0.8099718261289377,0.8099718261289378,,0.8099718261289377,0.8099718261289378,30,True,30,2023-10-04,True,30,2023-10-04,false_positive,,,-0.10997182612893774,not_a_failed_drive,2023-10-04,2023-12-31,89,6,0.0,repeated_nonpersistent_alerts,True
ZHZ4VH4D,2023-10-08,2023-12-30,28,0,0.9999908493202623,0.9999908493202623,,0.9999908493202623,0.9999908493202623,28,True,28,2023-10-08,True,28,2023-10-08,false_positive,,,-0.2999908493202623,not_a_failed_drive,2023-10-08,2023-12-30,84,4,0.0,repeated_nonpersistent_alerts,True
ZHZ4VHKR,2023-10-02,2023-12-31,29,0,0.9999999401515676,0.9999999401515676,,0.9999999401515676,0.9999999401515676,29,True,29,2023-10-02,True,29,2023-10-02,false_positive,,,-0.2999999401515676,not_a_failed_drive,2023-10-02,2023-12-31,91,4,0.0,repeated_nonpersistent_alerts,True
ZHZ4VM5B,2023-10-02,2023-12-31,26,0,0.8343769758279095,0.8343769758279096,,0.8343769758279095,0.8343769758279096,26,True,26,2023-10-02,True,26,2023-10-02,false_positive,,,-0.13437697582790953,not_a_failed_drive,2023-10-02,2023-12-31,91,3,0.0,repeated_nonpersistent_alerts,True
ZHZ4VRW1,2023-10-02,2023-12-31,29,0,0.8361563136056561,0.8361563136056561,,0.8361563136056561,0.8361563136056561,29,True,29,2023-10-02,True,29,2023-10-02,false_positive,,,-0.13615631360565617,not_a_failed_drive,2023-10-02,2023-12-31,91,3,0.0,repeated_nonpersistent_alerts,True
ZHZ4W0J5,2023-10-01,2023-12-30,32,0,0.9999999666500461,0.9999722752264428,,0.9999999666500461,0.9999722752264428,32,True,32,2023-10-01,True,32,2023-10-01,false_positive,,,-0.29999996665004613,not_a_failed_drive,2023-10-01,2023-12-30,91,3,0.0,repeated_nonpersistent_alerts,True
ZHZ4W3G1,2023-10-05,2023-12-19,25,0,0.8649364401600275,0.8649364401600275,,0.8649364401600275,0.8649364401600275,25,True,25,2023-10-05,True,25,2023-10-05,false_positive,,,-0.1649364401600275,not_a_failed_drive,2023-10-05,2023-12-19,76,3,0.0,repeated_nonpersistent_alerts,True
ZHZ4W3HD,2023-10-02,2023-12-30,30,0,0.9246740482505087,0.9246740482505087,,0.9246740482505087,0.9246740482505087,30,True,30,2023-10-02,True,30,2023-10-02,false_positive,,,-0.22467404825050874,not_a_failed_drive,2023-10-02,2023-12-30,90,3,0.0,repeated_nonpersistent_alerts,True
ZHZ4WK34,2023-10-01,2023-12-18,26,0,0.9153756363843667,0.9145615296671328,,0.9153756363843667,0.9145615296671328,26,True,26,2023-10-01,True,26,2023-10-01,false_positive,,,-0.21537563638436674,not_a_failed_drive,2023-10-01,2023-12-18,79,4,0.0,repeated_nonpersistent_alerts,True
ZHZ4WM8Y,2023-10-01,2023-12-28,28,0,0.8254631086040406,0.8254631086040406,,0.8254631086040406,0.8254631086040406,28,True,28,2023-10-01,True,28,2023-10-01,false_positive,,,-0.12546310860404064,not_a_failed_drive,2023-10-01,2023-12-28,89,2,0.0,repeated_nonpersistent_alerts,True
ZHZ4WZDW,2023-10-04,2023-12-25,23,0,0.99864616918278,0.9986461691827799,,0.99864616918278,0.9986461691827799,23,True,23,2023-10-04,True,23,2023-10-04,false_positive,,,-0.2986461691827801,not_a_failed_drive,2023-10-04,2023-12-25,83,3,0.0,repeated_nonpersistent_alerts,True
ZHZ4XGVP,2023-10-01,2023-12-28,28,0,0.7277202189826751,0.5832890177812694,,0.7277202189826751,0.5832890177812694,28,True,16,2023-11-10,True,19,2023-11-03,false_positive,,,-0.027720218982675182,not_a_failed_drive,2023-11-10,2023-12-28,49,3,0.0,repeated_nonpersistent_alerts,True
ZHZ4Y2LZ,2023-10-04,2023-12-29,29,0,0.8457339406449907,0.452521888656896,,0.8457339406449907,0.452521888656896,29,True,6,2023-12-16,True,12,2023-11-25,false_positive,,,-0.1457339406449908,not_a_failed_drive,2023-12-16,2023-12-29,14,2,0.0,repeated_nonpersistent_alerts,True
ZHZ4Y6J3,2023-10-01,2023-12-30,32,0,0.999783441880465,0.999783441880465,,0.999783441880465,0.999783441880465,32,True,32,2023-10-01,True,32,2023-10-01,false_positive,,,-0.299783441880465,not_a_failed_drive,2023-10-01,2023-12-30,91,3,0.0,repeated_nonpersistent_alerts,True
ZHZ4YETC,2023-10-01,2023-12-27,25,0,0.9919958562009765,0.47927066226355064,,0.9919958562009765,0.47927066226355064,25,True,5,2023-12-13,True,18,2023-11-08,false_positive,,,-0.29199585620097657,not_a_failed_drive,2023-12-13,2023-12-27,15,3,0.0,repeated_nonpersistent_alerts,True
ZHZ4YGZD,2023-10-04,2023-11-11,13,0,0.9999999999999882,0.8471245265528922,,0.9999999999999882,0.8471245265528922,13,True,10,2023-10-19,True,10,2023-10-19,false_positive,,,-0.2999999999999883,not_a_failed_drive,2023-10-19,2023-11-11,24,2,0.0,repeated_nonpersistent_alerts,True
ZHZ50GB6,2023-10-01,2023-12-31,26,0,0.9950431532509663,0.995022479193164,,0.9950431532509663,0.995022479193164,26,True,26,2023-10-01,True,26,2023-10-01,false_positive,,,-0.2950431532509663,not_a_failed_drive,2023-10-01,2023-12-31,92,3,0.0,repeated_nonpersistent_alerts,True
ZHZ50GBW,2023-10-06,2023-12-11,25,0,0.9494070941501754,0.4606196257153976,,0.9494070941501754,0.4606196257153976,25,True,5,2023-11-23,True,5,2023-11-23,false_positive,,,-0.24940709415017548,not_a_failed_drive,2023-11-23,2023-12-11,19,2,0.0,repeated_nonpersistent_alerts,True
ZHZ50LQ4,2023-10-02,2023-12-06,13,0,0.9999993983259859,0.9504774398926779,,0.9999993983259859,0.9504774398926779,13,True,12,2023-10-11,True,13,2023-10-02,false_positive,,,-0.299999398325986,not_a_failed_drive,2023-10-11,2023-12-06,57,2,0.0,repeated_nonpersistent_alerts,True
ZHZ50LSH,2023-10-02,2023-12-25,27,0,0.7898870457920766,0.7778248423759684,,0.7898870457920766,0.7778248423759684,27,True,27,2023-10-02,True,27,2023-10-02,false_positive,,,-0.08988704579207663,not_a_failed_drive,2023-10-02,2023-12-25,85,5,0.0,repeated_nonpersistent_alerts,True
ZHZ50LT7,2023-10-02,2023-12-27,28,0,0.9709900085961789,0.9068861694052444,,0.9709900085961789,0.9068861694052444,28,True,25,2023-10-17,True,28,2023-10-02,false_positive,,,-0.27099000859617894,not_a_failed_drive,2023-10-17,2023-12-27,72,3,0.0,repeated_nonpersistent_alerts,True
ZHZ50LTX,2023-10-03,2023-12-29,24,0,0.9999280457188613,0.9999280457188613,,0.9999280457188613,0.9999280457188613,24,True,24,2023-10-03,True,24,2023-10-03,false_positive,,,-0.29992804571886134,not_a_failed_drive,2023-10-03,2023-12-29,88,7,0.0,persistent_7_plus_day_run,True
ZHZ50LZH,2023-10-06,2023-12-29,23,0,0.9529620584171178,0.9529620584171178,,0.9529620584171178,0.9529620584171178,23,True,23,2023-10-06,True,23,2023-10-06,false_positive,,,-0.25296205841711783,not_a_failed_drive,2023-10-06,2023-12-29,85,3,0.0,repeated_nonpersistent_alerts,True
ZHZ50M6Z,2023-10-04,2023-12-31,30,0,0.8242083769158465,0.8081500974885558,,0.8242083769158465,0.8081500974885558,30,True,29,2023-10-04,True,29,2023-10-04,false_positive,,,-0.12420837691584652,not_a_failed_drive,2023-10-04,2023-12-31,89,4,0.0,repeated_nonpersistent_alerts,True
ZHZ50QW5,2023-10-05,2023-12-27,20,0,0.967013932304831,0.9115787764442709,,0.967013932304831,0.9115787764442709,20,True,20,2023-10-05,True,20,2023-10-05,false_positive,,,-0.26701393230483106,not_a_failed_drive,2023-10-05,2023-12-27,84,3,0.0,repeated_nonpersistent_alerts,True
ZHZ50QX4,2023-10-17,2023-12-30,25,0,0.999986819004497,0.9999776996409204,,0.999986819004497,0.9999776996409204,25,True,25,2023-10-17,True,25,2023-10-17,false_positive,,,-0.2999868190044971,not_a_failed_drive,2023-10-17,2023-12-30,75,2,0.0,repeated_nonpersistent_alerts,True
ZHZ50QYZ,2023-10-02,2023-12-09,24,0,0.9999996944648789,0.9835738718872268,,0.9999996944648789,0.9835738718872268,24,True,24,2023-10-02,True,24,2023-10-02,false_positive,,,-0.29999969446487895,not_a_failed_drive,2023-10-02,2023-12-09,69,2,0.0,repeated_nonpersistent_alerts,True
ZHZ50R0F,2023-10-04,2023-12-29,21,0,0.808694106429589,0.5440033202185216,,0.808694106429589,0.5440033202185216,21,True,1,2023-10-31,True,21,2023-10-04,false_positive,,,-0.1086941064295891,not_a_failed_drive,2023-10-31,2023-10-31,1,1,59.0,single_day_spike,False
ZHZ50R1M,2023-10-09,2023-12-29,25,0,0.9695151074618866,0.9695151074618866,,0.9695151074618866,0.9695151074618866,25,True,25,2023-10-09,True,25,2023-10-09,false_positive,,,-0.26951510746188667,not_a_failed_drive,2023-10-09,2023-12-29,82,4,0.0,repeated_nonpersistent_alerts,True
ZHZ50R4E,2023-10-07,2023-12-20,26,0,0.9516544559783016,0.3799479793408353,,0.9516544559783016,0.3799479793408353,26,True,2,2023-12-16,True,3,2023-12-13,false_positive,,,-0.2516544559783016,not_a_failed_drive,2023-12-16,2023-12-20,5,1,0.0,short_alert_burst,True
ZHZ50R53,2023-10-10,2023-12-28,22,0,0.8521214005419857,0.8464927612202472,,0.8521214005419857,0.8464927612202472,22,True,22,2023-10-10,True,22,2023-10-10,false_positive,,,-0.15212140054198575,not_a_failed_drive,2023-10-10,2023-12-28,80,2,0.0,repeated_nonpersistent_alerts,True
ZHZ50R87,2023-10-04,2023-12-28,26,0,0.8270671242761686,0.44961309633439206,,0.8270671242761686,0.44961309633439206,26,True,5,2023-12-17,True,7,2023-12-12,false_positive,,,-0.12706712427616862,not_a_failed_drive,2023-12-17,2023-12-28,12,2,0.0,repeated_nonpersistent_alerts,True
ZHZ50R9A,2023-10-02,2023-12-28,31,0,0.9950709694301985,0.39747998962914516,,0.9950709694301985,0.39747998962914516,31,True,3,2023-12-25,True,3,2023-12-25,false_positive,,,-0.2950709694301985,not_a_failed_drive,2023-12-25,2023-12-28,4,2,0.0,repeated_nonpersistent_alerts,True
ZHZ50X0H,2023-10-02,2023-12-29,26,0,0.8976483025917108,0.8976483025917108,,0.8976483025917108,0.8976483025917108,26,True,26,2023-10-02,True,26,2023-10-02,false_positive,,,-0.19764830259171084,not_a_failed_drive,2023-10-02,2023-12-29,89,3,0.0,repeated_nonpersistent_alerts,True
ZHZ50XAN,2023-10-05,2023-12-28,27,0,0.9787907167485571,0.9786950901474886,,0.9787907167485571,0.9786950901474886,27,True,27,2023-10-05,True,27,2023-10-05,false_positive,,,-0.27879071674855715,not_a_failed_drive,2023-10-05,2023-12-28,85,2,0.0,repeated_nonpersistent_alerts,True
ZHZ50XB1,2023-10-02,2023-12-31,27,0,0.7668117774286743,0.766047501460526,,0.7668117774286743,0.766047501460526,27,True,27,2023-10-02,True,27,2023-10-02,false_positive,,,-0.06681177742867439,not_a_failed_drive,2023-10-02,2023-12-31,91,3,0.0,repeated_nonpersistent_alerts,True
ZHZ50XBE,2023-10-03,2023-12-27,26,0,0.9851901705706824,0.9851901705706824,,0.9851901705706824,0.9851901705706824,26,True,26,2023-10-03,True,26,2023-10-03,false_positive,,,-0.2851901705706824,not_a_failed_drive,2023-10-03,2023-12-27,86,2,0.0,repeated_nonpersistent_alerts,True
ZHZ50XFD,2023-10-02,2023-12-30,30,0,0.9996271123987395,0.9996271123987395,,0.9996271123987395,0.9996271123987395,30,True,30,2023-10-02,True,30,2023-10-02,false_positive,,,-0.2996271123987395,not_a_failed_drive,2023-10-02,2023-12-30,90,4,0.0,repeated_nonpersistent_alerts,True
ZHZ50XKS,2023-10-05,2023-12-28,27,0,0.7279377505995357,0.7272293725546836,,0.7279377505995357,0.7272293725546836,27,True,27,2023-10-05,True,27,2023-10-05,false_positive,,,-0.027937750599535738,not_a_failed_drive,2023-10-05,2023-12-28,85,3,0.0,repeated_nonpersistent_alerts,True
ZHZ50XMG,2023-10-05,2023-12-31,30,0,0.7637421428399614,0.7637421428399614,,0.7637421428399614,0.7637421428399614,30,True,30,2023-10-05,True,30,2023-10-05,false_positive,,,-0.06374214283996149,not_a_failed_drive,2023-10-05,2023-12-31,88,3,0.0,repeated_nonpersistent_alerts,True
ZHZ50XMT,2023-10-02,2023-12-19,25,0,0.789089515049017,0.789089515049017,,0.789089515049017,0.789089515049017,25,True,25,2023-10-02,True,25,2023-10-02,false_positive,,,-0.08908951504901708,not_a_failed_drive,2023-10-02,2023-12-19,79,3,0.0,repeated_nonpersistent_alerts,True
ZHZ50XS0,2023-10-02,2023-12-31,25,0,0.996793392669929,0.996793392669929,,0.996793392669929,0.996793392669929,25,True,25,2023-10-02,True,25,2023-10-02,false_positive,,,-0.296793392669929,not_a_failed_drive,2023-10-02,2023-12-31,91,3,0.0,repeated_nonpersistent_alerts,True
ZHZ511QP,2023-10-02,2023-12-29,33,0,0.9987724789602982,0.9963247505784667,,0.9987724789602982,0.9963247505784667,33,True,33,2023-10-02,True,33,2023-10-02,false_positive,,,-0.29877247896029824,not_a_failed_drive,2023-10-02,2023-12-29,89,4,0.0,repeated_nonpersistent_alerts,True
ZHZ5S279,2023-10-05,2023-12-31,30,0,0.9914855597387261,0.9757157150736866,,0.9914855597387261,0.9757157150736866,30,True,30,2023-10-05,True,30,2023-10-05,false_positive,,,-0.29148555973872614,not_a_failed_drive,2023-10-05,2023-12-31,88,5,0.0,repeated_nonpersistent_alerts,True
ZHZ5TXGH,2023-10-01,2023-12-31,22,0,0.9999720520320277,0.9999720520320277,,0.9999720520320277,0.9999720520320277,22,True,22,2023-10-01,True,22,2023-10-01,false_positive,,,-0.2999720520320277,not_a_failed_drive,2023-10-01,2023-12-31,92,2,0.0,repeated_nonpersistent_alerts,True
ZHZ5V24S,2023-10-04,2023-12-16,26,0,0.9900857055814671,0.3798058871493598,,0.9900857055814671,0.3798058871493598,26,True,2,2023-12-14,True,2,2023-12-14,false_positive,,,-0.2900857055814672,not_a_failed_drive,2023-12-14,2023-12-16,3,1,0.0,short_alert_burst,True
ZHZ5VM7P,2023-10-01,2023-12-31,27,0,0.9501420907636317,0.9501420907636317,,0.9501420907636317,0.9501420907636317,27,True,27,2023-10-01,True,27,2023-10-01,false_positive,,,-0.2501420907636317,not_a_failed_drive,2023-10-01,2023-12-31,92,2,0.0,repeated_nonpersistent_alerts,True
ZHZ5VY88,2023-10-04,2023-12-30,25,0,0.9163454252982286,0.9163454252982287,,0.9163454252982286,0.9163454252982287,25,True,25,2023-10-04,True,25,2023-10-04,false_positive,,,-0.21634542529822864,not_a_failed_drive,2023-10-04,2023-12-30,88,3,0.0,repeated_nonpersistent_alerts,True
ZHZ5X0QN,2023-10-03,2023-12-29,29,0,0.9999995297217859,0.9999995297217859,,0.9999995297217859,0.9999995297217859,29,True,29,2023-10-03,True,29,2023-10-03,false_positive,,,-0.2999995297217859,not_a_failed_drive,2023-10-03,2023-12-29,88,3,0.0,repeated_nonpersistent_alerts,True
ZHZ5YHQM,2023-10-17,2023-12-31,29,0,0.999990508048867,0.999990508048867,,0.999990508048867,0.999990508048867,29,True,29,2023-10-17,True,29,2023-10-17,false_positive,,,-0.29999050804886707,not_a_failed_drive,2023-10-17,2023-12-31,76,3,0.0,repeated_nonpersistent_alerts,True
ZHZ5ZHBD,2023-10-19,2023-12-31,22,0,1.0,0.44081622959502764,,1.0,0.44081622959502764,22,True,3,2023-12-23,True,4,2023-12-18,false_positive,,,-0.30000000000000004,not_a_failed_drive,2023-12-23,2023-12-31,9,1,0.0,repeated_nonpersistent_alerts,True
ZHZ602M1,2023-10-02,2023-12-31,30,0,0.9999993569154418,0.9999993569154418,,0.9999993569154418,0.9999993569154418,30,True,30,2023-10-02,True,30,2023-10-02,false_positive,,,-0.2999993569154419,not_a_failed_drive,2023-10-02,2023-12-31,91,5,0.0,repeated_nonpersistent_alerts,True
ZHZ606V4,2023-10-02,2023-12-30,26,0,0.871438783913145,0.871438783913145,,0.871438783913145,0.871438783913145,26,True,26,2023-10-02,True,26,2023-10-02,false_positive,,,-0.17143878391314504,not_a_failed_drive,2023-10-02,2023-12-30,90,4,0.0,repeated_nonpersistent_alerts,True
ZHZ60QLE,2023-10-02,2023-12-31,29,0,0.9584958911496011,0.7857411285647955,,0.9584958911496011,0.7857411285647955,29,True,22,2023-10-28,True,22,2023-10-28,false_positive,,,-0.25849589114960114,not_a_failed_drive,2023-10-28,2023-12-31,65,3,0.0,repeated_nonpersistent_alerts,True
ZHZ615Q8,2023-10-01,2023-12-27,37,0,0.997464879194214,0.5293223226780489,,0.997464879194214,0.5293223226780489,37,True,10,2023-11-26,True,17,2023-11-13,false_positive,,,-0.29746487919421405,not_a_failed_drive,2023-11-26,2023-12-27,32,2,0.0,repeated_nonpersistent_alerts,True
ZHZ61BZ4,2023-10-01,2023-12-05,16,0,0.99990926053508,0.9093704362798204,,0.99990926053508,0.9093704362798204,16,True,16,2023-10-01,True,16,2023-10-01,false_positive,,,-0.29990926053508005,not_a_failed_drive,2023-10-01,2023-12-05,66,4,0.0,repeated_nonpersistent_alerts,True
ZHZ61QMT,2023-10-02,2023-12-30,27,0,0.9541866491250992,0.9541866491250992,,0.9541866491250992,0.9541866491250992,27,True,27,2023-10-02,True,27,2023-10-02,false_positive,,,-0.25418664912509925,not_a_failed_drive,2023-10-02,2023-12-30,90,2,0.0,repeated_nonpersistent_alerts,True
ZHZ62A0W,2023-10-13,2023-12-28,19,0,0.9999764839261691,0.999976483926169,,0.9999764839261691,0.999976483926169,19,True,19,2023-10-13,True,19,2023-10-13,false_positive,,,-0.29997648392616916,not_a_failed_drive,2023-10-13,2023-12-28,77,3,0.0,repeated_nonpersistent_alerts,True
ZHZ62L14,2023-10-02,2023-12-27,37,0,0.9999962949718533,0.9996941414476802,,0.9999962949718533,0.9996941414476802,37,True,37,2023-10-02,True,37,2023-10-02,false_positive,,,-0.2999962949718533,not_a_failed_drive,2023-10-02,2023-12-27,87,7,0.0,persistent_7_plus_day_run,True
ZHZ62MFJ,2023-10-02,2023-12-30,28,0,0.9999999969338484,0.9999999969338484,,0.9999999969338484,0.9999999969338484,28,True,28,2023-10-02,True,28,2023-10-02,false_positive,,,-0.2999999969338485,not_a_failed_drive,2023-10-02,2023-12-30,90,5,0.0,repeated_nonpersistent_alerts,True
ZHZ62P85,2023-10-15,2023-12-29,25,0,0.988568410994655,0.757865039580477,,0.988568410994655,0.757865039580477,25,True,15,2023-11-11,True,25,2023-10-15,false_positive,,,-0.288568410994655,not_a_failed_drive,2023-11-11,2023-12-29,49,2,0.0,repeated_nonpersistent_alerts,True
ZHZ62PMV,2023-10-09,2023-10-16,4,0,1.0,1.0,,1.0,1.0,4,True,4,2023-10-09,True,4,2023-10-09,false_positive,,,-0.30000000000000004,not_a_failed_drive,2023-10-09,2023-10-16,8,2,0.0,repeated_nonpersistent_alerts,True
ZHZ62XAF,2023-10-02,2023-10-22,9,0,0.9999999998446827,0.9999999991770339,,0.9999999998446827,0.9999999991770339,9,True,9,2023-10-02,True,9,2023-10-02,false_positive,,,-0.29999999984468273,not_a_failed_drive,2023-10-02,2023-10-22,21,2,0.0,repeated_nonpersistent_alerts,True
ZHZ634XF,2023-10-02,2023-12-28,25,0,0.9950794993918267,0.9950794993918266,,0.9950794993918267,0.9950794993918266,25,True,25,2023-10-02,True,25,2023-10-02,false_positive,,,-0.29507949939182676,not_a_failed_drive,2023-10-02,2023-12-28,88,3,0.0,repeated_nonpersistent_alerts,True
ZHZ635N7,2023-10-02,2023-12-31,25,0,0.9698999235551599,0.9698999235551597,,0.9698999235551599,0.9698999235551597,25,True,25,2023-10-02,True,25,2023-10-02,false_positive,,,-0.2698999235551599,not_a_failed_drive,2023-10-02,2023-12-31,91,2,0.0,repeated_nonpersistent_alerts,True
ZHZ635Q0,2023-10-01,2023-10-06,3,0,0.8852583390370994,0.5496223370095312,,0.8852583390370994,0.5496223370095312,3,True,1,2023-10-06,True,3,2023-10-01,false_positive,,,-0.18525833903709943,not_a_failed_drive,2023-10-06,2023-10-06,1,1,0.0,single_day_spike,True
ZHZ636GX,2023-10-04,2023-12-30,32,0,0.8004559063859187,0.6187280354113464,,0.8004559063859187,0.6187280354113464,32,True,17,2023-11-22,True,21,2023-11-14,false_positive,,,-0.10045590638591873,not_a_failed_drive,2023-11-22,2023-12-30,39,3,0.0,repeated_nonpersistent_alerts,True
ZHZ63ECX,2023-10-01,2023-12-31,30,0,0.998497037527279,0.998497037527279,,0.998497037527279,0.998497037527279,30,True,30,2023-10-01,True,30,2023-10-01,false_positive,,,-0.2984970375272791,not_a_failed_drive,2023-10-01,2023-12-31,92,4,0.0,repeated_nonpersistent_alerts,True
ZHZ63EPV,2023-10-03,2023-12-29,32,0,0.9271111625794342,0.9078981141503799,,0.9271111625794342,0.9078981141503799,32,True,32,2023-10-03,True,32,2023-10-03,false_positive,,,-0.2271111625794342,not_a_failed_drive,2023-10-03,2023-12-29,88,3,0.0,repeated_nonpersistent_alerts,True
ZHZ63FMP,2023-10-13,2023-12-29,27,0,0.9999999886685885,0.9999999886685885,,0.9999999886685885,0.9999999886685885,27,True,27,2023-10-13,True,27,2023-10-13,false_positive,,,-0.29999998866858857,not_a_failed_drive,2023-10-13,2023-12-29,78,3,0.0,repeated_nonpersistent_alerts,True
ZHZ63FRA,2023-10-06,2023-10-10,3,0,1.0,1.0,,1.0,1.0,3,True,3,2023-10-06,True,3,2023-10-06,false_positive,,,-0.30000000000000004,not_a_failed_drive,2023-10-06,2023-10-10,5,2,0.0,repeated_nonpersistent_alerts,True
ZHZ64Y78,2023-10-01,2023-12-28,26,0,0.8867996668415306,0.8867996668415306,,0.8867996668415306,0.8867996668415306,26,True,26,2023-10-01,True,26,2023-10-01,false_positive,,,-0.1867996668415306,not_a_failed_drive,2023-10-01,2023-12-28,89,4,0.0,repeated_nonpersistent_alerts,True
ZHZ654T1,2023-10-04,2023-12-18,31,0,0.9999999999999369,0.9999999999999369,,0.9999999999999369,0.9999999999999369,31,True,31,2023-10-04,True,31,2023-10-04,false_positive,,,-0.299999999999937,not_a_failed_drive,2023-10-04,2023-12-18,76,4,0.0,repeated_nonpersistent_alerts,True
ZHZ658AC,2023-10-01,2023-12-31,31,0,0.942893176446708,0.942893176446708,,0.942893176446708,0.942893176446708,31,True,31,2023-10-01,True,31,2023-10-01,false_positive,,,-0.24289317644670805,not_a_failed_drive,2023-10-01,2023-12-31,92,3,0.0,repeated_nonpersistent_alerts,True
ZHZ65AJE,2023-10-03,2023-12-27,30,0,0.9998333729428827,0.9998333729428827,,0.9998333729428827,0.9998333729428827,30,True,30,2023-10-03,True,30,2023-10-03,false_positive,,,-0.2998333729428827,not_a_failed_drive,2023-10-03,2023-12-27,86,4,0.0,repeated_nonpersistent_alerts,True
ZHZ65F05,2023-10-01,2023-12-31,29,0,0.7173123410391841,0.4312311615540238,,0.7173123410391841,0.4312311615540238,29,True,7,2023-12-22,True,7,2023-12-22,false_positive,,,-0.01731234103918411,not_a_failed_drive,2023-12-22,2023-12-31,10,3,0.0,repeated_nonpersistent_alerts,True
ZHZ65F3G,2023-10-01,2023-12-31,20,0,0.9983424572197556,0.9983424572197557,,0.9983424572197556,0.9983424572197557,20,True,20,2023-10-01,True,20,2023-10-01,false_positive,,,-0.2983424572197556,not_a_failed_drive,2023-10-01,2023-12-31,92,3,0.0,repeated_nonpersistent_alerts,True
ZHZ65FPF,2023-10-01,2023-11-21,21,0,1.0,0.8123295926079431,,1.0,0.8123295926079431,21,True,15,2023-10-10,True,15,2023-10-10,false_positive,,,-0.30000000000000004,not_a_failed_drive,2023-10-10,2023-11-21,43,3,0.0,repeated_nonpersistent_alerts,True
ZHZ65X63,2023-10-02,2023-12-31,36,0,0.8373492837033314,0.5377171215930495,,0.8373492837033314,0.5377171215930495,36,True,14,2023-11-29,True,14,2023-11-29,false_positive,,,-0.13734928370333144,not_a_failed_drive,2023-11-29,2023-12-31,33,4,0.0,repeated_nonpersistent_alerts,True
ZHZ661FJ,2023-10-03,2023-11-25,14,0,0.9707103161892636,0.9638147062058398,,0.9707103161892636,0.9638147062058398,14,True,14,2023-10-03,True,14,2023-10-03,false_positive,,,-0.27071031618926367,not_a_failed_drive,2023-10-03,2023-11-25,54,2,0.0,repeated_nonpersistent_alerts,True
ZHZ6622F,2023-10-07,2023-12-31,26,0,0.8679466881199176,0.6742679809160079,,0.8679466881199176,0.6742679809160079,26,True,1,2023-10-07,True,26,2023-10-07,false_positive,,,-0.16794668811991764,not_a_failed_drive,2023-10-07,2023-10-07,1,1,85.0,single_day_spike,False
ZHZ668HJ,2023-10-01,2023-12-28,30,0,0.9278372561529722,0.48752621096521676,,0.9278372561529722,0.48752621096521676,30,True,9,2023-12-11,True,9,2023-12-11,false_positive,,,-0.22783725615297223,not_a_failed_drive,2023-12-11,2023-12-28,18,2,0.0,repeated_nonpersistent_alerts,True
ZHZ6BG2D,2023-10-05,2023-12-23,25,0,0.9999879213115063,0.9999877939106697,,0.9999879213115063,0.9999877939106697,25,True,25,2023-10-05,True,25,2023-10-05,false_positive,,,-0.2999879213115063,not_a_failed_drive,2023-10-05,2023-12-23,80,3,0.0,repeated_nonpersistent_alerts,True
ZHZ6BNCP,2023-10-09,2023-12-06,13,0,0.8537507028886455,0.6554409898905001,,0.8537507028886455,0.6554409898905001,13,True,1,2023-10-16,True,13,2023-10-09,false_positive,,,-0.15375070288864556,not_a_failed_drive,2023-10-16,2023-10-16,1,1,51.0,single_day_spike,False
ZHZ6C0T8,2023-10-03,2023-12-28,19,0,0.9934901934329983,0.9934901934329983,,0.9934901934329983,0.9934901934329983,19,True,19,2023-10-03,True,19,2023-10-03,false_positive,,,-0.2934901934329983,not_a_failed_drive,2023-10-03,2023-12-28,87,3,0.0,repeated_nonpersistent_alerts,True
ZHZ6CF50,2023-10-03,2023-12-31,20,0,0.9996468339158846,0.9996338930930575,,0.9996468339158846,0.9996338930930575,20,True,20,2023-10-03,True,20,2023-10-03,false_positive,,,-0.29964683391588465,not_a_failed_drive,2023-10-03,2023-12-31,90,2,0.0,repeated_nonpersistent_alerts,True
ZHZ6D3QP,2023-10-10,2023-12-31,22,0,1.0,0.3689887609383183,,1.0,0.3689887609383183,22,True,1,2023-12-31,True,1,2023-12-31,false_positive,,,-0.30000000000000004,not_a_failed_drive,2023-12-31,2023-12-31,1,1,0.0,single_day_spike,True
ZJV0EJNM,2023-10-09,2023-12-31,23,0,0.9999999999999998,0.9968023076434326,,0.9999999999999998,0.9968023076434326,23,True,23,2023-10-09,True,23,2023-10-09,false_positive,,,-0.2999999999999998,not_a_failed_drive,2023-10-09,2023-12-31,84,4,0.0,repeated_nonpersistent_alerts,True
ZJV0EMAB,2023-10-02,2023-12-31,27,0,0.9999999999999998,0.999609975224068,,0.9999999999999998,0.999609975224068,27,True,27,2023-10-02,True,27,2023-10-02,false_positive,,,-0.2999999999999998,not_a_failed_drive,2023-10-02,2023-12-31,91,3,0.0,repeated_nonpersistent_alerts,True
ZJV0MDPM,2023-10-03,2023-12-29,21,0,1.0,0.8873723273701156,,1.0,0.8873723273701156,21,True,17,2023-11-17,True,18,2023-11-12,false_positive,,,-0.30000000000000004,not_a_failed_drive,2023-11-17,2023-12-29,43,3,0.0,repeated_nonpersistent_alerts,True
ZJV0NPT1,2023-10-07,2023-12-28,23,0,0.9999673755798912,0.9891433300153502,,0.9999673755798912,0.9891433300153502,23,True,23,2023-10-07,True,23,2023-10-07,false_positive,,,-0.2999673755798913,not_a_failed_drive,2023-10-07,2023-12-28,83,3,0.0,repeated_nonpersistent_alerts,True
ZJV0YDXY,2023-10-01,2023-12-31,31,0,0.9999999813635584,0.9999999813635584,,0.9999999813635584,0.9999999813635584,31,True,31,2023-10-01,True,31,2023-10-01,false_positive,,,-0.29999998136355843,not_a_failed_drive,2023-10-01,2023-12-31,92,3,0.0,repeated_nonpersistent_alerts,True
ZJV16QF8,2023-10-06,2023-12-31,31,0,0.9999999991530282,0.6140227577727385,,0.9999999991530282,0.6140227577727385,31,True,4,2023-12-22,True,22,2023-11-04,false_positive,,,-0.2999999991530282,not_a_failed_drive,2023-12-22,2023-12-31,10,3,0.0,repeated_nonpersistent_alerts,True
ZJV2364Z,2023-10-02,2023-12-31,26,0,0.9999999881908576,0.8982335573961318,,0.9999999881908576,0.8982335573961318,26,True,22,2023-10-21,True,22,2023-10-21,false_positive,,,-0.2999999881908576,not_a_failed_drive,2023-10-21,2023-12-31,72,3,0.0,repeated_nonpersistent_alerts,True
ZJV2EEFZ,2023-10-01,2023-12-29,24,0,0.9995155234730603,0.6438682286256295,,0.9995155234730603,0.6438682286256295,24,True,11,2023-11-20,True,11,2023-11-20,false_positive,,,-0.2995155234730603,not_a_failed_drive,2023-11-20,2023-12-29,40,2,0.0,repeated_nonpersistent_alerts,True
ZJV2SKEB,2023-10-02,2023-11-03,12,0,0.9999999967933737,0.7981438255362221,,0.9999999967933737,0.7981438255362221,12,True,8,2023-10-13,True,12,2023-10-02,false_positive,,,-0.29999999679337375,not_a_failed_drive,2023-10-13,2023-11-03,22,3,0.0,repeated_nonpersistent_alerts,True
ZJV37VJX,2023-10-01,2023-12-30,38,0,0.9999999999995031,0.9999999985156379,,0.9999999999995031,0.9999999985156379,38,True,38,2023-10-01,True,38,2023-10-01,false_positive,,,-0.2999999999995031,not_a_failed_drive,2023-10-01,2023-12-30,91,6,0.0,repeated_nonpersistent_alerts,True
ZJV38YBK,2023-10-01,2023-12-23,26,0,0.7163092358890893,0.5569431036814679,,0.7163092358890893,0.5569431036814679,26,True,15,2023-11-10,True,15,2023-11-10,false_positive,,,-0.01630923588908939,not_a_failed_drive,2023-11-10,2023-12-23,44,4,0.0,repeated_nonpersistent_alerts,True
ZJV3A1PN,2023-10-01,2023-12-23,23,0,0.9999999999763791,0.9996473574530612,,0.9999999999763791,0.9996473574530612,23,True,23,2023-10-01,True,23,2023-10-01,false_positive,,,-0.29999999997637916,not_a_failed_drive,2023-10-01,2023-12-23,84,5,0.0,repeated_nonpersistent_alerts,True
ZJV3A2GM,2023-10-02,2023-12-29,16,0,0.999999997382131,0.9522983560971706,,0.999999997382131,0.9522983560971706,16,True,16,2023-10-02,True,16,2023-10-02,false_positive,,,-0.299999997382131,not_a_failed_drive,2023-10-02,2023-12-29,89,2,0.0,repeated_nonpersistent_alerts,True
ZJV3A6TB,2023-10-05,2023-12-04,24,0,0.9999750923213317,0.8221412538236823,,0.9999750923213317,0.8221412538236823,24,True,16,2023-10-27,True,23,2023-10-08,false_positive,,,-0.2999750923213318,not_a_failed_drive,2023-10-27,2023-12-04,39,3,0.0,repeated_nonpersistent_alerts,True
ZJV3A84K,2023-10-02,2023-12-31,39,0,0.9999999999999989,0.9999999999999989,,0.9999999999999989,0.9999999999999989,39,True,39,2023-10-02,True,39,2023-10-02,false_positive,,,-0.29999999999999893,not_a_failed_drive,2023-10-02,2023-12-31,91,3,0.0,repeated_nonpersistent_alerts,True
ZJV3A8N7,2023-10-01,2023-12-28,27,0,0.9999999999813491,0.9453969189237376,,0.9999999999813491,0.9453969189237376,27,True,27,2023-10-01,True,27,2023-10-01,false_positive,,,-0.2999999999813492,not_a_failed_drive,2023-10-01,2023-12-28,89,3,0.0,repeated_nonpersistent_alerts,True
ZJV3AA85,2023-10-03,2023-12-31,35,0,0.9724647495606477,0.5586607259683569,,0.9724647495606477,0.5586607259683569,35,True,12,2023-12-11,True,14,2023-12-08,false_positive,,,-0.2724647495606477,not_a_failed_drive,2023-12-11,2023-12-31,21,3,0.0,repeated_nonpersistent_alerts,True
ZJV3AR2N,2023-10-09,2023-12-30,23,0,0.9318664333419436,0.9318664333419436,,0.9318664333419436,0.9318664333419436,23,True,23,2023-10-09,True,23,2023-10-09,false_positive,,,-0.23186643334194368,not_a_failed_drive,2023-10-09,2023-12-30,83,2,0.0,repeated_nonpersistent_alerts,True
ZJV3ARPM,2023-10-01,2023-12-29,29,0,0.7811085291497166,0.4614652195130606,,0.7811085291497166,0.4614652195130606,29,True,8,2023-12-14,True,9,2023-12-12,false_positive,,,-0.08110852914971667,not_a_failed_drive,2023-12-14,2023-12-29,16,4,0.0,repeated_nonpersistent_alerts,True
ZJV3B4SA,2023-10-02,2023-12-29,25,0,0.9999968726185687,0.9999968726185687,,0.9999968726185687,0.9999968726185687,25,True,25,2023-10-02,True,25,2023-10-02,false_positive,,,-0.2999968726185688,not_a_failed_drive,2023-10-02,2023-12-29,89,3,0.0,repeated_nonpersistent_alerts,True
ZJV3BBER,2023-10-03,2023-12-24,24,0,0.9998977425368881,0.9966717284676134,,0.9998977425368881,0.9966717284676134,24,True,24,2023-10-03,True,24,2023-10-03,false_positive,,,-0.29989774253688817,not_a_failed_drive,2023-10-03,2023-12-24,83,3,0.0,repeated_nonpersistent_alerts,True
ZJV3BDAH,2023-10-02,2023-12-29,29,0,0.9999999976129195,0.5379038396094921,,0.9999999976129195,0.5379038396094921,29,True,6,2023-12-12,True,29,2023-10-02,false_positive,,,-0.2999999976129195,not_a_failed_drive,2023-12-12,2023-12-29,18,4,0.0,repeated_nonpersistent_alerts,True
ZJV3BGT4,2023-10-04,2023-12-31,18,0,0.7521777670418796,0.7521777670418796,,0.7521777670418796,0.7521777670418796,18,True,18,2023-10-04,True,18,2023-10-04,false_positive,,,-0.0521777670418796,not_a_failed_drive,2023-10-04,2023-12-31,89,2,0.0,repeated_nonpersistent_alerts,True
ZJV3BH35,2023-10-01,2023-12-28,27,0,0.9999996939767659,0.9999996939767658,,0.9999996939767659,0.9999996939767658,27,True,27,2023-10-01,True,27,2023-10-01,false_positive,,,-0.29999969397676596,not_a_failed_drive,2023-10-01,2023-12-28,89,2,0.0,repeated_nonpersistent_alerts,True
ZJV3BHDK,2023-10-04,2023-12-28,26,0,1.0,0.7964671459990917,,1.0,0.7964671459990917,26,True,18,2023-11-08,True,18,2023-11-08,false_positive,,,-0.30000000000000004,not_a_failed_drive,2023-11-08,2023-12-28,51,4,0.0,repeated_nonpersistent_alerts,True
ZJV3BLVK,2023-10-06,2023-12-28,20,0,0.701434956472674,0.4231471647142606,,0.701434956472674,0.4231471647142606,20,True,2,2023-12-27,True,10,2023-11-25,false_positive,,,-0.0014349564726739983,not_a_failed_drive,2023-12-27,2023-12-28,2,2,0.0,short_alert_burst,True
ZJV3BMQ7,2023-10-07,2023-12-28,26,0,0.7777605416355106,0.7749775328646944,,0.7777605416355106,0.7749775328646944,26,True,26,2023-10-07,True,26,2023-10-07,false_positive,,,-0.0777605416355106,not_a_failed_drive,2023-10-07,2023-12-28,83,4,0.0,repeated_nonpersistent_alerts,True
ZJV3BN0T,2023-10-04,2023-12-30,29,0,0.9592665603206791,0.9573588058280273,,0.9592665603206791,0.9573588058280273,29,True,29,2023-10-04,True,29,2023-10-04,false_positive,,,-0.2592665603206792,not_a_failed_drive,2023-10-04,2023-12-30,88,6,0.0,repeated_nonpersistent_alerts,True
ZJV3BS10,2023-10-15,2023-12-30,26,0,0.9986937650975667,0.836756886281325,,0.9986937650975667,0.836756886281325,26,True,21,2023-10-15,True,26,2023-10-15,false_positive,,,-0.29869376509756673,not_a_failed_drive,2023-10-15,2023-12-30,77,3,0.0,repeated_nonpersistent_alerts,True
ZJV3BY3N,2023-10-03,2023-12-31,22,0,0.9998651395715127,0.9390714827562536,,0.9998651395715127,0.9390714827562536,22,True,22,2023-10-03,True,22,2023-10-03,false_positive,,,-0.29986513957151273,not_a_failed_drive,2023-10-03,2023-12-31,90,3,0.0,repeated_nonpersistent_alerts,True
ZJV3BYAP,2023-10-02,2023-12-30,31,0,0.8968247941306193,0.6449216991445648,,0.8968247941306193,0.6449216991445648,31,True,9,2023-10-02,True,31,2023-10-02,false_positive,,,-0.19682479413061937,not_a_failed_drive,2023-10-02,2023-10-26,25,3,65.0,repeated_nonpersistent_alerts,False
ZJV3C2Y1,2023-10-01,2023-12-31,30,0,0.9963332178419538,0.9963332178419538,,0.9963332178419538,0.9963332178419538,30,True,30,2023-10-01,True,30,2023-10-01,false_positive,,,-0.2963332178419539,not_a_failed_drive,2023-10-01,2023-12-31,92,4,0.0,repeated_nonpersistent_alerts,True
ZJV3C6W2,2023-10-08,2023-12-30,27,0,0.9999999869891538,0.9999999839871355,,0.9999999869891538,0.9999999839871355,27,True,27,2023-10-08,True,27,2023-10-08,false_positive,,,-0.29999998698915387,not_a_failed_drive,2023-10-08,2023-12-30,84,4,0.0,repeated_nonpersistent_alerts,True
ZJV3C7A6,2023-10-07,2023-12-31,19,0,0.9878880949281107,0.4811594090408761,,0.9878880949281107,0.4811594090408761,19,True,4,2023-12-26,True,5,2023-12-09,false_positive,,,-0.28788809492811074,not_a_failed_drive,2023-12-26,2023-12-31,6,2,0.0,repeated_nonpersistent_alerts,True
ZJV3C7DX,2023-10-07,2023-12-12,22,0,0.9999999999998996,0.9952639026680423,,0.9999999999998996,0.9952639026680423,22,True,22,2023-10-07,True,22,2023-10-07,false_positive,,,-0.2999999999998997,not_a_failed_drive,2023-10-07,2023-12-12,67,2,0.0,repeated_nonpersistent_alerts,True
ZJV3C7LY,2023-10-02,2023-12-23,26,0,0.9937251025020362,0.9931327014149072,,0.9937251025020362,0.9931327014149072,26,True,26,2023-10-02,True,26,2023-10-02,false_positive,,,-0.2937251025020362,not_a_failed_drive,2023-10-02,2023-12-23,83,2,0.0,repeated_nonpersistent_alerts,True
ZJV3C915,2023-10-04,2023-12-29,23,0,0.9468646930075507,0.779166649997854,,0.9468646930075507,0.779166649997854,23,True,16,2023-10-26,True,23,2023-10-04,false_positive,,,-0.24686469300755076,not_a_failed_drive,2023-10-26,2023-12-29,65,2,0.0,repeated_nonpersistent_alerts,True
ZJV3CBJA,2023-10-02,2023-12-29,30,0,0.7666943045021755,0.7666943045021755,,0.7666943045021755,0.7666943045021755,30,True,30,2023-10-02,True,30,2023-10-02,false_positive,,,-0.0666943045021755,not_a_failed_drive,2023-10-02,2023-12-29,89,4,0.0,repeated_nonpersistent_alerts,True
ZJV3CJ81,2023-10-02,2023-11-26,16,0,0.928823157533485,0.9285880954755539,,0.928823157533485,0.9285880954755539,16,True,16,2023-10-02,True,16,2023-10-02,false_positive,,,-0.22882315753348503,not_a_failed_drive,2023-10-02,2023-11-26,56,2,0.0,repeated_nonpersistent_alerts,True
ZJV3CJEK,2023-10-04,2023-12-30,25,0,0.9999999999918256,0.9999999997029534,,0.9999999999918256,0.9999999997029534,25,True,25,2023-10-04,True,25,2023-10-04,false_positive,,,-0.2999999999918257,not_a_failed_drive,2023-10-04,2023-12-30,88,3,0.0,repeated_nonpersistent_alerts,True
ZJV3CK6Y,2023-10-02,2023-12-31,32,0,0.9995092554573672,0.7300384571698173,,0.9995092554573672,0.7300384571698173,32,True,20,2023-11-07,True,32,2023-10-02,false_positive,,,-0.2995092554573673,not_a_failed_drive,2023-11-07,2023-12-31,55,2,0.0,repeated_nonpersistent_alerts,True
ZJV3CVWC,2023-10-01,2023-12-31,36,0,0.8783908420746765,0.45330786002033086,,0.8783908420746765,0.45330786002033086,36,True,8,2023-12-16,True,8,2023-12-16,false_positive,,,-0.1783908420746766,not_a_failed_drive,2023-12-16,2023-12-31,16,3,0.0,repeated_nonpersistent_alerts,True
ZJV3CW0R,2023-10-05,2023-12-29,26,0,0.8539911402770025,0.8539911402770025,,0.8539911402770025,0.8539911402770025,26,True,26,2023-10-05,True,26,2023-10-05,false_positive,,,-0.15399114027700256,not_a_failed_drive,2023-10-05,2023-12-29,86,3,0.0,repeated_nonpersistent_alerts,True
ZJV3CZZW,2023-10-01,2023-12-29,29,0,0.9296632674990485,0.9296632674990485,,0.9296632674990485,0.9296632674990485,29,True,29,2023-10-01,True,29,2023-10-01,false_positive,,,-0.22966326749904853,not_a_failed_drive,2023-10-01,2023-12-29,90,2,0.0,repeated_nonpersistent_alerts,True
ZJV3D08N,2023-10-04,2023-12-29,24,0,0.7122754023487619,0.7122754023487619,,0.7122754023487619,0.7122754023487619,24,True,24,2023-10-04,True,24,2023-10-04,false_positive,,,-0.012275402348761899,not_a_failed_drive,2023-10-04,2023-12-29,87,2,0.0,repeated_nonpersistent_alerts,True
ZJV3D61E,2023-10-09,2023-12-28,31,0,0.9993337222149313,0.9993337222149313,,0.9993337222149313,0.9993337222149313,31,True,31,2023-10-09,True,31,2023-10-09,false_positive,,,-0.2993337222149314,not_a_failed_drive,2023-10-09,2023-12-28,81,3,0.0,repeated_nonpersistent_alerts,True
ZJV3D976,2023-10-01,2023-10-30,11,0,0.9999999997499034,0.9981439583961801,,0.9999999997499034,0.9981439583961801,11,True,11,2023-10-01,True,11,2023-10-01,false_positive,,,-0.29999999974990343,not_a_failed_drive,2023-10-01,2023-10-30,30,3,0.0,repeated_nonpersistent_alerts,True
ZJV3D9GE,2023-10-13,2023-11-26,13,0,0.9999999999996545,0.8617435788908414,,0.9999999999996545,0.8617435788908414,13,True,13,2023-10-13,True,13,2023-10-13,false_positive,,,-0.29999999999965454,not_a_failed_drive,2023-10-13,2023-11-26,45,3,0.0,repeated_nonpersistent_alerts,True
ZJV3D9LZ,2023-10-08,2023-12-27,23,0,1.0,0.9993665052393059,,1.0,0.9993665052393059,23,True,23,2023-10-08,True,23,2023-10-08,false_positive,,,-0.30000000000000004,not_a_failed_drive,2023-10-08,2023-12-27,81,2,0.0,repeated_nonpersistent_alerts,True
ZJV3D9WL,2023-10-03,2023-12-29,32,0,1.0,0.9628244981239177,,1.0,0.9628244981239177,32,True,32,2023-10-03,True,32,2023-10-03,false_positive,,,-0.30000000000000004,not_a_failed_drive,2023-10-03,2023-12-29,88,4,0.0,repeated_nonpersistent_alerts,True
ZJV3FQ42,2023-10-04,2023-12-23,27,0,0.999634411087906,0.999634411087906,,0.999634411087906,0.999634411087906,27,True,27,2023-10-04,True,27,2023-10-04,false_positive,,,-0.299634411087906,not_a_failed_drive,2023-10-04,2023-12-23,81,2,0.0,repeated_nonpersistent_alerts,True
ZJV3WXCE,2023-10-01,2023-12-31,29,0,0.9197357027083434,0.718041835243165,,0.9197357027083434,0.718041835243165,29,True,19,2023-11-01,True,19,2023-11-01,false_positive,,,-0.21973570270834342,not_a_failed_drive,2023-11-01,2023-12-31,61,5,0.0,repeated_nonpersistent_alerts,True
ZJV40W79,2023-10-02,2023-12-27,32,0,0.847472142260778,0.41804228033241314,,0.847472142260778,0.41804228033241314,32,True,5,2023-12-17,True,5,2023-12-17,false_positive,,,-0.1474721422607781,not_a_failed_drive,2023-12-17,2023-12-27,11,2,0.0,repeated_nonpersistent_alerts,True
ZJV45CMQ,2023-10-01,2023-12-30,36,0,0.9995387164657276,0.9962576938967782,,0.9995387164657276,0.9962576938967782,36,True,36,2023-10-01,True,36,2023-10-01,false_positive,,,-0.2995387164657276,not_a_failed_drive,2023-10-01,2023-12-30,91,4,0.0,repeated_nonpersistent_alerts,True
ZJV45ZGK,2023-10-04,2023-12-29,26,0,0.9658353409203204,0.9658353409203204,,0.9658353409203204,0.9658353409203204,26,True,26,2023-10-04,True,26,2023-10-04,false_positive,,,-0.26583534092032046,not_a_failed_drive,2023-10-04,2023-12-29,87,3,0.0,repeated_nonpersistent_alerts,True
ZJV460E7,2023-10-02,2023-12-31,24,0,0.7358676249062739,0.7314430012074377,,0.7358676249062739,0.7314430012074377,24,True,24,2023-10-02,True,24,2023-10-02,false_positive,,,-0.03586762490627393,not_a_failed_drive,2023-10-02,2023-12-31,91,3,0.0,repeated_nonpersistent_alerts,True
ZJV496QM,2023-10-10,2023-12-31,28,0,0.9997908236173714,0.6998774463477304,,0.9997908236173714,0.6998774463477304,28,True,15,2023-11-28,True,16,2023-10-31,false_positive,,,-0.2997908236173714,not_a_failed_drive,2023-11-28,2023-12-31,34,3,0.0,repeated_nonpersistent_alerts,True
ZJV4CKAA,2023-10-01,2023-12-30,30,0,0.9999710582281922,0.9999710582281922,,0.9999710582281922,0.9999710582281922,30,True,30,2023-10-01,True,30,2023-10-01,false_positive,,,-0.29997105822819226,not_a_failed_drive,2023-10-01,2023-12-30,91,8,0.0,persistent_7_plus_day_run,True
ZJV4DC27,2023-10-01,2023-12-31,33,0,0.7388275411769822,0.5217121186401648,,0.7388275411769822,0.5217121186401648,33,True,13,2023-12-06,True,33,2023-10-01,false_positive,,,-0.03882754117698228,not_a_failed_drive,2023-12-06,2023-12-31,26,3,0.0,repeated_nonpersistent_alerts,True
ZJV4EKN0,2023-10-01,2023-12-30,31,0,0.8569701126733451,0.8569701126733451,,0.8569701126733451,0.8569701126733451,31,True,31,2023-10-01,True,31,2023-10-01,false_positive,,,-0.15697011267334515,not_a_failed_drive,2023-10-01,2023-12-30,91,3,0.0,repeated_nonpersistent_alerts,True
ZJV4GF8G,2023-10-01,2023-12-24,27,0,0.8133502075057817,0.8133502075057817,,0.8133502075057817,0.8133502075057817,27,True,27,2023-10-01,True,27,2023-10-01,false_positive,,,-0.11335020750578173,not_a_failed_drive,2023-10-01,2023-12-24,85,4,0.0,repeated_nonpersistent_alerts,True
ZJV4K6RZ,2023-10-02,2023-12-03,27,0,0.9999999997628419,0.540477113158701,,0.9999999997628419,0.540477113158701,27,True,3,2023-11-30,True,27,2023-10-02,false_positive,,,-0.299999999762842,not_a_failed_drive,2023-11-30,2023-12-03,4,2,0.0,repeated_nonpersistent_alerts,True
ZJV4K8A0,2023-10-03,2023-10-03,1,0,0.9999998881433255,0.9999998881433255,,0.9999998881433255,0.9999998881433255,1,True,1,2023-10-03,True,1,2023-10-03,false_positive,,,-0.29999988814332557,not_a_failed_drive,2023-10-03,2023-10-03,1,1,0.0,single_day_spike,True
ZJV4KB85,2023-10-02,2023-10-13,5,0,0.9999999997409517,0.9999999995699118,,0.9999999997409517,0.9999999995699118,5,True,5,2023-10-02,True,5,2023-10-02,false_positive,,,-0.2999999997409517,not_a_failed_drive,2023-10-02,2023-10-13,12,2,0.0,repeated_nonpersistent_alerts,True
ZJV4KNX9,2023-10-02,2023-11-19,15,0,1.0,0.9999999999797934,,1.0,0.9999999999797934,15,True,15,2023-10-02,True,15,2023-10-02,false_positive,,,-0.30000000000000004,not_a_failed_drive,2023-10-02,2023-11-19,49,2,0.0,repeated_nonpersistent_alerts,True
ZJV4KT1H,2023-10-02,2023-12-21,28,0,0.9999999967334798,0.9999993334329675,,0.9999999967334798,0.9999993334329675,28,True,28,2023-10-02,True,28,2023-10-02,false_positive,,,-0.2999999967334799,not_a_failed_drive,2023-10-02,2023-12-21,81,5,0.0,repeated_nonpersistent_alerts,True
ZJV4L09L,2023-10-04,2023-12-28,31,0,0.9997574618972837,0.7930342439520734,,0.9997574618972837,0.7930342439520734,31,True,31,2023-10-04,True,31,2023-10-04,false_positive,,,-0.2997574618972837,not_a_failed_drive,2023-10-04,2023-12-28,86,3,0.0,repeated_nonpersistent_alerts,True
ZJV4L5KB,2023-10-01,2023-12-31,29,0,0.9530999007354972,0.40562963961144294,,0.9530999007354972,0.40562963961144294,29,True,3,2023-10-01,True,3,2023-10-01,false_positive,,,-0.25309990073549726,not_a_failed_drive,2023-10-01,2023-10-03,3,3,89.0,repeated_nonpersistent_alerts,False
ZJV4LB8R,2023-10-01,2023-11-27,21,0,0.9999999981797305,0.371824800010694,,0.9999999981797305,0.371824800010694,21,True,1,2023-11-27,True,4,2023-11-20,false_positive,,,-0.29999999817973055,not_a_failed_drive,2023-11-27,2023-11-27,1,1,0.0,single_day_spike,True
ZJV4LJD8,2023-10-02,2023-12-31,31,0,0.9955459495147354,0.9813794684241173,,0.9955459495147354,0.9813794684241173,31,True,31,2023-10-02,True,31,2023-10-02,false_positive,,,-0.29554594951473545,not_a_failed_drive,2023-10-02,2023-12-31,91,4,0.0,repeated_nonpersistent_alerts,True
ZJV4LN54,2023-10-02,2023-12-31,27,0,0.8614283491793179,0.41462684248983195,,0.8614283491793179,0.41462684248983195,27,True,3,2023-12-21,True,4,2023-12-18,false_positive,,,-0.16142834917931792,not_a_failed_drive,2023-12-21,2023-12-31,11,1,0.0,repeated_nonpersistent_alerts,True
ZJV4LNLY,2023-10-02,2023-12-30,27,0,0.8576416352249963,0.8576416352249963,,0.8576416352249963,0.8576416352249963,27,True,27,2023-10-02,True,27,2023-10-02,false_positive,,,-0.1576416352249963,not_a_failed_drive,2023-10-02,2023-12-30,90,4,0.0,repeated_nonpersistent_alerts,True
ZJV4LWAG,2023-10-05,2023-12-22,25,0,0.9999999990419544,0.9999999990371132,,0.9999999990419544,0.9999999990371132,25,True,25,2023-10-05,True,25,2023-10-05,false_positive,,,-0.2999999990419544,not_a_failed_drive,2023-10-05,2023-12-22,79,3,0.0,repeated_nonpersistent_alerts,True
ZJV4LXEV,2023-10-03,2023-12-31,28,0,0.998698474234539,0.998484166855034,,0.998698474234539,0.998484166855034,28,True,28,2023-10-03,True,28,2023-10-03,false_positive,,,-0.298698474234539,not_a_failed_drive,2023-10-03,2023-12-31,90,4,0.0,repeated_nonpersistent_alerts,True
ZJV4M9G5,2023-10-01,2023-12-30,30,0,0.9999779560426042,0.9998774780640634,,0.9999779560426042,0.9998774780640634,30,True,30,2023-10-01,True,30,2023-10-01,false_positive,,,-0.29997795604260424,not_a_failed_drive,2023-10-01,2023-12-30,91,4,0.0,repeated_nonpersistent_alerts,True
ZJV4MF67,2023-10-01,2023-12-26,21,0,0.9277545232589338,0.6726213048565303,,0.9277545232589338,0.6726213048565303,21,True,14,2023-10-01,True,15,2023-10-01,false_positive,,,-0.22775452325893386,not_a_failed_drive,2023-10-01,2023-11-14,45,2,42.0,repeated_nonpersistent_alerts,False
ZJV4NXMD,2023-10-04,2023-12-20,27,0,0.9849724920620488,0.9375811153494789,,0.9849724920620488,0.9375811153494789,27,True,25,2023-10-13,True,25,2023-10-13,false_positive,,,-0.2849724920620489,not_a_failed_drive,2023-10-13,2023-12-20,69,3,0.0,repeated_nonpersistent_alerts,True
ZJV4PVMV,2023-10-03,2023-12-31,31,0,0.903855222734467,0.3898910743827268,,0.903855222734467,0.3898910743827268,31,True,3,2023-12-27,True,3,2023-12-27,false_positive,,,-0.203855222734467,not_a_failed_drive,2023-12-27,2023-12-31,5,2,0.0,repeated_nonpersistent_alerts,True
ZJV4QY7X,2023-10-09,2023-12-29,20,0,0.9865284404984529,0.9864410325632497,,0.9865284404984529,0.9864410325632497,20,True,20,2023-10-09,True,20,2023-10-09,false_positive,,,-0.28652844049845294,not_a_failed_drive,2023-10-09,2023-12-29,82,2,0.0,repeated_nonpersistent_alerts,True
ZJV4T1YA,2023-10-04,2023-11-28,15,0,0.9999999999999998,0.8371033150659646,,0.9999999999999998,0.8371033150659646,15,True,10,2023-10-04,True,15,2023-10-04,false_positive,,,-0.2999999999999998,not_a_failed_drive,2023-10-04,2023-11-28,56,2,0.0,repeated_nonpersistent_alerts,True
ZJV4TLHN,2023-10-01,2023-12-31,28,0,0.9999999998519857,0.9999976383549779,,0.9999999998519857,0.9999976383549779,28,True,28,2023-10-01,True,28,2023-10-01,false_positive,,,-0.2999999998519858,not_a_failed_drive,2023-10-01,2023-12-31,92,6,0.0,repeated_nonpersistent_alerts,True
ZJV4X5EF,2023-10-03,2023-12-31,25,0,0.747123541983969,0.5696553679715691,,0.747123541983969,0.5696553679715691,25,True,7,2023-12-15,True,25,2023-10-03,false_positive,,,-0.047123541983969064,not_a_failed_drive,2023-12-15,2023-12-31,17,2,0.0,repeated_nonpersistent_alerts,True
ZJV4ZQ6Q,2023-10-02,2023-12-31,25,0,0.9996668476476442,0.9996668476476442,,0.9996668476476442,0.9996668476476442,25,True,25,2023-10-02,True,25,2023-10-02,false_positive,,,-0.2996668476476443,not_a_failed_drive,2023-10-02,2023-12-31,91,2,0.0,repeated_nonpersistent_alerts,True
ZJV506F1,2023-10-01,2023-12-30,28,0,0.9999999635183963,0.9999999633924693,,0.9999999635183963,0.9999999633924693,28,True,28,2023-10-01,True,28,2023-10-01,false_positive,,,-0.2999999635183963,not_a_failed_drive,2023-10-01,2023-12-30,91,3,0.0,repeated_nonpersistent_alerts,True
ZJV508XG,2023-10-01,2023-12-29,30,0,0.8451574536063785,0.5898703940211152,,0.8451574536063785,0.5898703940211152,30,True,3,2023-12-25,True,30,2023-10-01,false_positive,,,-0.14515745360637855,not_a_failed_drive,2023-12-25,2023-12-29,5,2,0.0,repeated_nonpersistent_alerts,True
ZL004L8K,2023-10-01,2023-12-30,30,0,0.9959265930942005,0.9956879154644598,,0.9959265930942005,0.9956879154644598,30,True,30,2023-10-01,True,30,2023-10-01,false_positive,,,-0.29592659309420055,not_a_failed_drive,2023-10-01,2023-12-30,91,5,0.0,repeated_nonpersistent_alerts,True
ZL004QM8,2023-10-03,2023-12-30,31,0,0.9999605592146792,0.9999605592146792,,0.9999605592146792,0.9999605592146792,31,True,31,2023-10-03,True,31,2023-10-03,false_positive,,,-0.29996055921467923,not_a_failed_drive,2023-10-03,2023-12-30,89,4,0.0,repeated_nonpersistent_alerts,True
ZL0050WJ,2023-10-03,2023-12-31,25,0,0.9996300529622345,0.9992504726097846,,0.9996300529622345,0.9992504726097846,25,True,25,2023-10-03,True,25,2023-10-03,false_positive,,,-0.29963005296223455,not_a_failed_drive,2023-10-03,2023-12-31,90,4,0.0,repeated_nonpersistent_alerts,True
ZL0050ZS,2023-10-19,2023-12-31,22,0,0.9996954790791897,0.9996954790791897,,0.9996954790791897,0.9996954790791897,22,True,22,2023-10-19,True,22,2023-10-19,false_positive,,,-0.2996954790791897,not_a_failed_drive,2023-10-19,2023-12-31,74,3,0.0,repeated_nonpersistent_alerts,True
ZL0051CQ,2023-10-03,2023-12-31,33,0,0.9999958002123774,0.9999958002123773,,0.9999958002123774,0.9999958002123773,33,True,33,2023-10-03,True,33,2023-10-03,false_positive,,,-0.2999958002123775,not_a_failed_drive,2023-10-03,2023-12-31,90,6,0.0,repeated_nonpersistent_alerts,True
ZL0051RT,2023-10-13,2023-12-27,31,0,0.9539167735292676,0.45836633048574904,,0.9539167735292676,0.45836633048574904,31,True,4,2023-10-13,True,8,2023-10-13,false_positive,,,-0.25391677352926767,not_a_failed_drive,2023-10-13,2023-10-17,5,3,71.0,repeated_nonpersistent_alerts,False
ZL0051SA,2023-10-01,2023-12-31,35,0,0.7811085291497166,0.7811085291497166,,0.7811085291497166,0.7811085291497166,35,True,35,2023-10-01,True,35,2023-10-01,false_positive,,,-0.08110852914971667,not_a_failed_drive,2023-10-01,2023-12-31,92,3,0.0,repeated_nonpersistent_alerts,True
ZL0051T4,2023-10-02,2023-12-23,25,0,0.9999999997694722,0.8757917618378032,,0.9999999997694722,0.8757917618378032,25,True,18,2023-10-27,True,25,2023-10-02,false_positive,,,-0.2999999997694722,not_a_failed_drive,2023-10-27,2023-12-23,58,5,0.0,repeated_nonpersistent_alerts,True
ZL0051VQ,2023-10-01,2023-12-30,23,0,0.9995973378765718,0.9995930242131107,,0.9995973378765718,0.9995930242131107,23,True,23,2023-10-01,True,23,2023-10-01,false_positive,,,-0.29959733787657183,not_a_failed_drive,2023-10-01,2023-12-30,91,2,0.0,repeated_nonpersistent_alerts,True
ZL005222,2023-10-01,2023-10-13,4,0,0.9999986405706283,0.9999986405706283,,0.9999986405706283,0.9999986405706283,4,True,4,2023-10-01,True,4,2023-10-01,false_positive,,,-0.2999986405706283,not_a_failed_drive,2023-10-01,2023-10-13,13,1,0.0,repeated_nonpersistent_alerts,True
ZL0052FF,2023-10-05,2023-12-31,26,0,0.8004559063859187,0.4167980781171852,,0.8004559063859187,0.4167980781171852,26,True,4,2023-12-19,True,4,2023-12-19,false_positive,,,-0.10045590638591873,not_a_failed_drive,2023-12-19,2023-12-31,13,2,0.0,repeated_nonpersistent_alerts,True
ZL0052H1,2023-10-02,2023-12-30,25,0,0.9038505906849748,0.9038505906849746,,0.9038505906849748,0.9038505906849746,25,True,25,2023-10-02,True,25,2023-10-02,false_positive,,,-0.2038505906849748,not_a_failed_drive,2023-10-02,2023-12-30,90,2,0.0,repeated_nonpersistent_alerts,True
ZL00537Z,2023-10-05,2023-12-30,28,0,0.9793975640695571,0.9793475902741997,,0.9793975640695571,0.9793475902741997,28,True,28,2023-10-05,True,28,2023-10-05,false_positive,,,-0.2793975640695572,not_a_failed_drive,2023-10-05,2023-12-30,87,4,0.0,repeated_nonpersistent_alerts,True
ZL00553B,2023-10-03,2023-12-31,30,0,0.9956428543606378,0.9251197742783492,,0.9956428543606378,0.9251197742783492,30,True,30,2023-10-03,True,30,2023-10-03,false_positive,,,-0.29564285436063786,not_a_failed_drive,2023-10-03,2023-12-31,90,4,0.0,repeated_nonpersistent_alerts,True
ZL0055HJ,2023-10-03,2023-12-31,30,0,0.9982770101402754,0.9980828852013395,,0.9982770101402754,0.9980828852013395,30,True,30,2023-10-03,True,30,2023-10-03,false_positive,,,-0.2982770101402754,not_a_failed_drive,2023-10-03,2023-12-31,90,4,0.0,repeated_nonpersistent_alerts,True
ZL0055VT,2023-10-07,2023-12-15,20,0,1.0,0.4683233683540566,,1.0,0.4683233683540566,20,True,4,2023-12-12,True,4,2023-12-12,false_positive,,,-0.30000000000000004,not_a_failed_drive,2023-12-12,2023-12-15,4,4,0.0,repeated_nonpersistent_alerts,True
ZL00561R,2023-10-02,2023-12-31,30,0,0.9697106535549298,0.9697106535549298,,0.9697106535549298,0.9697106535549298,30,True,30,2023-10-02,True,30,2023-10-02,false_positive,,,-0.26971065355492985,not_a_failed_drive,2023-10-02,2023-12-31,91,4,0.0,repeated_nonpersistent_alerts,True
ZL005636,2023-10-01,2023-12-30,31,0,0.9923189418915871,0.8882420334156943,,0.9923189418915871,0.8882420334156943,31,True,26,2023-10-21,True,26,2023-10-21,false_positive,,,-0.29231894189158714,not_a_failed_drive,2023-10-21,2023-12-30,71,4,0.0,repeated_nonpersistent_alerts,True
ZL005BA3,2023-10-06,2023-12-30,29,0,0.9999999838857394,0.9999810106021026,,0.9999999838857394,0.9999810106021026,29,True,29,2023-10-06,True,29,2023-10-06,false_positive,,,-0.29999998388573945,not_a_failed_drive,2023-10-06,2023-12-30,86,3,0.0,repeated_nonpersistent_alerts,True
ZL005D1W,2023-10-03,2023-12-30,21,0,0.8303596331469647,0.8303596331469647,,0.8303596331469647,0.8303596331469647,21,True,21,2023-10-03,True,21,2023-10-03,false_positive,,,-0.13035963314696475,not_a_failed_drive,2023-10-03,2023-12-30,89,2,0.0,repeated_nonpersistent_alerts,True
ZL005D5Y,2023-10-03,2023-12-16,27,0,0.9999983127885689,0.9997682758733758,,0.9999983127885689,0.9997682758733758,27,True,27,2023-10-03,True,27,2023-10-03,false_positive,,,-0.2999983127885689,not_a_failed_drive,2023-10-03,2023-12-16,75,3,0.0,repeated_nonpersistent_alerts,True
ZL005E5J,2023-10-05,2023-12-08,19,0,0.9999999999923601,0.4697497694063366,,0.9999999999923601,0.4697497694063366,19,True,4,2023-11-27,True,4,2023-11-27,false_positive,,,-0.29999999999236016,not_a_failed_drive,2023-11-27,2023-12-08,12,2,0.0,repeated_nonpersistent_alerts,True
ZL005E5K,2023-10-03,2023-12-08,19,0,0.9237298677021605,0.4897525106748657,,0.9237298677021605,0.4897525106748657,19,True,5,2023-11-25,True,7,2023-11-12,false_positive,,,-0.22372986770216052,not_a_failed_drive,2023-11-25,2023-12-08,14,1,0.0,repeated_nonpersistent_alerts,True
ZL202M38,2023-10-02,2023-12-30,25,0,0.9999966714498142,0.9162680445529733,,0.9999966714498142,0.9162680445529733,25,True,25,2023-10-02,True,25,2023-10-02,false_positive,,,-0.29999667144981423,not_a_failed_drive,2023-10-02,2023-12-30,90,3,0.0,repeated_nonpersistent_alerts,True
ZL209CRX,2023-10-07,2023-12-25,29,0,0.9985199382616491,0.8322507206533999,,0.9985199382616491,0.8322507206533999,29,True,20,2023-11-02,True,25,2023-10-07,false_positive,,,-0.29851993826164913,not_a_failed_drive,2023-11-02,2023-12-25,54,4,0.0,repeated_nonpersistent_alerts,True
ZL22E5VK,2023-10-01,2023-12-30,28,0,0.8915282876519409,0.8915282876519409,,0.8915282876519409,0.8915282876519409,28,True,28,2023-10-01,True,28,2023-10-01,false_positive,,,-0.19152828765194096,not_a_failed_drive,2023-10-01,2023-12-30,91,4,0.0,repeated_nonpersistent_alerts,True
ZL22W9Y5,2023-10-01,2023-10-24,7,0,1.0,1.0,,1.0,1.0,7,True,7,2023-10-01,True,7,2023-10-01,false_positive,,,-0.30000000000000004,not_a_failed_drive,2023-10-01,2023-10-24,24,2,0.0,repeated_nonpersistent_alerts,True
ZL22X4ST,2023-10-01,2023-12-25,19,0,0.999606004901852,0.40417073528337943,,0.999606004901852,0.40417073528337943,19,True,2,2023-12-24,True,2,2023-12-24,false_positive,,,-0.2996060049018521,not_a_failed_drive,2023-12-24,2023-12-25,2,2,0.0,short_alert_burst,True
ZL22X4T9,2023-10-03,2023-10-09,5,0,0.953713833714146,0.9535508017544982,,0.953713833714146,0.9535508017544982,5,True,5,2023-10-03,True,5,2023-10-03,false_positive,,,-0.253713833714146,not_a_failed_drive,2023-10-03,2023-10-09,7,2,0.0,repeated_nonpersistent_alerts,True
ZL22YHYR,2023-10-04,2023-12-28,33,0,0.837666191189723,0.837666191189723,,0.837666191189723,0.837666191189723,33,True,33,2023-10-04,True,33,2023-10-04,false_positive,,,-0.137666191189723,not_a_failed_drive,2023-10-04,2023-12-28,86,4,0.0,repeated_nonpersistent_alerts,True
ZL22YRAN,2023-10-01,2023-12-12,21,0,0.8158842100176668,0.6332734323553306,,0.8158842100176668,0.6332734323553306,21,True,13,2023-11-06,True,13,2023-11-06,false_positive,,,-0.1158842100176668,not_a_failed_drive,2023-11-06,2023-12-12,37,2,0.0,repeated_nonpersistent_alerts,True
ZL22YRK4,2023-10-01,2023-12-28,26,0,0.997093148794906,0.9970290023510451,,0.997093148794906,0.9970290023510451,26,True,26,2023-10-01,True,26,2023-10-01,false_positive,,,-0.297093148794906,not_a_failed_drive,2023-10-01,2023-12-28,89,3,0.0,repeated_nonpersistent_alerts,True
ZL22YRP8,2023-10-02,2023-12-29,30,0,0.9970993289938053,0.9970993289938053,,0.9970993289938053,0.9970993289938053,30,True,30,2023-10-02,True,30,2023-10-02,false_positive,,,-0.2970993289938053,not_a_failed_drive,2023-10-02,2023-12-29,89,5,0.0,repeated_nonpersistent_alerts,True
ZL22YRZ2,2023-10-12,2023-12-31,26,0,0.7509153893979861,0.739525862896177,,0.7509153893979861,0.739525862896177,26,True,26,2023-10-12,True,26,2023-10-12,false_positive,,,-0.05091538939798612,not_a_failed_drive,2023-10-12,2023-12-31,81,2,0.0,repeated_nonpersistent_alerts,True
ZL22YS2D,2023-10-02,2023-10-29,11,0,0.9997072792807458,0.49273395336370845,,0.9997072792807458,0.49273395336370845,11,True,1,2023-10-29,True,11,2023-10-02,false_positive,,,-0.2997072792807458,not_a_failed_drive,2023-10-29,2023-10-29,1,1,0.0,single_day_spike,True
ZL22ZHNZ,2023-10-02,2023-12-27,30,0,0.805385318187282,0.39283759517541655,,0.805385318187282,0.39283759517541655,30,True,2,2023-12-25,True,6,2023-12-17,false_positive,,,-0.10538531818728203,not_a_failed_drive,2023-12-25,2023-12-27,3,1,0.0,short_alert_burst,True
ZL22ZS0M,2023-10-09,2023-12-30,31,0,0.9997985140136805,0.9997985140136805,,0.9997985140136805,0.9997985140136805,31,True,31,2023-10-09,True,31,2023-10-09,false_positive,,,-0.2997985140136805,not_a_failed_drive,2023-10-09,2023-12-30,83,4,0.0,repeated_nonpersistent_alerts,True
ZL22ZSFC,2023-10-02,2023-10-02,1,0,0.9999999999498783,0.9999999999498783,,0.9999999999498783,0.9999999999498783,1,True,1,2023-10-02,True,1,2023-10-02,false_positive,,,-0.29999999994987836,not_a_failed_drive,2023-10-02,2023-10-02,1,1,0.0,single_day_spike,True
ZL22ZX9F,2023-10-01,2023-12-23,22,0,0.9742558565917557,0.9742558565917556,,0.9742558565917557,0.9742558565917556,22,True,22,2023-10-01,True,22,2023-10-01,false_positive,,,-0.2742558565917558,not_a_failed_drive,2023-10-01,2023-12-23,84,4,0.0,repeated_nonpersistent_alerts,True
ZL2300G9,2023-10-07,2023-12-28,25,0,0.9908794960603458,0.9908794960603458,,0.9908794960603458,0.9908794960603458,25,True,25,2023-10-07,True,25,2023-10-07,false_positive,,,-0.2908794960603458,not_a_failed_drive,2023-10-07,2023-12-28,83,4,0.0,repeated_nonpersistent_alerts,True
ZL2300GD,2023-10-01,2023-12-31,25,0,0.9171408671295546,0.6439687493156151,,0.9171408671295546,0.6439687493156151,25,True,13,2023-11-08,True,13,2023-11-08,false_positive,,,-0.2171408671295546,not_a_failed_drive,2023-11-08,2023-12-31,54,3,0.0,repeated_nonpersistent_alerts,True
ZL230M5W,2023-10-02,2023-12-31,32,0,0.847472142260778,0.4339470900334637,,0.847472142260778,0.4339470900334637,32,True,6,2023-10-02,True,6,2023-10-02,false_positive,,,-0.1474721422607781,not_a_failed_drive,2023-10-02,2023-10-13,12,2,79.0,repeated_nonpersistent_alerts,False
ZL233E68,2023-10-02,2023-12-11,27,0,0.9999999993965836,0.49557999447945256,,0.9999999993965836,0.49557999447945256,27,True,8,2023-11-25,True,8,2023-11-25,false_positive,,,-0.2999999993965836,not_a_failed_drive,2023-11-25,2023-12-11,17,4,0.0,repeated_nonpersistent_alerts,True
ZL233EHY,2023-10-07,2023-12-22,22,0,0.7877461627297531,0.7877461627297531,,0.7877461627297531,0.7877461627297531,22,True,22,2023-10-07,True,22,2023-10-07,false_positive,,,-0.08774616272975311,not_a_failed_drive,2023-10-07,2023-12-22,77,2,0.0,repeated_nonpersistent_alerts,True
ZL233FEE,2023-10-13,2023-12-27,22,0,0.852171649437374,0.8521716494373739,,0.852171649437374,0.8521716494373739,22,True,22,2023-10-13,True,22,2023-10-13,false_positive,,,-0.15217164943737405,not_a_failed_drive,2023-10-13,2023-12-27,76,4,0.0,repeated_nonpersistent_alerts,True
ZL23EMHE,2023-10-03,2023-11-16,11,0,0.7803082376718049,0.44405339070025196,,0.7803082376718049,0.44405339070025196,11,True,1,2023-11-16,True,7,2023-10-31,false_positive,,,-0.08030823767180495,not_a_failed_drive,2023-11-16,2023-11-16,1,1,0.0,single_day_spike,True
ZL23N28H,2023-10-07,2023-12-26,26,0,0.8046999794280429,0.804699979428043,,0.8046999794280429,0.804699979428043,26,True,26,2023-10-07,True,26,2023-10-07,false_positive,,,-0.10469997942804299,not_a_failed_drive,2023-10-07,2023-12-26,81,3,0.0,repeated_nonpersistent_alerts,True
ZL23RH7J,2023-10-11,2023-12-30,30,0,0.9680267104609315,0.9555431827943245,,0.9680267104609315,0.9555431827943245,30,True,29,2023-10-12,True,30,2023-10-11,false_positive,,,-0.2680267104609315,not_a_failed_drive,2023-10-12,2023-12-30,80,5,0.0,repeated_nonpersistent_alerts,True
ZL23T5WB,2023-10-03,2023-12-29,31,0,0.9984300585416576,0.9984300585416576,,0.9984300585416576,0.9984300585416576,31,True,31,2023-10-03,True,31,2023-10-03,false_positive,,,-0.2984300585416576,not_a_failed_drive,2023-10-03,2023-12-29,88,4,0.0,repeated_nonpersistent_alerts,True
ZL23WSR5,2023-10-02,2023-12-29,29,0,1.0,0.7037701405869301,,1.0,0.7037701405869301,29,True,14,2023-10-20,True,29,2023-10-02,false_positive,,,-0.30000000000000004,not_a_failed_drive,2023-10-20,2023-12-29,71,4,0.0,repeated_nonpersistent_alerts,True
ZL23WSTM,2023-10-02,2023-12-31,38,0,1.0,1.0,,1.0,1.0,38,True,38,2023-10-02,True,38,2023-10-02,false_positive,,,-0.30000000000000004,not_a_failed_drive,2023-10-02,2023-12-31,91,4,0.0,repeated_nonpersistent_alerts,True
ZL23WSVD,2023-10-04,2023-12-31,21,0,0.9999998907173109,0.9999997192850577,,0.9999998907173109,0.9999997192850577,21,True,21,2023-10-04,True,21,2023-10-04,false_positive,,,-0.2999998907173109,not_a_failed_drive,2023-10-04,2023-12-31,89,3,0.0,repeated_nonpersistent_alerts,True
ZL23X262,2023-10-04,2023-12-27,30,0,0.9999990790561838,0.9999990790561838,,0.9999990790561838,0.9999990790561838,30,True,30,2023-10-04,True,30,2023-10-04,false_positive,,,-0.29999907905618384,not_a_failed_drive,2023-10-04,2023-12-27,85,3,0.0,repeated_nonpersistent_alerts,True
ZL23X2A4,2023-10-05,2023-12-31,30,0,0.9995368277126243,0.9995368277126243,,0.9995368277126243,0.9995368277126243,30,True,30,2023-10-05,True,30,2023-10-05,false_positive,,,-0.29953682771262435,not_a_failed_drive,2023-10-05,2023-12-31,88,3,0.0,repeated_nonpersistent_alerts,True
ZL23XA8A,2023-10-07,2023-12-18,24,0,0.9999934072291078,0.7569224704089949,,0.9999934072291078,0.7569224704089949,24,True,14,2023-11-16,True,18,2023-10-25,false_positive,,,-0.29999340722910783,not_a_failed_drive,2023-11-16,2023-12-18,33,5,0.0,repeated_nonpersistent_alerts,True
ZL23XB93,2023-10-08,2023-10-28,12,0,0.9999999999882894,0.5540363124751236,,0.9999999999882894,0.5540363124751236,12,True,4,2023-10-23,True,8,2023-10-16,false_positive,,,-0.2999999999882894,not_a_failed_drive,2023-10-23,2023-10-28,6,2,0.0,repeated_nonpersistent_alerts,True
ZL23XFWW,2023-10-02,2023-12-26,22,0,1.0,0.9999999832705768,,1.0,0.9999999832705768,22,True,22,2023-10-02,True,22,2023-10-02,false_positive,,,-0.30000000000000004,not_a_failed_drive,2023-10-02,2023-12-26,86,3,0.0,repeated_nonpersistent_alerts,True
ZL23XRMR,2023-10-04,2023-12-28,23,0,0.8039204527774766,0.7433050296695584,,0.8039204527774766,0.7433050296695584,23,True,16,2023-10-04,True,23,2023-10-04,false_positive,,,-0.10392045277747664,not_a_failed_drive,2023-10-04,2023-11-23,51,2,35.0,repeated_nonpersistent_alerts,False
ZL23XRYJ,2023-10-07,2023-12-28,24,0,1.0,0.8882861394117217,,1.0,0.8882861394117217,24,True,20,2023-10-19,True,20,2023-10-19,false_positive,,,-0.30000000000000004,not_a_failed_drive,2023-10-19,2023-12-28,71,7,0.0,persistent_7_plus_day_run,True
ZL23XS10,2023-10-01,2023-11-11,11,0,0.9999991979542979,0.6347995101056446,,0.9999991979542979,0.6347995101056446,11,True,3,2023-11-07,True,7,2023-10-26,false_positive,,,-0.29999919795429797,not_a_failed_drive,2023-11-07,2023-11-11,5,2,0.0,repeated_nonpersistent_alerts,True
ZL23XSZD,2023-10-02,2023-12-31,28,0,0.8104576812791057,0.8104576812791057,,0.8104576812791057,0.8104576812791057,28,True,28,2023-10-02,True,28,2023-10-02,false_positive,,,-0.11045768127910571,not_a_failed_drive,2023-10-02,2023-12-31,91,3,0.0,repeated_nonpersistent_alerts,True
ZL23XZAN,2023-10-05,2023-11-10,8,0,0.8177671726498958,0.4622803933566958,,0.8177671726498958,0.4622803933566958,8,True,1,2023-11-10,True,3,2023-10-28,false_positive,,,-0.11776717264989589,not_a_failed_drive,2023-11-10,2023-11-10,1,1,0.0,single_day_spike,True
ZL23XZLM,2023-10-01,2023-12-24,22,0,0.9987514154993523,0.9983540591164446,,0.9987514154993523,0.9983540591164446,22,True,22,2023-10-01,True,22,2023-10-01,false_positive,,,-0.29875141549935236,not_a_failed_drive,2023-10-01,2023-12-24,85,2,0.0,repeated_nonpersistent_alerts,True
ZL23XZQ7,2023-10-02,2023-12-26,30,0,0.9769725059623235,0.9769725059623237,,0.9769725059623235,0.9769725059623237,30,True,30,2023-10-02,True,30,2023-10-02,false_positive,,,-0.2769725059623236,not_a_failed_drive,2023-10-02,2023-12-26,86,5,0.0,repeated_nonpersistent_alerts,True
ZL23XZQX,2023-10-01,2023-12-28,34,0,0.8183914920416634,0.8183914920416634,,0.8183914920416634,0.8183914920416634,34,True,34,2023-10-01,True,34,2023-10-01,false_positive,,,-0.11839149204166344,not_a_failed_drive,2023-10-01,2023-12-28,89,7,0.0,persistent_7_plus_day_run,True
ZL23XZZ3,2023-10-03,2023-12-31,23,0,0.9197357027083434,0.9197357027083434,,0.9197357027083434,0.9197357027083434,23,True,23,2023-10-03,True,23,2023-10-03,false_positive,,,-0.21973570270834342,not_a_failed_drive,2023-10-03,2023-12-31,90,2,0.0,repeated_nonpersistent_alerts,True
ZL23XZZV,2023-10-04,2023-12-16,24,0,0.9999999944515743,0.5181431991235353,,0.9999999944515743,0.5181431991235353,24,True,6,2023-11-23,True,18,2023-10-28,false_positive,,,-0.2999999944515743,not_a_failed_drive,2023-11-23,2023-12-16,24,2,0.0,repeated_nonpersistent_alerts,True
ZL23Y047,2023-10-03,2023-12-28,27,0,0.9969237305080043,0.9969237305080043,,0.9969237305080043,0.9969237305080043,27,True,27,2023-10-03,True,27,2023-10-03,false_positive,,,-0.29692373050800436,not_a_failed_drive,2023-10-03,2023-12-28,87,3,0.0,repeated_nonpersistent_alerts,True
ZL23Y3PW,2023-10-05,2023-12-29,32,0,0.9535100437645864,0.7324595855369703,,0.9535100437645864,0.7324595855369703,32,True,10,2023-12-14,True,32,2023-10-05,false_positive,,,-0.2535100437645864,not_a_failed_drive,2023-12-14,2023-12-29,16,5,0.0,repeated_nonpersistent_alerts,True
ZL23YXHK,2023-10-03,2023-11-12,9,0,1.0,0.9999999999976126,,1.0,0.9999999999976126,9,True,9,2023-10-03,True,9,2023-10-03,false_positive,,,-0.30000000000000004,not_a_failed_drive,2023-10-03,2023-11-12,41,2,0.0,repeated_nonpersistent_alerts,True
ZL27V1YP,2023-10-01,2023-12-21,23,0,0.8017113184617869,0.6596150219479945,,0.8017113184617869,0.6596150219479945,23,True,16,2023-10-30,True,16,2023-10-30,false_positive,,,-0.10171131846178694,not_a_failed_drive,2023-10-30,2023-12-21,53,3,0.0,repeated_nonpersistent_alerts,True
ZL28F7PG,2023-10-01,2023-12-31,33,0,0.8004559063859187,0.5737895918858372,,0.8004559063859187,0.5737895918858372,33,True,4,2023-12-26,True,27,2023-10-28,false_positive,,,-0.10045590638591873,not_a_failed_drive,2023-12-26,2023-12-31,6,3,0.0,repeated_nonpersistent_alerts,True
ZL2A9EQH,2023-10-02,2023-12-31,23,0,0.9881202030828535,0.9766773976603412,,0.9881202030828535,0.9766773976603412,23,True,23,2023-10-02,True,23,2023-10-02,false_positive,,,-0.2881202030828536,not_a_failed_drive,2023-10-02,2023-12-31,91,3,0.0,repeated_nonpersistent_alerts,True
ZL2ABPVN,2023-10-01,2023-12-30,31,0,0.9999999990677599,0.9999999990677599,,0.9999999990677599,0.9999999990677599,31,True,31,2023-10-01,True,31,2023-10-01,false_positive,,,-0.29999999906776,not_a_failed_drive,2023-10-01,2023-12-30,91,3,0.0,repeated_nonpersistent_alerts,True
ZL2ACJ2H,2023-10-03,2023-10-31,9,0,0.9999732318257852,0.6340271653413977,,0.9999732318257852,0.6340271653413977,9,True,4,2023-10-23,True,4,2023-10-23,false_positive,,,-0.2999732318257853,not_a_failed_drive,2023-10-23,2023-10-31,9,1,0.0,repeated_nonpersistent_alerts,True
ZL2AG2BD,2023-10-03,2023-12-31,33,0,0.8569701126733451,0.6517709054151997,,0.8569701126733451,0.6517709054151997,33,True,2,2023-10-03,True,33,2023-10-03,false_positive,,,-0.15697011267334515,not_a_failed_drive,2023-10-03,2023-10-04,2,2,88.0,short_alert_burst,False
ZL2AVG7W,2023-10-02,2023-12-28,23,0,0.9996497613412124,0.996438679353489,,0.9996497613412124,0.996438679353489,23,True,23,2023-10-02,True,23,2023-10-02,false_positive,,,-0.29964976134121246,not_a_failed_drive,2023-10-02,2023-12-28,88,3,0.0,repeated_nonpersistent_alerts,True
ZL2AWJBM,2023-10-01,2023-12-29,31,0,0.9984095999882057,0.9983203501292518,,0.9984095999882057,0.9983203501292518,31,True,31,2023-10-01,True,31,2023-10-01,false_positive,,,-0.2984095999882057,not_a_failed_drive,2023-10-01,2023-12-29,90,3,0.0,repeated_nonpersistent_alerts,True
ZL2AXLYL,2023-10-01,2023-12-28,32,0,0.9999871989877205,0.9999801896976916,,0.9999871989877205,0.9999801896976916,32,True,32,2023-10-01,True,32,2023-10-01,false_positive,,,-0.2999871989877205,not_a_failed_drive,2023-10-01,2023-12-28,89,6,0.0,repeated_nonpersistent_alerts,True
ZL2AXZ68,2023-10-02,2023-12-30,37,0,0.9956239012723517,0.9956239012723518,,0.9956239012723517,0.9956239012723518,37,True,37,2023-10-02,True,37,2023-10-02,false_positive,,,-0.2956239012723517,not_a_failed_drive,2023-10-02,2023-12-30,90,4,0.0,repeated_nonpersistent_alerts,True
ZL2BREEK,2023-10-07,2023-12-31,37,0,0.9999999999975997,0.9999999963877486,,0.9999999999975997,0.9999999963877486,37,True,37,2023-10-07,True,37,2023-10-07,false_positive,,,-0.29999999999759974,not_a_failed_drive,2023-10-07,2023-12-31,86,5,0.0,repeated_nonpersistent_alerts,True
ZL2C95TG,2023-10-03,2023-12-23,26,0,0.9999953545782791,0.9999030789838439,,0.9999953545782791,0.9999030789838439,26,True,26,2023-10-03,True,26,2023-10-03,false_positive,,,-0.2999953545782792,not_a_failed_drive,2023-10-03,2023-12-23,82,2,0.0,repeated_nonpersistent_alerts,True
ZL2CCBMB,2023-10-02,2023-12-31,31,0,0.9961811181455639,0.9961811181455639,,0.9961811181455639,0.9961811181455639,31,True,31,2023-10-02,True,31,2023-10-02,false_positive,,,-0.2961811181455639,not_a_failed_drive,2023-10-02,2023-12-31,91,3,0.0,repeated_nonpersistent_alerts,True
ZL2CKDYH,2023-10-02,2023-12-30,38,0,0.999999999999897,0.9999999999972934,,0.999999999999897,0.9999999999972934,38,True,38,2023-10-02,True,38,2023-10-02,false_positive,,,-0.299999999999897,not_a_failed_drive,2023-10-02,2023-12-30,90,4,0.0,repeated_nonpersistent_alerts,True
ZL2CN05H,2023-10-05,2023-12-28,31,0,0.9999998941173577,0.9990407481088953,,0.9999998941173577,0.9990407481088953,31,True,31,2023-10-05,True,31,2023-10-05,false_positive,,,-0.2999998941173577,not_a_failed_drive,2023-10-05,2023-12-28,85,4,0.0,repeated_nonpersistent_alerts,True
ZL2CN9C4,2023-10-06,2023-12-26,25,0,1.0,0.8947935953001656,,1.0,0.8947935953001656,25,True,21,2023-10-06,True,21,2023-10-06,false_positive,,,-0.30000000000000004,not_a_failed_drive,2023-10-06,2023-12-14,70,2,12.0,repeated_nonpersistent_alerts,False
ZL2CNV8V,2023-10-04,2023-12-31,33,0,0.8340430943958925,0.4587100447856236,,0.8340430943958925,0.4587100447856236,33,True,2,2023-12-25,True,13,2023-12-08,false_positive,,,-0.13404309439589257,not_a_failed_drive,2023-12-25,2023-12-26,2,2,5.0,short_alert_burst,True
ZL2CQ3DN,2023-10-07,2023-12-31,23,0,0.999999999979956,0.9999999986627955,,0.999999999979956,0.9999999986627955,23,True,23,2023-10-07,True,23,2023-10-07,false_positive,,,-0.2999999999799561,not_a_failed_drive,2023-10-07,2023-12-31,86,3,0.0,repeated_nonpersistent_alerts,True
ZL2CQV0F,2023-10-06,2023-12-28,24,0,0.847472142260778,0.4657567094355648,,0.847472142260778,0.4657567094355648,24,True,6,2023-12-08,True,6,2023-12-08,false_positive,,,-0.1474721422607781,not_a_failed_drive,2023-12-08,2023-12-28,21,1,0.0,repeated_nonpersistent_alerts,True
ZL2CR825,2023-10-01,2023-11-09,12,0,1.0,0.49974246682728746,,1.0,0.49974246682728746,12,True,3,2023-11-04,True,3,2023-11-04,false_positive,,,-0.30000000000000004,not_a_failed_drive,2023-11-04,2023-11-09,6,2,0.0,repeated_nonpersistent_alerts,True
ZL2CXM0D,2023-10-02,2023-12-27,26,0,0.9999926027286472,0.9999926027286471,,0.9999926027286472,0.9999926027286471,26,True,26,2023-10-02,True,26,2023-10-02,false_positive,,,-0.29999260272864725,not_a_failed_drive,2023-10-02,2023-12-27,87,2,0.0,repeated_nonpersistent_alerts,True
ZL2CYRRM,2023-10-02,2023-12-30,34,0,0.9956428543606378,0.9743360177762442,,0.9956428543606378,0.9743360177762442,34,True,34,2023-10-02,True,34,2023-10-02,false_positive,,,-0.29564285436063786,not_a_failed_drive,2023-10-02,2023-12-30,90,3,0.0,repeated_nonpersistent_alerts,True
ZL2CYXPM,2023-10-03,2023-12-12,19,0,1.0,0.9999085017491355,,1.0,0.9999085017491355,19,True,19,2023-10-03,True,19,2023-10-03,false_positive,,,-0.30000000000000004,not_a_failed_drive,2023-10-03,2023-12-12,71,2,0.0,repeated_nonpersistent_alerts,True
ZL2D4RY7,2023-10-06,2023-12-26,20,0,1.0,1.0,,1.0,1.0,20,True,20,2023-10-06,True,20,2023-10-06,false_positive,,,-0.30000000000000004,not_a_failed_drive,2023-10-06,2023-12-26,82,3,0.0,repeated_nonpersistent_alerts,True
ZL2D4S2A,2023-10-05,2023-12-23,24,0,0.9696093911801753,0.6287562302801813,,0.9696093911801753,0.6287562302801813,24,True,7,2023-10-05,True,24,2023-10-05,false_positive,,,-0.26960939118017535,not_a_failed_drive,2023-10-05,2023-10-17,13,2,67.0,repeated_nonpersistent_alerts,False
ZL2D5TWP,2023-10-02,2023-12-26,25,0,0.847472142260778,0.847472142260778,,0.847472142260778,0.847472142260778,25,True,25,2023-10-02,True,25,2023-10-02,false_positive,,,-0.1474721422607781,not_a_failed_drive,2023-10-02,2023-12-26,86,3,0.0,repeated_nonpersistent_alerts,True
ZL2D9DR8,2023-10-02,2023-12-13,26,0,0.8133502075057817,0.5324861718374394,,0.8133502075057817,0.5324861718374394,26,True,2,2023-10-22,True,18,2023-10-22,false_positive,,,-0.11335020750578173,not_a_failed_drive,2023-10-22,2023-10-23,2,2,51.0,short_alert_burst,False
ZL2D9LED,2023-10-03,2023-12-28,26,0,0.996984941052475,0.9968721821541648,,0.996984941052475,0.9968721821541648,26,True,26,2023-10-03,True,26,2023-10-03,false_positive,,,-0.2969849410524751,not_a_failed_drive,2023-10-03,2023-12-28,87,2,0.0,repeated_nonpersistent_alerts,True
ZL2H8G8V,2023-10-21,2023-12-21,20,0,0.9911129784101749,0.630546073885877,,0.9911129784101749,0.630546073885877,20,True,12,2023-11-26,True,12,2023-11-26,false_positive,,,-0.2911129784101749,not_a_failed_drive,2023-11-26,2023-12-21,26,3,0.0,repeated_nonpersistent_alerts,True
ZL2JWK81,2023-10-02,2023-11-17,17,0,0.8794660194141666,0.40397226823532467,,0.8794660194141666,0.40397226823532467,17,True,1,2023-11-17,True,4,2023-11-12,false_positive,,,-0.17946601941416662,not_a_failed_drive,2023-11-17,2023-11-17,1,1,0.0,single_day_spike,True
ZL2K0EXQ,2023-10-02,2023-12-29,35,0,0.8575338588578658,0.4601911631852974,,0.8575338588578658,0.4601911631852974,35,True,8,2023-12-13,True,8,2023-12-13,false_positive,,,-0.15753385885786586,not_a_failed_drive,2023-12-13,2023-12-29,17,2,0.0,repeated_nonpersistent_alerts,True
ZL2K2L9E,2023-10-04,2023-10-14,5,0,1.0,1.0,,1.0,1.0,5,True,5,2023-10-04,True,5,2023-10-04,false_positive,,,-0.30000000000000004,not_a_failed_drive,2023-10-04,2023-10-14,11,3,0.0,repeated_nonpersistent_alerts,True
ZL2KA3YN,2023-10-03,2023-12-31,30,0,1.0,0.999999999999726,,1.0,0.999999999999726,30,True,30,2023-10-03,True,30,2023-10-03,false_positive,,,-0.30000000000000004,not_a_failed_drive,2023-10-03,2023-12-31,90,3,0.0,repeated_nonpersistent_alerts,True
ZL2KABB6,2023-10-04,2023-12-01,16,0,1.0,0.5341363457420012,,1.0,0.5341363457420012,16,True,5,2023-11-08,True,6,2023-11-07,false_positive,,,-0.30000000000000004,not_a_failed_drive,2023-11-08,2023-12-01,24,2,0.0,repeated_nonpersistent_alerts,True
ZL2L8FR3,2023-10-05,2023-12-29,27,0,0.9999999279965558,0.972491669361298,,0.9999999279965558,0.972491669361298,27,True,26,2023-10-10,True,26,2023-10-10,false_positive,,,-0.29999992799655584,not_a_failed_drive,2023-10-10,2023-12-29,81,5,0.0,repeated_nonpersistent_alerts,True
ZL2L8PG7,2023-10-02,2023-12-19,21,0,1.0,0.5404944886840919,,1.0,0.5404944886840919,21,True,2,2023-12-15,True,13,2023-11-09,false_positive,,,-0.30000000000000004,not_a_failed_drive,2023-12-15,2023-12-19,5,1,0.0,short_alert_burst,True
ZL2L8QBW,2023-10-01,2023-12-30,21,0,0.7978050118865362,0.3761532654562422,,0.7978050118865362,0.3761532654562422,21,True,1,2023-12-30,True,7,2023-12-14,false_positive,,,-0.09780501188653623,not_a_failed_drive,2023-12-30,2023-12-30,1,1,0.0,single_day_spike,True
ZL2L8TLQ,2023-10-02,2023-12-28,17,0,0.9999999917505656,0.9323076439869654,,0.9999999917505656,0.9323076439869654,17,True,17,2023-10-02,True,17,2023-10-02,false_positive,,,-0.2999999917505657,not_a_failed_drive,2023-10-02,2023-12-28,88,2,0.0,repeated_nonpersistent_alerts,True
ZL2L8W61,2023-10-02,2023-12-30,26,0,0.8183914920416634,0.6791265945498932,,0.8183914920416634,0.6791265945498932,26,True,9,2023-11-06,True,26,2023-10-02,false_positive,,,-0.11839149204166344,not_a_failed_drive,2023-11-06,2023-12-03,28,4,27.0,repeated_nonpersistent_alerts,False
ZL2L998G,2023-10-01,2023-12-31,36,0,0.847472142260778,0.6212704042902814,,0.847472142260778,0.6212704042902814,36,True,20,2023-11-17,True,20,2023-11-17,false_positive,,,-0.1474721422607781,not_a_failed_drive,2023-11-17,2023-12-31,45,4,0.0,repeated_nonpersistent_alerts,True
ZL2L9HWZ,2023-10-04,2023-12-31,26,0,0.9999999999999991,0.9744071639180091,,0.9999999999999991,0.9744071639180091,26,True,25,2023-10-08,True,25,2023-10-08,false_positive,,,-0.29999999999999916,not_a_failed_drive,2023-10-08,2023-12-31,85,4,0.0,repeated_nonpersistent_alerts,True
ZL2L9J80,2023-10-01,2023-12-26,26,0,0.8059772508150033,0.7353718444343953,,0.8059772508150033,0.7353718444343953,26,True,22,2023-10-26,True,22,2023-10-26,false_positive,,,-0.10597725081500331,not_a_failed_drive,2023-10-26,2023-12-26,62,4,0.0,repeated_nonpersistent_alerts,True
ZL2LFWMX,2023-10-04,2023-11-05,15,0,1.0,1.0,,1.0,1.0,15,True,15,2023-10-04,True,15,2023-10-04,false_positive,,,-0.30000000000000004,not_a_failed_drive,2023-10-04,2023-11-05,33,4,0.0,repeated_nonpersistent_alerts,True
ZL2LFY7X,2023-10-07,2023-12-31,29,0,0.9704046439437873,0.9704046439437873,,0.9704046439437873,0.9704046439437873,29,True,29,2023-10-07,True,29,2023-10-07,false_positive,,,-0.2704046439437874,not_a_failed_drive,2023-10-07,2023-12-31,86,7,0.0,persistent_7_plus_day_run,True
ZL2LN4XM,2023-10-03,2023-12-29,22,0,1.0,0.9999999991250926,,1.0,0.9999999991250926,22,True,22,2023-10-03,True,22,2023-10-03,false_positive,,,-0.30000000000000004,not_a_failed_drive,2023-10-03,2023-12-29,88,2,0.0,repeated_nonpersistent_alerts,True
ZL2LTQHR,2023-10-02,2023-12-31,26,0,0.8133502075057817,0.7064255646152253,,0.8133502075057817,0.7064255646152253,26,True,18,2023-10-27,True,22,2023-10-27,false_positive,,,-0.11335020750578173,not_a_failed_drive,2023-10-27,2023-12-15,50,3,16.0,repeated_nonpersistent_alerts,False
ZL2LTTG3,2023-10-01,2023-12-31,35,0,0.9996497613412124,0.8128313373331549,,0.9996497613412124,0.8128313373331549,35,True,20,2023-10-01,True,35,2023-10-01,false_positive,,,-0.29964976134121246,not_a_failed_drive,2023-10-01,2023-12-31,92,4,0.0,repeated_nonpersistent_alerts,True
ZL2LVLFW,2023-10-06,2023-12-28,30,0,0.9881202030828535,0.6066741912167278,,0.9881202030828535,0.6066741912167278,30,True,1,2023-10-25,True,30,2023-10-06,false_positive,,,-0.2881202030828536,not_a_failed_drive,2023-10-25,2023-10-25,1,1,64.0,single_day_spike,False
ZL2LVLJ0,2023-10-04,2023-12-30,29,0,0.9999999999999978,0.9999999999993977,,0.9999999999999978,0.9999999999993977,29,True,29,2023-10-04,True,29,2023-10-04,false_positive,,,-0.2999999999999978,not_a_failed_drive,2023-10-04,2023-12-30,88,4,0.0,repeated_nonpersistent_alerts,True
ZL2LVLJQ,2023-10-01,2023-10-11,6,0,1.0,1.0,,1.0,1.0,6,True,6,2023-10-01,True,6,2023-10-01,false_positive,,,-0.30000000000000004,not_a_failed_drive,2023-10-01,2023-10-11,11,3,0.0,repeated_nonpersistent_alerts,True
ZL2LVLKA,2023-10-01,2023-12-18,24,0,0.9999973863094804,0.3908113892824033,,0.9999973863094804,0.3908113892824033,24,True,2,2023-12-12,True,3,2023-12-05,false_positive,,,-0.2999973863094805,not_a_failed_drive,2023-12-12,2023-12-18,7,1,0.0,short_alert_burst,True
ZL2MD3WT,2023-10-09,2023-12-28,30,0,0.8569701126733451,0.8226694381015973,,0.8569701126733451,0.8226694381015973,30,True,28,2023-10-19,True,28,2023-10-19,false_positive,,,-0.15697011267334515,not_a_failed_drive,2023-10-19,2023-12-28,71,5,0.0,repeated_nonpersistent_alerts,True
ZL2MKR17,2023-10-01,2023-12-28,26,0,0.9998903875591905,0.9998903875591905,,0.9998903875591905,0.9998903875591905,26,True,26,2023-10-01,True,26,2023-10-01,false_positive,,,-0.2998903875591905,not_a_failed_drive,2023-10-01,2023-12-28,89,5,0.0,repeated_nonpersistent_alerts,True
ZL2MLPQ2,2023-10-08,2023-10-11,3,0,1.0,1.0,,1.0,1.0,3,True,3,2023-10-08,True,3,2023-10-08,false_positive,,,-0.30000000000000004,not_a_failed_drive,2023-10-08,2023-10-11,4,2,0.0,repeated_nonpersistent_alerts,True
ZL2MLTBF,2023-10-03,2023-12-31,25,0,0.9881202030828535,0.9796424315249905,,0.9881202030828535,0.9796424315249905,25,True,25,2023-10-03,True,25,2023-10-03,false_positive,,,-0.2881202030828536,not_a_failed_drive,2023-10-03,2023-12-31,90,4,0.0,repeated_nonpersistent_alerts,True
ZL2NFZFG,2023-10-03,2023-11-12,15,0,0.9453466338608792,0.7125229420741289,,0.9453466338608792,0.7125229420741289,15,True,3,2023-10-24,True,15,2023-10-03,false_positive,,,-0.2453466338608793,not_a_failed_drive,2023-10-24,2023-10-31,8,2,12.0,repeated_nonpersistent_alerts,False
ZL2NG057,2023-10-02,2023-12-29,23,0,0.847472142260778,0.847472142260778,,0.847472142260778,0.847472142260778,23,True,23,2023-10-02,True,23,2023-10-02,false_positive,,,-0.1474721422607781,not_a_failed_drive,2023-10-02,2023-12-29,89,3,0.0,repeated_nonpersistent_alerts,True
ZL2NG0JN,2023-10-05,2023-11-30,22,0,1.0,0.39370425164694295,,1.0,0.39370425164694295,22,True,2,2023-11-24,True,2,2023-11-24,false_positive,,,-0.30000000000000004,not_a_failed_drive,2023-11-24,2023-11-30,7,1,0.0,short_alert_burst,True
ZL2PB3Z9,2023-10-03,2023-12-31,30,0,0.8575338588578658,0.41108013478010846,,0.8575338588578658,0.41108013478010846,30,True,4,2023-12-16,True,4,2023-12-16,false_positive,,,-0.15753385885786586,not_a_failed_drive,2023-12-16,2023-12-31,16,1,0.0,repeated_nonpersistent_alerts,True
ZLW0C6MH,2023-10-03,2023-11-21,12,0,0.9369984129589594,0.6911149706075044,,0.9369984129589594,0.6911149706075044,12,True,3,2023-10-03,True,12,2023-10-03,false_positive,,,-0.2369984129589594,not_a_failed_drive,2023-10-03,2023-10-13,11,1,39.0,repeated_nonpersistent_alerts,False
ZLW0C6NG,2023-10-01,2023-12-29,29,0,0.9791637582616254,0.5624046584272362,,0.9791637582616254,0.5624046584272362,29,True,11,2023-11-26,True,17,2023-11-11,false_positive,,,-0.2791637582616254,not_a_failed_drive,2023-11-26,2023-12-29,34,2,0.0,repeated_nonpersistent_alerts,True
ZLW0C6S6,2023-10-07,2023-11-18,17,0,0.9555100652307829,0.6376734684127366,,0.9555100652307829,0.6376734684127366,17,True,2,2023-11-16,True,15,2023-10-15,false_positive,,,-0.2555100652307829,not_a_failed_drive,2023-11-16,2023-11-18,3,1,0.0,short_alert_burst,True
ZLW0C6V7,2023-10-02,2023-12-28,25,0,0.8888525728021482,0.7191382283000232,,0.8888525728021482,0.7191382283000232,25,True,13,2023-11-16,True,25,2023-10-02,false_positive,,,-0.1888525728021483,not_a_failed_drive,2023-11-16,2023-12-28,43,3,0.0,repeated_nonpersistent_alerts,True
ZLW0C6YP,2023-10-07,2023-12-30,19,0,0.9999999982699195,0.5852396178923067,,0.9999999982699195,0.5852396178923067,19,True,7,2023-12-04,True,7,2023-12-04,false_positive,,,-0.2999999982699195,not_a_failed_drive,2023-12-04,2023-12-30,27,2,0.0,repeated_nonpersistent_alerts,True
ZLW0C72W,2023-10-02,2023-11-23,20,0,0.8208721258387207,0.3587379896877644,,0.8208721258387207,0.3587379896877644,20,True,1,2023-11-23,True,1,2023-11-23,false_positive,,,-0.12087212583872076,not_a_failed_drive,2023-11-23,2023-11-23,1,1,0.0,single_day_spike,True
ZLW0C73J,2023-10-04,2023-12-30,29,0,0.9959882360723652,0.8485001047530831,,0.9959882360723652,0.8485001047530831,29,True,18,2023-11-15,True,29,2023-10-04,false_positive,,,-0.29598823607236524,not_a_failed_drive,2023-11-15,2023-12-30,46,4,0.0,repeated_nonpersistent_alerts,True
ZLW0C744,2023-10-03,2023-12-14,23,0,0.9311552194667079,0.5527347390213763,,0.9311552194667079,0.5527347390213763,23,True,3,2023-10-03,True,23,2023-10-03,false_positive,,,-0.23115521946670792,not_a_failed_drive,2023-10-03,2023-12-14,73,2,0.0,repeated_nonpersistent_alerts,True
ZLW0DHF5,2023-10-03,2023-12-22,18,0,0.9668279041721124,0.9654708003955148,,0.9668279041721124,0.9654708003955148,18,True,18,2023-10-03,True,18,2023-10-03,false_positive,,,-0.26682790417211244,not_a_failed_drive,2023-10-03,2023-12-22,81,3,0.0,repeated_nonpersistent_alerts,True
ZLW0DHGW,2023-10-04,2023-12-27,27,0,0.9999218970403303,0.9812370586355703,,0.9999218970403303,0.9812370586355703,27,True,27,2023-10-04,True,27,2023-10-04,false_positive,,,-0.29992189704033034,not_a_failed_drive,2023-10-04,2023-12-27,85,2,0.0,repeated_nonpersistent_alerts,True
ZLW0EFQQ,2023-10-06,2023-10-10,3,0,0.9999999999999936,0.9999988546551714,,0.9999999999999936,0.9999988546551714,3,True,3,2023-10-06,True,3,2023-10-06,false_positive,,,-0.2999999999999936,not_a_failed_drive,2023-10-06,2023-10-10,5,1,0.0,repeated_nonpersistent_alerts,True
ZLW0EFRA,2023-10-01,2023-12-31,27,0,0.9260437602484654,0.7747623694147501,,0.9260437602484654,0.7747623694147501,27,True,25,2023-10-05,True,27,2023-10-01,false_positive,,,-0.2260437602484654,not_a_failed_drive,2023-10-05,2023-12-31,88,3,0.0,repeated_nonpersistent_alerts,True
ZLW0EFRV,2023-10-05,2023-12-31,26,0,0.9999953748200414,0.7664108075130122,,0.9999953748200414,0.7664108075130122,26,True,13,2023-12-04,True,26,2023-10-05,false_positive,,,-0.29999537482004146,not_a_failed_drive,2023-12-04,2023-12-31,28,4,0.0,repeated_nonpersistent_alerts,True
ZLW0EFV1,2023-10-06,2023-12-29,29,0,0.9440531303801405,0.9118956205653141,,0.9440531303801405,0.9118956205653141,29,True,29,2023-10-06,True,29,2023-10-06,false_positive,,,-0.24405313038014054,not_a_failed_drive,2023-10-06,2023-12-29,85,4,0.0,repeated_nonpersistent_alerts,True
ZLW0EG5Y,2023-10-01,2023-12-31,27,0,0.8334616321176358,0.788440681146851,,0.8334616321176358,0.788440681146851,27,True,24,2023-10-18,True,25,2023-10-16,false_positive,,,-0.13346163211763584,not_a_failed_drive,2023-10-18,2023-12-31,75,4,0.0,repeated_nonpersistent_alerts,True
ZLW0EGFT,2023-10-03,2023-12-31,33,0,0.8017113184617869,0.7451188540493674,,0.8017113184617869,0.7451188540493674,33,True,29,2023-10-03,True,29,2023-10-03,false_positive,,,-0.10171131846178694,not_a_failed_drive,2023-10-03,2023-12-24,83,8,7.0,persistent_7_plus_day_run,True
ZLW0F6D9,2023-10-01,2023-10-10,4,0,0.9466325875985788,0.944671089429483,,0.9466325875985788,0.944671089429483,4,True,4,2023-10-01,True,4,2023-10-01,false_positive,,,-0.24663258759857887,not_a_failed_drive,2023-10-01,2023-10-10,10,2,0.0,repeated_nonpersistent_alerts,True
ZLW0G551,2023-10-02,2023-10-15,3,0,0.9999999999990017,0.9999999999983061,,0.9999999999990017,0.9999999999983061,3,True,3,2023-10-02,True,3,2023-10-02,false_positive,,,-0.29999999999900173,not_a_failed_drive,2023-10-02,2023-10-15,14,1,0.0,repeated_nonpersistent_alerts,True
ZLW0G56Z,2023-10-02,2023-12-29,32,0,1.0,0.9999999993673035,,1.0,0.9999999993673035,32,True,32,2023-10-02,True,32,2023-10-02,false_positive,,,-0.30000000000000004,not_a_failed_drive,2023-10-02,2023-12-29,89,5,0.0,repeated_nonpersistent_alerts,True
ZLW0G6VR,2023-10-02,2023-12-28,27,0,1.0,0.9999967986264577,,1.0,0.9999967986264577,27,True,27,2023-10-02,True,27,2023-10-02,false_positive,,,-0.30000000000000004,not_a_failed_drive,2023-10-02,2023-12-28,88,3,0.0,repeated_nonpersistent_alerts,True
ZLW0G70E,2023-10-01,2023-12-31,32,0,0.8054108709918053,0.8054108709918053,,0.8054108709918053,0.8054108709918053,32,True,32,2023-10-01,True,32,2023-10-01,false_positive,,,-0.10541087099180535,not_a_failed_drive,2023-10-01,2023-12-31,92,2,0.0,repeated_nonpersistent_alerts,True
ZLW0G728,2023-10-07,2023-12-27,23,0,0.9604834706181825,0.8148548690135877,,0.9604834706181825,0.8148548690135877,23,True,17,2023-10-27,True,23,2023-10-07,false_positive,,,-0.26048347061818256,not_a_failed_drive,2023-10-27,2023-12-27,62,4,0.0,repeated_nonpersistent_alerts,True
ZLW0G7QX,2023-10-04,2023-12-29,29,0,0.9999805848154195,0.6786451316989107,,0.9999805848154195,0.6786451316989107,29,True,15,2023-11-18,True,15,2023-11-18,false_positive,,,-0.29998058481541956,not_a_failed_drive,2023-11-18,2023-12-29,42,3,0.0,repeated_nonpersistent_alerts,True
ZLW0G7SQ,2023-10-11,2023-10-17,4,0,1.0,1.0,,1.0,1.0,4,True,4,2023-10-11,True,4,2023-10-11,false_positive,,,-0.30000000000000004,not_a_failed_drive,2023-10-11,2023-10-17,7,3,0.0,repeated_nonpersistent_alerts,True
ZLW0G84W,2023-10-01,2023-12-29,29,0,0.8133502075057817,0.4002203105981862,,0.8133502075057817,0.4002203105981862,29,True,4,2023-12-19,True,4,2023-12-19,false_positive,,,-0.11335020750578173,not_a_failed_drive,2023-12-19,2023-12-29,11,2,0.0,repeated_nonpersistent_alerts,True
ZLW0G89Y,2023-10-01,2023-12-26,25,0,0.9999995843291147,0.9999993621471757,,0.9999995843291147,0.9999993621471757,25,True,25,2023-10-01,True,25,2023-10-01,false_positive,,,-0.2999995843291148,not_a_failed_drive,2023-10-01,2023-12-26,87,3,0.0,repeated_nonpersistent_alerts,True
ZLW0G8E3,2023-10-03,2023-12-27,31,0,0.9999514306107303,0.478158087019614,,0.9999514306107303,0.478158087019614,31,True,7,2023-12-17,True,7,2023-12-17,false_positive,,,-0.2999514306107304,not_a_failed_drive,2023-12-17,2023-12-27,11,3,0.0,repeated_nonpersistent_alerts,True
ZLW0G8Q4,2023-10-01,2023-11-10,14,0,0.99981793449559,0.439245293149565,,0.99981793449559,0.439245293149565,14,True,2,2023-11-04,True,6,2023-10-28,false_positive,,,-0.29981793449559,not_a_failed_drive,2023-11-04,2023-11-10,7,1,0.0,short_alert_burst,True
ZLW0G8SH,2023-10-02,2023-12-30,30,0,0.9989728818025776,0.5097340710521779,,0.9989728818025776,0.5097340710521779,30,True,8,2023-12-11,True,8,2023-12-11,false_positive,,,-0.29897288180257764,not_a_failed_drive,2023-12-11,2023-12-30,20,2,0.0,repeated_nonpersistent_alerts,True
ZLW0G8VZ,2023-10-04,2023-10-29,8,0,0.9998316306837265,0.6752441729415553,,0.9998316306837265,0.6752441729415553,8,True,3,2023-10-14,True,6,2023-10-08,false_positive,,,-0.29983163068372654,not_a_failed_drive,2023-10-14,2023-10-29,16,1,0.0,repeated_nonpersistent_alerts,True
ZLW0G8Z9,2023-10-01,2023-12-28,29,0,0.999999998264631,0.5510401700286165,,0.999999998264631,0.5510401700286165,29,True,9,2023-11-28,True,16,2023-11-03,false_positive,,,-0.2999999982646311,not_a_failed_drive,2023-11-28,2023-12-28,31,3,0.0,repeated_nonpersistent_alerts,True
ZLW0G947,2023-10-02,2023-11-24,20,0,1.0,0.6139771229889486,,1.0,0.6139771229889486,20,True,8,2023-11-05,True,9,2023-11-03,false_positive,,,-0.30000000000000004,not_a_failed_drive,2023-11-05,2023-11-24,20,4,0.0,repeated_nonpersistent_alerts,True
ZLW0G96E,2023-10-12,2023-12-30,28,0,0.8276385846249796,0.8272397619406544,,0.8276385846249796,0.8272397619406544,28,True,28,2023-10-12,True,28,2023-10-12,false_positive,,,-0.12763858462497968,not_a_failed_drive,2023-10-12,2023-12-30,80,3,0.0,repeated_nonpersistent_alerts,True
ZLW0GFAX,2023-10-01,2023-12-26,34,0,0.9840456418376663,0.6429838843187518,,0.9840456418376663,0.6429838843187518,34,True,13,2023-11-28,True,34,2023-10-01,false_positive,,,-0.28404564183766634,not_a_failed_drive,2023-11-28,2023-12-26,29,6,0.0,repeated_nonpersistent_alerts,True
ZLW0GFZ5,2023-10-02,2023-12-30,23,0,0.9701277584715279,0.5622219792277763,,0.9701277584715279,0.5622219792277763,23,True,3,2023-12-17,True,17,2023-10-02,false_positive,,,-0.2701277584715279,not_a_failed_drive,2023-12-17,2023-12-30,14,1,0.0,repeated_nonpersistent_alerts,True
ZLW0GH8X,2023-10-08,2023-12-19,27,0,0.8139862168415022,0.6239878884805835,,0.8139862168415022,0.6239878884805835,27,True,13,2023-10-08,True,19,2023-10-08,false_positive,,,-0.11398621684150223,not_a_failed_drive,2023-10-08,2023-11-16,40,2,33.0,repeated_nonpersistent_alerts,False
ZLW0GHBZ,2023-10-01,2023-12-24,27,0,1.0,0.9999380798333455,,1.0,0.9999380798333455,27,True,27,2023-10-01,True,27,2023-10-01,false_positive,,,-0.30000000000000004,not_a_failed_drive,2023-10-01,2023-12-24,85,3,0.0,repeated_nonpersistent_alerts,True
ZLW0GHC8,2023-10-04,2023-12-27,25,0,1.0,0.9998636581744946,,1.0,0.9998636581744946,25,True,25,2023-10-04,True,25,2023-10-04,false_positive,,,-0.30000000000000004,not_a_failed_drive,2023-10-04,2023-12-27,85,3,0.0,repeated_nonpersistent_alerts,True
ZLW0GJ9C,2023-10-01,2023-12-21,24,0,0.7718999116124555,0.6189812110823242,,0.7718999116124555,0.6189812110823242,24,True,13,2023-11-05,True,24,2023-10-01,false_positive,,,-0.07189991161245557,not_a_failed_drive,2023-11-05,2023-12-21,47,2,0.0,repeated_nonpersistent_alerts,True
ZLW0GJPZ,2023-10-05,2023-12-30,27,0,0.749068651915099,0.6575555429709211,,0.749068651915099,0.6575555429709211,27,True,21,2023-11-02,True,27,2023-10-05,false_positive,,,-0.049068651915099015,not_a_failed_drive,2023-11-02,2023-12-30,59,2,0.0,repeated_nonpersistent_alerts,True
ZLW0GJVC,2023-10-01,2023-12-27,26,0,0.8133502075057817,0.50000707031279,,0.8133502075057817,0.50000707031279,26,True,9,2023-12-05,True,9,2023-12-05,false_positive,,,-0.11335020750578173,not_a_failed_drive,2023-12-05,2023-12-27,23,2,0.0,repeated_nonpersistent_alerts,True
ZLW0GKLG,2023-10-01,2023-12-27,26,0,0.8608775136468114,0.5244331893835581,,0.8608775136468114,0.5244331893835581,26,True,9,2023-12-07,True,9,2023-12-07,false_positive,,,-0.16087751364681147,not_a_failed_drive,2023-12-07,2023-12-27,21,3,0.0,repeated_nonpersistent_alerts,True
ZLW0GKN3,2023-10-01,2023-12-28,18,0,0.8615909452436489,0.374571503592225,,0.8615909452436489,0.374571503592225,18,True,1,2023-12-15,True,5,2023-12-10,false_positive,,,-0.16159094524364892,not_a_failed_drive,2023-12-15,2023-12-15,1,1,13.0,single_day_spike,False
ZLW0GPD7,2023-10-05,2023-12-28,26,0,1.0,0.9975391502027099,,1.0,0.9975391502027099,26,True,26,2023-10-05,True,26,2023-10-05,false_positive,,,-0.30000000000000004,not_a_failed_drive,2023-10-05,2023-12-28,85,3,0.0,repeated_nonpersistent_alerts,True
ZLW0GPKM,2023-10-02,2023-12-30,32,0,0.999956613652876,0.9998982516738738,,0.999956613652876,0.9998982516738738,32,True,32,2023-10-02,True,32,2023-10-02,false_positive,,,-0.29995661365287607,not_a_failed_drive,2023-10-02,2023-12-30,90,5,0.0,repeated_nonpersistent_alerts,True
ZLW0GPN7,2023-10-01,2023-12-31,26,0,0.9530999007354972,0.9530999007354972,,0.9530999007354972,0.9530999007354972,26,True,26,2023-10-01,True,26,2023-10-01,false_positive,,,-0.25309990073549726,not_a_failed_drive,2023-10-01,2023-12-31,92,3,0.0,repeated_nonpersistent_alerts,True
ZLW0GPNT,2023-10-04,2023-12-31,25,0,0.9204413668150859,0.7499907449531041,,0.9204413668150859,0.7499907449531041,25,True,16,2023-10-04,True,25,2023-10-04,false_positive,,,-0.22044136681508597,not_a_failed_drive,2023-10-04,2023-12-06,64,2,25.0,repeated_nonpersistent_alerts,False
ZLW0GQ78,2023-10-03,2023-12-27,30,0,0.9554448409228803,0.897255515982757,,0.9554448409228803,0.897255515982757,30,True,30,2023-10-03,True,30,2023-10-03,false_positive,,,-0.25544484092288033,not_a_failed_drive,2023-10-03,2023-12-27,86,6,0.0,repeated_nonpersistent_alerts,True
ZLW0GQ86,2023-10-03,2023-12-31,32,0,0.9263638912531448,0.905043310177384,,0.9263638912531448,0.905043310177384,32,True,32,2023-10-03,True,32,2023-10-03,false_positive,,,-0.22636389125314482,not_a_failed_drive,2023-10-03,2023-12-31,90,3,0.0,repeated_nonpersistent_alerts,True
ZLW0GQAQ,2023-10-04,2023-12-30,32,0,0.7805222005088271,0.7805222005088271,,0.7805222005088271,0.7805222005088271,32,True,32,2023-10-04,True,32,2023-10-04,false_positive,,,-0.08052220050882719,not_a_failed_drive,2023-10-04,2023-12-30,88,4,0.0,repeated_nonpersistent_alerts,True
ZLW0GQBL,2023-10-03,2023-12-30,33,0,1.0,0.995979163296496,,1.0,0.995979163296496,33,True,33,2023-10-03,True,33,2023-10-03,false_positive,,,-0.30000000000000004,not_a_failed_drive,2023-10-03,2023-12-30,89,4,0.0,repeated_nonpersistent_alerts,True
ZLW0GQCH,2023-10-09,2023-12-30,18,0,0.9924835828740085,0.9922599329335031,,0.9924835828740085,0.9922599329335031,18,True,18,2023-10-09,True,18,2023-10-09,false_positive,,,-0.29248358287400855,not_a_failed_drive,2023-10-09,2023-12-30,83,2,0.0,repeated_nonpersistent_alerts,True
ZLW0GQDM,2023-10-01,2023-12-28,27,0,0.721240821088853,0.7172832450143745,,0.721240821088853,0.7172832450143745,27,True,27,2023-10-01,True,27,2023-10-01,false_positive,,,-0.021240821088853057,not_a_failed_drive,2023-10-01,2023-12-28,89,3,0.0,repeated_nonpersistent_alerts,True
ZLW0GQDP,2023-10-02,2023-12-30,20,0,1.0,0.9984056382092747,,1.0,0.9984056382092747,20,True,20,2023-10-02,True,20,2023-10-02,false_positive,,,-0.30000000000000004,not_a_failed_drive,2023-10-02,2023-12-30,90,5,0.0,repeated_nonpersistent_alerts,True
ZLW0GQEH,2023-10-05,2023-12-30,25,0,0.7278082007128636,0.5814189894671109,,0.7278082007128636,0.5814189894671109,25,True,2,2023-12-28,True,25,2023-10-05,false_positive,,,-0.027808200712863607,not_a_failed_drive,2023-12-28,2023-12-30,3,1,0.0,short_alert_burst,True
ZLW0H2P2,2023-10-03,2023-12-31,22,0,0.7369159774468849,0.7023282552319811,,0.7369159774468849,0.7023282552319811,22,True,12,2023-11-25,True,22,2023-10-03,false_positive,,,-0.03691597744688491,not_a_failed_drive,2023-11-25,2023-12-31,37,2,0.0,repeated_nonpersistent_alerts,True
ZLW0H351,2023-10-01,2023-12-29,32,0,0.9999999789028347,0.9999999696535395,,0.9999999789028347,0.9999999696535395,32,True,32,2023-10-01,True,32,2023-10-01,false_positive,,,-0.2999999789028347,not_a_failed_drive,2023-10-01,2023-12-29,90,7,0.0,persistent_7_plus_day_run,True
ZLW0H3LV,2023-10-05,2023-12-24,21,0,0.9708367813133504,0.7569360992231916,,0.9708367813133504,0.7569360992231916,21,True,16,2023-10-21,True,21,2023-10-05,false_positive,,,-0.2708367813133504,not_a_failed_drive,2023-10-21,2023-12-24,65,2,0.0,repeated_nonpersistent_alerts,True
ZLW0HBX8,2023-10-06,2023-11-29,16,0,1.0,0.6000819160255193,,1.0,0.6000819160255193,16,True,6,2023-11-12,True,7,2023-11-03,false_positive,,,-0.30000000000000004,not_a_failed_drive,2023-11-12,2023-11-29,18,2,0.0,repeated_nonpersistent_alerts,True
ZLW0HC52,2023-10-05,2023-12-31,25,0,0.999999999986311,0.7071283426263535,,0.999999999986311,0.7071283426263535,25,True,12,2023-11-19,True,17,2023-11-02,false_positive,,,-0.299999999986311,not_a_failed_drive,2023-11-19,2023-12-31,43,3,0.0,repeated_nonpersistent_alerts,True
ZLW0HCFM,2023-10-01,2023-12-28,31,0,0.7071817120163569,0.6016306039753148,,0.7071817120163569,0.6016306039753148,31,True,22,2023-10-31,True,22,2023-10-31,false_positive,,,-0.007181712016356978,not_a_failed_drive,2023-10-31,2023-12-28,59,4,0.0,repeated_nonpersistent_alerts,True
ZLW0HCH0,2023-10-01,2023-12-31,32,0,0.9999355881782769,0.9999324828151059,,0.9999355881782769,0.9999324828151059,32,True,32,2023-10-01,True,32,2023-10-01,false_positive,,,-0.2999355881782769,not_a_failed_drive,2023-10-01,2023-12-31,92,5,0.0,repeated_nonpersistent_alerts,True
ZLW0HCPF,2023-10-01,2023-12-30,33,0,0.7435670244467687,0.6737998056127971,,0.7435670244467687,0.6737998056127971,33,True,9,2023-12-10,True,32,2023-10-01,false_positive,,,-0.04356702444676874,not_a_failed_drive,2023-12-10,2023-12-30,21,3,0.0,repeated_nonpersistent_alerts,True
ZLW0LG4B,2023-10-03,2023-11-02,12,0,1.0,0.9999999991746281,,1.0,0.9999999991746281,12,True,12,2023-10-03,True,12,2023-10-03,false_positive,,,-0.30000000000000004,not_a_failed_drive,2023-10-03,2023-11-02,31,3,0.0,repeated_nonpersistent_alerts,True
ZLW0VP11,2023-10-08,2023-12-30,27,0,0.9999999482248303,0.9999999110495058,,0.9999999482248303,0.9999999110495058,27,True,27,2023-10-08,True,27,2023-10-08,false_positive,,,-0.29999994822483034,not_a_failed_drive,2023-10-08,2023-12-30,84,3,0.0,repeated_nonpersistent_alerts,True
ZLW0WEYR,2023-10-02,2023-12-30,28,0,0.998415728822074,0.9981932910063626,,0.998415728822074,0.9981932910063626,28,True,28,2023-10-02,True,28,2023-10-02,false_positive,,,-0.298415728822074,not_a_failed_drive,2023-10-02,2023-12-30,90,4,0.0,repeated_nonpersistent_alerts,True
ZLW0WGVK,2023-10-01,2023-11-18,19,0,0.997475218619749,0.9974134171937254,,0.997475218619749,0.9974134171937254,19,True,19,2023-10-01,True,19,2023-10-01,false_positive,,,-0.297475218619749,not_a_failed_drive,2023-10-01,2023-11-18,49,3,0.0,repeated_nonpersistent_alerts,True
ZLW0X3CA,2023-10-02,2023-12-31,26,0,0.999959827189644,0.9952412238273283,,0.999959827189644,0.9952412238273283,26,True,26,2023-10-02,True,26,2023-10-02,false_positive,,,-0.2999598271896441,not_a_failed_drive,2023-10-02,2023-12-31,91,3,0.0,repeated_nonpersistent_alerts,True
ZLW15T52,2023-10-01,2023-11-30,23,0,0.9999999999999514,0.4808827937037071,,0.9999999999999514,0.4808827937037071,23,True,4,2023-11-25,True,7,2023-11-18,false_positive,,,-0.2999999999999514,not_a_failed_drive,2023-11-25,2023-11-30,6,2,0.0,repeated_nonpersistent_alerts,True
ZLW15T9F,2023-10-01,2023-12-31,31,0,0.9999999349585635,0.907438097818185,,0.9999999349585635,0.907438097818185,31,True,31,2023-10-01,True,31,2023-10-01,false_positive,,,-0.2999999349585636,not_a_failed_drive,2023-10-01,2023-12-31,92,4,0.0,repeated_nonpersistent_alerts,True
ZLW15TDF,2023-10-05,2023-12-31,26,0,0.9197357027083434,0.7263986537938278,,0.9197357027083434,0.7263986537938278,26,True,20,2023-10-05,True,21,2023-10-05,false_positive,,,-0.21973570270834342,not_a_failed_drive,2023-10-05,2023-12-15,72,3,16.0,repeated_nonpersistent_alerts,False
ZLW15TDQ,2023-10-01,2023-12-26,23,0,0.8017113184617869,0.6190160800869109,,0.8017113184617869,0.6190160800869109,23,True,14,2023-11-08,True,14,2023-11-08,false_positive,,,-0.10171131846178694,not_a_failed_drive,2023-11-08,2023-12-26,49,3,0.0,repeated_nonpersistent_alerts,True
ZLW15TE8,2023-10-08,2023-12-29,28,0,0.9984829696612609,0.9353288234349506,,0.9984829696612609,0.9353288234349506,28,True,28,2023-10-08,True,28,2023-10-08,false_positive,,,-0.298482969661261,not_a_failed_drive,2023-10-08,2023-12-29,83,3,0.0,repeated_nonpersistent_alerts,True
ZLW15TFZ,2023-10-05,2023-12-27,26,0,0.8391255873741996,0.7772481818329464,,0.8391255873741996,0.7772481818329464,26,True,26,2023-10-05,True,26,2023-10-05,false_positive,,,-0.13912558737419967,not_a_failed_drive,2023-10-05,2023-12-27,84,3,0.0,repeated_nonpersistent_alerts,True
ZLW15TG4,2023-10-02,2023-12-24,34,0,0.9950431532509663,0.8287974262012593,,0.9950431532509663,0.8287974262012593,34,True,23,2023-10-30,True,34,2023-10-02,false_positive,,,-0.2950431532509663,not_a_failed_drive,2023-10-30,2023-12-24,56,5,0.0,repeated_nonpersistent_alerts,True
ZLW15THD,2023-10-03,2023-12-29,32,0,0.847472142260778,0.529375948239767,,0.847472142260778,0.529375948239767,32,True,12,2023-11-29,True,12,2023-11-29,false_positive,,,-0.1474721422607781,not_a_failed_drive,2023-11-29,2023-12-29,31,4,0.0,repeated_nonpersistent_alerts,True
ZLW15TKC,2023-10-01,2023-12-28,30,0,0.9892520536200683,0.9429078196789183,,0.9892520536200683,0.9429078196789183,30,True,30,2023-10-01,True,30,2023-10-01,false_positive,,,-0.28925205362006834,not_a_failed_drive,2023-10-01,2023-12-28,89,6,0.0,repeated_nonpersistent_alerts,True
ZLW15TMC,2023-10-03,2023-12-31,27,0,0.9882222865689237,0.7537323148680857,,0.9882222865689237,0.7537323148680857,27,True,16,2023-10-03,True,19,2023-10-03,false_positive,,,-0.2882222865689238,not_a_failed_drive,2023-10-03,2023-11-21,50,5,40.0,repeated_nonpersistent_alerts,False
ZLW15TN6,2023-10-02,2023-12-30,27,0,0.9999999999527067,0.9999878207978716,,0.9999999999527067,0.9999878207978716,27,True,27,2023-10-02,True,27,2023-10-02,false_positive,,,-0.29999999995270676,not_a_failed_drive,2023-10-02,2023-12-30,90,5,0.0,repeated_nonpersistent_alerts,True
ZLW15TP4,2023-10-02,2023-12-30,35,0,0.8133502075057817,0.8133502075057817,,0.8133502075057817,0.8133502075057817,35,True,35,2023-10-02,True,35,2023-10-02,false_positive,,,-0.11335020750578173,not_a_failed_drive,2023-10-02,2023-12-30,90,3,0.0,repeated_nonpersistent_alerts,True
ZLW15TRN,2023-10-01,2023-12-28,26,0,0.9999991754755776,0.9998945326040184,,0.9999991754755776,0.9998945326040184,26,True,26,2023-10-01,True,26,2023-10-01,false_positive,,,-0.29999917547557764,not_a_failed_drive,2023-10-01,2023-12-28,89,3,0.0,repeated_nonpersistent_alerts,True
ZLW16QR3,2023-10-03,2023-12-31,29,0,0.9992542390263428,0.5952990919588371,,0.9992542390263428,0.5952990919588371,29,True,9,2023-12-16,True,20,2023-11-04,false_positive,,,-0.29925423902634285,not_a_failed_drive,2023-12-16,2023-12-31,16,3,0.0,repeated_nonpersistent_alerts,True
ZLW16QT5,2023-10-02,2023-12-30,29,0,0.9197357027083434,0.718041835243165,,0.9197357027083434,0.718041835243165,29,True,19,2023-10-02,True,19,2023-10-02,false_positive,,,-0.21973570270834342,not_a_failed_drive,2023-10-02,2023-11-27,57,5,33.0,repeated_nonpersistent_alerts,False
ZLW17RS1,2023-10-04,2023-12-29,27,0,1.0,0.8285047267698235,,1.0,0.8285047267698235,27,True,20,2023-10-28,True,20,2023-10-28,false_positive,,,-0.30000000000000004,not_a_failed_drive,2023-10-28,2023-12-29,63,4,0.0,repeated_nonpersistent_alerts,True
ZLW17RWZ,2023-10-07,2023-12-31,27,0,0.999999999999573,0.49898039622240425,,0.999999999999573,0.49898039622240425,27,True,4,2023-12-24,True,11,2023-12-02,false_positive,,,-0.29999999999957305,not_a_failed_drive,2023-12-24,2023-12-31,8,1,0.0,repeated_nonpersistent_alerts,True
ZLW17RYY,2023-10-03,2023-12-30,30,0,1.0,1.0,,1.0,1.0,30,True,30,2023-10-03,True,30,2023-10-03,false_positive,,,-0.30000000000000004,not_a_failed_drive,2023-10-03,2023-12-30,89,4,0.0,repeated_nonpersistent_alerts,True
ZLW17S1H,2023-10-03,2023-12-30,29,0,0.999999999717075,0.9999976093011919,,0.999999999717075,0.9999976093011919,29,True,29,2023-10-03,True,29,2023-10-03,false_positive,,,-0.299999999717075,not_a_failed_drive,2023-10-03,2023-12-30,89,4,0.0,repeated_nonpersistent_alerts,True
ZLW17S1K,2023-10-01,2023-12-30,33,0,0.9999992479709314,0.9999991194917885,,0.9999992479709314,0.9999991194917885,33,True,33,2023-10-01,True,33,2023-10-01,false_positive,,,-0.29999924797093147,not_a_failed_drive,2023-10-01,2023-12-30,91,4,0.0,repeated_nonpersistent_alerts,True
ZLW17S1R,2023-10-08,2023-12-28,35,0,0.8512653723466582,0.5431538479555154,,0.8512653723466582,0.5431538479555154,35,True,11,2023-12-01,True,16,2023-11-27,false_positive,,,-0.15126537234665827,not_a_failed_drive,2023-12-01,2023-12-20,20,5,8.0,repeated_nonpersistent_alerts,False
ZLW17S4S,2023-10-08,2023-12-31,24,0,1.0,0.6810909671116018,,1.0,0.6810909671116018,24,True,12,2023-11-14,True,15,2023-10-31,false_positive,,,-0.30000000000000004,not_a_failed_drive,2023-11-14,2023-12-31,48,3,0.0,repeated_nonpersistent_alerts,True
ZLW17S54,2023-10-02,2023-12-22,21,0,1.0,0.5992689854954685,,1.0,0.5992689854954685,21,True,9,2023-11-11,True,9,2023-11-11,false_positive,,,-0.30000000000000004,not_a_failed_drive,2023-11-11,2023-12-22,42,2,0.0,repeated_nonpersistent_alerts,True
ZLW17S5L,2023-10-02,2023-12-29,34,0,0.9999790354149198,0.9999790354149198,,0.9999790354149198,0.9999790354149198,34,True,34,2023-10-02,True,34,2023-10-02,false_positive,,,-0.2999790354149199,not_a_failed_drive,2023-10-02,2023-12-29,89,3,0.0,repeated_nonpersistent_alerts,True
ZLW17S5M,2023-10-03,2023-12-22,33,0,0.8133502075057817,0.8133502075057817,,0.8133502075057817,0.8133502075057817,33,True,33,2023-10-03,True,33,2023-10-03,false_positive,,,-0.11335020750578173,not_a_failed_drive,2023-10-03,2023-12-22,81,3,0.0,repeated_nonpersistent_alerts,True
ZLW17S5Z,2023-10-02,2023-12-31,29,0,1.0,1.0,,1.0,1.0,29,True,29,2023-10-02,True,29,2023-10-02,false_positive,,,-0.30000000000000004,not_a_failed_drive,2023-10-02,2023-12-31,91,3,0.0,repeated_nonpersistent_alerts,True
ZLW17S9C,2023-10-01,2023-12-25,32,0,0.8133502075057817,0.693542537402579,,0.8133502075057817,0.693542537402579,32,True,24,2023-10-01,True,24,2023-10-01,false_positive,,,-0.11335020750578173,not_a_failed_drive,2023-10-01,2023-11-29,60,3,26.0,repeated_nonpersistent_alerts,False
ZLW17S9H,2023-10-03,2023-12-29,22,0,0.9999991716683447,0.9424050778274384,,0.9999991716683447,0.9424050778274384,22,True,20,2023-10-13,True,22,2023-10-03,false_positive,,,-0.2999991716683448,not_a_failed_drive,2023-10-13,2023-12-29,78,4,0.0,repeated_nonpersistent_alerts,True
ZLW17S9S,2023-10-01,2023-12-28,28,0,1.0,0.9999998266859943,,1.0,0.9999998266859943,28,True,28,2023-10-01,True,28,2023-10-01,false_positive,,,-0.30000000000000004,not_a_failed_drive,2023-10-01,2023-12-28,89,2,0.0,repeated_nonpersistent_alerts,True
ZLW17SA2,2023-10-09,2023-12-31,31,0,0.9999999999987901,0.4936891196683124,,0.9999999999987901,0.4936891196683124,31,True,8,2023-12-04,True,8,2023-12-04,false_positive,,,-0.2999999999987901,not_a_failed_drive,2023-12-04,2023-12-31,28,2,0.0,repeated_nonpersistent_alerts,True
ZLW17SAS,2023-10-05,2023-12-28,23,0,0.9999999999999938,0.9999999999668622,,0.9999999999999938,0.9999999999668622,23,True,23,2023-10-05,True,23,2023-10-05,false_positive,,,-0.2999999999999938,not_a_failed_drive,2023-10-05,2023-12-28,85,3,0.0,repeated_nonpersistent_alerts,True
ZLW17SCE,2023-10-01,2023-11-26,24,0,0.9999997557811683,0.9862142862311428,,0.9999997557811683,0.9862142862311428,24,True,24,2023-10-01,True,24,2023-10-01,false_positive,,,-0.29999975578116833,not_a_failed_drive,2023-10-01,2023-11-26,57,3,0.0,repeated_nonpersistent_alerts,True
ZLW17SD8,2023-10-03,2023-12-30,28,0,0.9999999904141118,0.988057260896972,,0.9999999904141118,0.988057260896972,28,True,28,2023-10-03,True,28,2023-10-03,false_positive,,,-0.29999999041411185,not_a_failed_drive,2023-10-03,2023-12-30,89,4,0.0,repeated_nonpersistent_alerts,True
ZLW17SD9,2023-10-01,2023-12-31,30,0,0.7251324772082746,0.5667653221577719,,0.7251324772082746,0.5667653221577719,30,True,12,2023-11-28,True,26,2023-10-18,false_positive,,,-0.025132477208274606,not_a_failed_drive,2023-11-28,2023-12-31,34,2,0.0,repeated_nonpersistent_alerts,True
ZLW17SER,2023-10-12,2023-10-17,3,0,1.0,1.0,,1.0,1.0,3,True,3,2023-10-12,True,3,2023-10-12,false_positive,,,-0.30000000000000004,not_a_failed_drive,2023-10-12,2023-10-17,6,2,0.0,repeated_nonpersistent_alerts,True
ZLW17SFK,2023-10-01,2023-12-30,27,0,1.0,0.9999986566456036,,1.0,0.9999986566456036,27,True,27,2023-10-01,True,27,2023-10-01,false_positive,,,-0.30000000000000004,not_a_failed_drive,2023-10-01,2023-12-30,91,2,0.0,repeated_nonpersistent_alerts,True
ZLW17SGT,2023-10-02,2023-12-30,34,0,0.9999999999999991,0.8732390332578682,,0.9999999999999991,0.8732390332578682,34,True,27,2023-10-16,True,34,2023-10-02,false_positive,,,-0.29999999999999916,not_a_failed_drive,2023-10-16,2023-12-30,76,6,0.0,repeated_nonpersistent_alerts,True
ZLW17SGY,2023-10-01,2023-12-27,26,0,0.9578018565601517,0.9344348439859982,,0.9578018565601517,0.9344348439859982,26,True,25,2023-10-02,True,26,2023-10-01,false_positive,,,-0.25780185656015175,not_a_failed_drive,2023-10-02,2023-12-27,87,3,0.0,repeated_nonpersistent_alerts,True
ZLW17SJX,2023-10-03,2023-11-12,16,0,1.0,1.0,,1.0,1.0,16,True,16,2023-10-03,True,16,2023-10-03,false_positive,,,-0.30000000000000004,not_a_failed_drive,2023-10-03,2023-11-12,41,2,0.0,repeated_nonpersistent_alerts,True
ZLW17SKM,2023-10-06,2023-12-31,22,0,1.0,0.9337798813793978,,1.0,0.9337798813793978,22,True,22,2023-10-06,True,22,2023-10-06,false_positive,,,-0.30000000000000004,not_a_failed_drive,2023-10-06,2023-12-31,87,2,0.0,repeated_nonpersistent_alerts,True
ZLW17SM0,2023-10-07,2023-11-02,11,0,1.0,1.0,,1.0,1.0,11,True,11,2023-10-07,True,11,2023-10-07,false_positive,,,-0.30000000000000004,not_a_failed_drive,2023-10-07,2023-11-02,27,2,0.0,repeated_nonpersistent_alerts,True
ZLW17SMP,2023-10-02,2023-12-31,26,0,0.8569701126733451,0.5894403740621218,,0.8569701126733451,0.5894403740621218,26,True,5,2023-12-17,True,18,2023-10-28,false_positive,,,-0.15697011267334515,not_a_failed_drive,2023-12-17,2023-12-31,15,2,0.0,repeated_nonpersistent_alerts,True
ZLW17SMW,2023-10-01,2023-12-28,27,0,0.9482070277297714,0.8969984562205303,,0.9482070277297714,0.8969984562205303,27,True,23,2023-10-01,True,27,2023-10-01,false_positive,,,-0.24820702772977143,not_a_failed_drive,2023-10-01,2023-12-15,76,2,13.0,repeated_nonpersistent_alerts,False
ZLW17SNF,2023-10-03,2023-12-26,25,0,0.9999999997228743,0.8947554731399253,,0.9999999997228743,0.8947554731399253,25,True,25,2023-10-03,True,25,2023-10-03,false_positive,,,-0.2999999997228744,not_a_failed_drive,2023-10-03,2023-12-26,85,4,0.0,repeated_nonpersistent_alerts,True
ZLW17SNW,2023-10-02,2023-12-26,20,0,0.8489980170204864,0.47144034387979017,,0.8489980170204864,0.47144034387979017,20,True,3,2023-12-20,True,20,2023-10-02,false_positive,,,-0.14899801702048643,not_a_failed_drive,2023-12-20,2023-12-26,7,1,0.0,repeated_nonpersistent_alerts,True
ZLW17SP1,2023-10-01,2023-12-30,40,0,0.9117006402061681,0.8862051284435488,,0.9117006402061681,0.8862051284435488,40,True,40,2023-10-01,True,40,2023-10-01,false_positive,,,-0.2117006402061682,not_a_failed_drive,2023-10-01,2023-12-30,91,3,0.0,repeated_nonpersistent_alerts,True
ZLW17WDL,2023-10-01,2023-12-29,26,0,0.8569701126733451,0.523545588488679,,0.8569701126733451,0.523545588488679,26,True,8,2023-11-25,True,10,2023-11-19,false_positive,,,-0.15697011267334515,not_a_failed_drive,2023-11-25,2023-12-29,35,1,0.0,repeated_nonpersistent_alerts,True
ZLW17WFN,2023-10-02,2023-12-29,27,0,1.0,1.0,,1.0,1.0,27,True,27,2023-10-02,True,27,2023-10-02,false_positive,,,-0.30000000000000004,not_a_failed_drive,2023-10-02,2023-12-29,89,3,0.0,repeated_nonpersistent_alerts,True
ZLW17WFR,2023-10-12,2023-12-31,29,0,0.9987462436406149,0.7774434767037848,,0.9987462436406149,0.7774434767037848,29,True,12,2023-11-24,True,29,2023-10-12,false_positive,,,-0.298746243640615,not_a_failed_drive,2023-11-24,2023-12-31,38,2,0.0,repeated_nonpersistent_alerts,True
ZLW17WFY,2023-10-10,2023-12-30,28,0,0.9999999999999998,0.9844746809335295,,0.9999999999999998,0.9844746809335295,28,True,28,2023-10-10,True,28,2023-10-10,false_positive,,,-0.2999999999999998,not_a_failed_drive,2023-10-10,2023-12-30,82,4,0.0,repeated_nonpersistent_alerts,True
ZLW183QD,2023-10-03,2023-12-31,33,0,0.9999864246837575,0.9851352440788961,,0.9999864246837575,0.9851352440788961,33,True,33,2023-10-03,True,33,2023-10-03,false_positive,,,-0.2999864246837576,not_a_failed_drive,2023-10-03,2023-12-31,90,4,0.0,repeated_nonpersistent_alerts,True
ZLW18DZR,2023-10-05,2023-12-22,20,0,0.8073393244018079,0.7434347048906595,,0.8073393244018079,0.7434347048906595,20,True,14,2023-10-05,True,20,2023-10-05,false_positive,,,-0.10733932440180793,not_a_failed_drive,2023-10-05,2023-12-02,59,3,20.0,repeated_nonpersistent_alerts,False
ZLW18DZS,2023-10-01,2023-11-02,12,0,1.0,0.9196230080335801,,1.0,0.9196230080335801,12,True,10,2023-10-12,True,12,2023-10-01,false_positive,,,-0.30000000000000004,not_a_failed_drive,2023-10-12,2023-11-02,22,5,0.0,repeated_nonpersistent_alerts,True
ZLW18E5A,2023-10-01,2023-12-29,28,0,1.0,1.0,,1.0,1.0,28,True,28,2023-10-01,True,28,2023-10-01,false_positive,,,-0.30000000000000004,not_a_failed_drive,2023-10-01,2023-12-29,90,3,0.0,repeated_nonpersistent_alerts,True
ZLW18E5W,2023-10-03,2023-12-31,30,0,0.9986104909357421,0.9973384734693505,,0.9986104909357421,0.9973384734693505,30,True,30,2023-10-03,True,30,2023-10-03,false_positive,,,-0.2986104909357421,not_a_failed_drive,2023-10-03,2023-12-31,90,5,0.0,repeated_nonpersistent_alerts,True
ZLW18E6B,2023-10-01,2023-12-30,23,0,0.9168084185897288,0.5452216951666786,,0.9168084185897288,0.5452216951666786,23,True,8,2023-10-01,True,8,2023-10-01,false_positive,,,-0.21680841858972888,not_a_failed_drive,2023-10-01,2023-11-04,35,1,56.0,repeated_nonpersistent_alerts,False
ZLW18E80,2023-10-08,2023-12-31,25,0,0.9607423806891541,0.9531319916985407,,0.9607423806891541,0.9531319916985407,25,True,25,2023-10-08,True,25,2023-10-08,false_positive,,,-0.2607423806891541,not_a_failed_drive,2023-10-08,2023-12-31,85,3,0.0,repeated_nonpersistent_alerts,True
ZLW18E8K,2023-10-02,2023-12-29,22,0,1.0,0.9999981282275175,,1.0,0.9999981282275175,22,True,22,2023-10-02,True,22,2023-10-02,false_positive,,,-0.30000000000000004,not_a_failed_drive,2023-10-02,2023-12-29,89,3,0.0,repeated_nonpersistent_alerts,True
ZLW18EAZ,2023-10-01,2023-12-29,29,0,1.0,0.9999999999999976,,1.0,0.9999999999999976,29,True,29,2023-10-01,True,29,2023-10-01,false_positive,,,-0.30000000000000004,not_a_failed_drive,2023-10-01,2023-12-29,90,3,0.0,repeated_nonpersistent_alerts,True
ZLW18EB4,2023-10-02,2023-12-14,22,0,1.0,0.9801412525521276,,1.0,0.9801412525521276,22,True,22,2023-10-02,True,22,2023-10-02,false_positive,,,-0.30000000000000004,not_a_failed_drive,2023-10-02,2023-12-14,74,5,0.0,repeated_nonpersistent_alerts,True
ZLW18ECW,2023-10-01,2023-12-27,26,0,1.0,0.999999999988363,,1.0,0.999999999988363,26,True,26,2023-10-01,True,26,2023-10-01,false_positive,,,-0.30000000000000004,not_a_failed_drive,2023-10-01,2023-12-27,88,3,0.0,repeated_nonpersistent_alerts,True
ZLW18ECZ,2023-10-04,2023-12-30,30,0,0.9288711734585402,0.5319889699875306,,0.9288711734585402,0.5319889699875306,30,True,10,2023-11-22,True,11,2023-11-13,false_positive,,,-0.22887117345854024,not_a_failed_drive,2023-11-22,2023-12-14,23,3,16.0,repeated_nonpersistent_alerts,False
ZLW18ED3,2023-10-11,2023-12-27,18,0,0.8904565151212669,0.8737135395304817,,0.8904565151212669,0.8737135395304817,18,True,18,2023-10-11,True,18,2023-10-11,false_positive,,,-0.19045651512126693,not_a_failed_drive,2023-10-11,2023-12-27,78,3,0.0,repeated_nonpersistent_alerts,True
ZLW18EG5,2023-10-10,2023-12-31,20,0,1.0,0.6106940489254519,,1.0,0.6106940489254519,20,True,7,2023-12-09,True,10,2023-11-12,false_positive,,,-0.30000000000000004,not_a_failed_drive,2023-12-09,2023-12-31,23,3,0.0,repeated_nonpersistent_alerts,True
ZLW18EGP,2023-10-01,2023-12-31,37,0,0.9984754660329381,0.7665985999606378,,0.9984754660329381,0.7665985999606378,37,True,24,2023-10-01,True,24,2023-10-01,false_positive,,,-0.2984754660329382,not_a_failed_drive,2023-10-01,2023-12-02,63,4,29.0,repeated_nonpersistent_alerts,False
ZLW18EHD,2023-10-01,2023-10-08,3,0,1.0,1.0,,1.0,1.0,3,True,3,2023-10-01,True,3,2023-10-01,false_positive,,,-0.30000000000000004,not_a_failed_drive,2023-10-01,2023-10-08,8,2,0.0,repeated_nonpersistent_alerts,True
ZLW18EHM,2023-10-01,2023-12-31,27,0,0.9277545232589338,0.8117841025708472,,0.9277545232589338,0.8117841025708472,27,True,21,2023-10-01,True,27,2023-10-01,false_positive,,,-0.22775452325893386,not_a_failed_drive,2023-10-01,2023-12-06,67,3,25.0,repeated_nonpersistent_alerts,False
ZLW18EJ8,2023-10-05,2023-12-26,26,0,0.9999988069380238,0.8080944696347222,,0.9999988069380238,0.8080944696347222,26,True,19,2023-10-31,True,20,2023-10-26,false_positive,,,-0.29999880693802383,not_a_failed_drive,2023-10-31,2023-12-26,57,2,0.0,repeated_nonpersistent_alerts,True
ZLW18EK8,2023-10-11,2023-12-31,31,0,0.8580957509396403,0.47706884976736275,,0.8580957509396403,0.47706884976736275,31,True,8,2023-12-11,True,8,2023-12-11,false_positive,,,-0.15809575093964034,not_a_failed_drive,2023-12-11,2023-12-31,21,5,0.0,repeated_nonpersistent_alerts,True
ZLW18EMR,2023-10-05,2023-11-19,12,0,1.0,0.8348356015829309,,1.0,0.8348356015829309,12,True,7,2023-10-31,True,12,2023-10-05,false_positive,,,-0.30000000000000004,not_a_failed_drive,2023-10-31,2023-11-19,20,3,0.0,repeated_nonpersistent_alerts,True
ZLW18EN1,2023-10-03,2023-12-31,35,0,0.9998903875591905,0.9993330770590952,,0.9998903875591905,0.9993330770590952,35,True,35,2023-10-03,True,35,2023-10-03,false_positive,,,-0.2998903875591905,not_a_failed_drive,2023-10-03,2023-12-31,90,3,0.0,repeated_nonpersistent_alerts,True
ZLW18ERV,2023-10-04,2023-12-29,25,0,0.9999999994584359,0.9406971684381834,,0.9999999994584359,0.9406971684381834,25,True,25,2023-10-04,True,25,2023-10-04,false_positive,,,-0.2999999994584359,not_a_failed_drive,2023-10-04,2023-12-29,87,3,0.0,repeated_nonpersistent_alerts,True
ZLW18ETW,2023-10-02,2023-11-26,21,0,1.0,0.7590214978337374,,1.0,0.7590214978337374,21,True,7,2023-11-06,True,21,2023-10-02,false_positive,,,-0.30000000000000004,not_a_failed_drive,2023-11-06,2023-11-26,21,2,0.0,repeated_nonpersistent_alerts,True
ZLW18EWA,2023-10-03,2023-12-29,26,0,0.9984754660329381,0.9700237812976457,,0.9984754660329381,0.9700237812976457,26,True,26,2023-10-03,True,26,2023-10-03,false_positive,,,-0.2984754660329382,not_a_failed_drive,2023-10-03,2023-12-29,88,2,0.0,repeated_nonpersistent_alerts,True
ZLW18EWN,2023-10-01,2023-12-30,17,0,1.0,0.9999999750166102,,1.0,0.9999999750166102,17,True,17,2023-10-01,True,17,2023-10-01,false_positive,,,-0.30000000000000004,not_a_failed_drive,2023-10-01,2023-12-30,91,2,0.0,repeated_nonpersistent_alerts,True
ZLW18EY3,2023-10-02,2023-12-26,30,0,0.9197357027083434,0.5217445043543143,,0.9197357027083434,0.5217445043543143,30,True,8,2023-10-02,True,14,2023-10-02,false_positive,,,-0.21973570270834342,not_a_failed_drive,2023-10-02,2023-12-26,86,2,0.0,repeated_nonpersistent_alerts,True
ZLW18EYQ,2023-10-10,2023-12-31,31,0,1.0,0.995769620460358,,1.0,0.995769620460358,31,True,31,2023-10-10,True,31,2023-10-10,false_positive,,,-0.30000000000000004,not_a_failed_drive,2023-10-10,2023-12-31,83,3,0.0,repeated_nonpersistent_alerts,True
ZLW18EZY,2023-10-16,2023-12-28,22,0,0.9999999999996945,0.6495509481212827,,0.9999999999996945,0.6495509481212827,22,True,10,2023-11-02,True,17,2023-11-02,false_positive,,,-0.2999999999996945,not_a_failed_drive,2023-11-02,2023-12-28,57,3,0.0,repeated_nonpersistent_alerts,True
ZLW18F2Q,2023-10-04,2023-12-31,22,0,0.9998903875591905,0.4918759926112338,,0.9998903875591905,0.4918759926112338,22,True,5,2023-10-04,True,5,2023-10-04,false_positive,,,-0.2998903875591905,not_a_failed_drive,2023-10-04,2023-10-26,23,1,66.0,repeated_nonpersistent_alerts,False
ZLW18MG9,2023-10-03,2023-12-29,35,0,1.0,0.9999999999849507,,1.0,0.9999999999849507,35,True,35,2023-10-03,True,35,2023-10-03,false_positive,,,-0.30000000000000004,not_a_failed_drive,2023-10-03,2023-12-29,88,7,0.0,persistent_7_plus_day_run,True
ZLW18NW5,2023-10-03,2023-12-20,23,0,1.0,1.0,,1.0,1.0,23,True,23,2023-10-03,True,23,2023-10-03,false_positive,,,-0.30000000000000004,not_a_failed_drive,2023-10-03,2023-12-20,79,2,0.0,repeated_nonpersistent_alerts,True
ZLW18NYT,2023-10-08,2023-12-31,32,0,1.0,0.9998819160361699,,1.0,0.9998819160361699,32,True,32,2023-10-08,True,32,2023-10-08,false_positive,,,-0.30000000000000004,not_a_failed_drive,2023-10-08,2023-12-31,85,2,0.0,repeated_nonpersistent_alerts,True
ZLW18PN2,2023-10-04,2023-12-29,25,0,0.8133502075057817,0.4144486955513013,,0.8133502075057817,0.4144486955513013,25,True,2,2023-10-04,True,6,2023-10-04,false_positive,,,-0.11335020750578173,not_a_failed_drive,2023-10-04,2023-10-05,2,2,85.0,short_alert_burst,False
ZLW18PP8,2023-10-04,2023-12-31,19,0,0.9999953545782791,0.9837798918096091,,0.9999953545782791,0.9837798918096091,19,True,19,2023-10-04,True,19,2023-10-04,false_positive,,,-0.2999953545782792,not_a_failed_drive,2023-10-04,2023-12-31,89,2,0.0,repeated_nonpersistent_alerts,True
ZLW18PZ8,2023-10-06,2023-12-30,30,0,1.0,0.9286679536038212,,1.0,0.9286679536038212,30,True,27,2023-10-15,True,27,2023-10-15,false_positive,,,-0.30000000000000004,not_a_failed_drive,2023-10-15,2023-12-30,77,6,0.0,repeated_nonpersistent_alerts,True
ZLW18Q0E,2023-10-02,2023-12-30,22,0,1.0,0.7340406382389204,,1.0,0.7340406382389204,22,True,7,2023-11-25,True,22,2023-10-02,false_positive,,,-0.30000000000000004,not_a_failed_drive,2023-11-25,2023-12-30,36,2,0.0,repeated_nonpersistent_alerts,True
ZLW18RHC,2023-10-07,2023-12-25,24,0,0.8017113184617869,0.6266283816858641,,0.8017113184617869,0.6266283816858641,24,True,15,2023-10-25,True,15,2023-10-25,false_positive,,,-0.10171131846178694,not_a_failed_drive,2023-10-25,2023-12-23,60,3,2.0,repeated_nonpersistent_alerts,True
ZLW18RM8,2023-10-02,2023-12-19,32,0,1.0,0.7690711348375784,,1.0,0.7690711348375784,32,True,21,2023-10-24,True,21,2023-10-24,false_positive,,,-0.30000000000000004,not_a_failed_drive,2023-10-24,2023-12-19,57,4,0.0,repeated_nonpersistent_alerts,True
ZLW18RNH,2023-10-04,2023-12-29,29,0,0.9197357027083434,0.6744482424132253,,0.9197357027083434,0.6744482424132253,29,True,19,2023-11-07,True,21,2023-10-30,false_positive,,,-0.21973570270834342,not_a_failed_drive,2023-11-07,2023-12-29,53,5,0.0,repeated_nonpersistent_alerts,True
ZLW18RPH,2023-10-03,2023-12-28,33,0,0.9999790354149198,0.9999790354149197,,0.9999790354149198,0.9999790354149197,33,True,33,2023-10-03,True,33,2023-10-03,false_positive,,,-0.2999790354149199,not_a_failed_drive,2023-10-03,2023-12-28,87,2,0.0,repeated_nonpersistent_alerts,True
ZLW18RSM,2023-10-01,2023-12-29,28,0,0.9168084185897288,0.42012640264773354,,0.9168084185897288,0.42012640264773354,28,True,4,2023-12-01,True,4,2023-12-01,false_positive,,,-0.21680841858972888,not_a_failed_drive,2023-12-01,2023-12-29,29,1,0.0,repeated_nonpersistent_alerts,True
ZLW18RXN,2023-10-03,2023-12-26,28,0,0.9999003018351702,0.9999003018351702,,0.9999003018351702,0.9999003018351702,28,True,28,2023-10-03,True,28,2023-10-03,false_positive,,,-0.29990030183517025,not_a_failed_drive,2023-10-03,2023-12-26,85,3,0.0,repeated_nonpersistent_alerts,True
ZLW18RYP,2023-10-02,2023-12-28,18,0,1.0,0.9999999998262967,,1.0,0.9999999998262967,18,True,18,2023-10-02,True,18,2023-10-02,false_positive,,,-0.30000000000000004,not_a_failed_drive,2023-10-02,2023-12-28,88,2,0.0,repeated_nonpersistent_alerts,True
ZLW18RZA,2023-10-01,2023-12-28,26,0,0.9969791792430844,0.46148033121725146,,0.9969791792430844,0.46148033121725146,26,True,1,2023-10-21,True,11,2023-10-01,false_positive,,,-0.2969791792430845,not_a_failed_drive,2023-10-21,2023-10-21,1,1,68.0,single_day_spike,False
ZLW18RZF,2023-10-05,2023-12-11,21,0,1.0,0.5556770147357065,,1.0,0.5556770147357065,21,True,7,2023-11-26,True,8,2023-11-17,false_positive,,,-0.30000000000000004,not_a_failed_drive,2023-11-26,2023-12-11,16,2,0.0,repeated_nonpersistent_alerts,True
ZLW18S5F,2023-10-01,2023-12-27,33,0,0.9999999973775415,0.5390452119853962,,0.9999999973775415,0.5390452119853962,33,True,10,2023-11-30,True,10,2023-11-30,false_positive,,,-0.29999999737754157,not_a_failed_drive,2023-11-30,2023-12-27,28,2,0.0,repeated_nonpersistent_alerts,True
ZLW18S6N,2023-10-03,2023-10-07,3,0,1.0,0.9999999999994934,,1.0,0.9999999999994934,3,True,3,2023-10-03,True,3,2023-10-03,false_positive,,,-0.30000000000000004,not_a_failed_drive,2023-10-03,2023-10-07,5,1,0.0,repeated_nonpersistent_alerts,True
ZLW18S94,2023-10-02,2023-11-22,19,0,0.9999988475016741,0.3744405123726124,,0.9999988475016741,0.3744405123726124,19,True,1,2023-11-22,True,1,2023-11-22,false_positive,,,-0.29999884750167416,not_a_failed_drive,2023-11-22,2023-11-22,1,1,0.0,single_day_spike,True
ZLW18SBC,2023-10-02,2023-12-23,24,0,0.9999999999998952,0.9998911494786845,,0.9999999999998952,0.9998911494786845,24,True,24,2023-10-02,True,24,2023-10-02,false_positive,,,-0.29999999999989524,not_a_failed_drive,2023-10-02,2023-12-23,83,4,0.0,repeated_nonpersistent_alerts,True
ZLW18TDS,2023-10-02,2023-12-29,30,0,0.9996300256043491,0.7270001406440074,,0.9996300256043491,0.7270001406440074,30,True,8,2023-12-09,True,30,2023-10-02,false_positive,,,-0.29963002560434915,not_a_failed_drive,2023-12-09,2023-12-29,21,3,0.0,repeated_nonpersistent_alerts,True
ZLW18TF9,2023-10-05,2023-12-31,23,0,0.8569701126733451,0.5477943745046268,,0.8569701126733451,0.5477943745046268,23,True,4,2023-10-05,True,13,2023-10-05,false_positive,,,-0.15697011267334515,not_a_failed_drive,2023-10-05,2023-10-15,11,2,77.0,repeated_nonpersistent_alerts,False
ZLW18TJJ,2023-10-22,2023-12-28,24,0,1.0,1.0,,1.0,1.0,24,True,24,2023-10-22,True,24,2023-10-22,false_positive,,,-0.30000000000000004,not_a_failed_drive,2023-10-22,2023-12-28,68,3,0.0,repeated_nonpersistent_alerts,True
ZLW18TJT,2023-10-03,2023-12-31,30,0,0.9277545232589338,0.6209688881458898,,0.9277545232589338,0.6209688881458898,30,True,13,2023-11-29,True,19,2023-10-15,false_positive,,,-0.22775452325893386,not_a_failed_drive,2023-11-29,2023-12-31,33,2,0.0,repeated_nonpersistent_alerts,True
ZLW18V1X,2023-10-04,2023-11-18,10,0,0.9999961468989745,0.481487536611737,,0.9999961468989745,0.481487536611737,10,True,2,2023-11-10,True,7,2023-10-19,false_positive,,,-0.2999961468989746,not_a_failed_drive,2023-11-10,2023-11-18,9,1,0.0,short_alert_burst,True
ZLW18V4V,2023-10-03,2023-12-31,26,0,0.9957407755339291,0.9880166384452662,,0.9957407755339291,0.9880166384452662,26,True,26,2023-10-03,True,26,2023-10-03,false_positive,,,-0.2957407755339292,not_a_failed_drive,2023-10-03,2023-12-31,90,4,0.0,repeated_nonpersistent_alerts,True
ZLW18V8X,2023-10-12,2023-12-28,23,0,0.8062487793890967,0.6395533766833248,,0.8062487793890967,0.6395533766833248,23,True,5,2023-12-13,True,23,2023-10-12,false_positive,,,-0.10624877938909671,not_a_failed_drive,2023-12-13,2023-12-28,16,1,0.0,repeated_nonpersistent_alerts,True
ZLW1ELVW,2023-10-06,2023-12-31,34,0,0.9168084185897288,0.8038552438610956,,0.9168084185897288,0.8038552438610956,34,True,25,2023-10-08,True,34,2023-10-06,false_positive,,,-0.21680841858972888,not_a_failed_drive,2023-10-08,2023-12-31,85,5,0.0,repeated_nonpersistent_alerts,True
ZLW1ESGW,2023-10-02,2023-10-15,4,0,1.0,1.0,,1.0,1.0,4,True,4,2023-10-02,True,4,2023-10-02,false_positive,,,-0.30000000000000004,not_a_failed_drive,2023-10-02,2023-10-15,14,2,0.0,repeated_nonpersistent_alerts,True
ZLW23NGM,2023-10-11,2023-12-30,26,0,0.9168084185897288,0.5278894354803337,,0.9168084185897288,0.5278894354803337,26,True,8,2023-12-05,True,10,2023-11-27,false_positive,,,-0.21680841858972888,not_a_failed_drive,2023-12-05,2023-12-30,26,2,0.0,repeated_nonpersistent_alerts,True
ZR544TV7,2023-10-10,2023-10-31,13,0,0.9828985113948181,0.980185133630893,,0.9828985113948181,0.980185133630893,13,True,13,2023-10-10,True,13,2023-10-10,false_positive,,,-0.28289851139481814,not_a_failed_drive,2023-10-10,2023-10-31,22,6,0.0,repeated_nonpersistent_alerts,True
ZR54Z8YZ,2023-10-06,2023-12-31,29,0,0.7347587327605214,0.43536352661497846,,0.7347587327605214,0.43536352661497846,29,True,4,2023-12-17,True,15,2023-11-08,false_positive,,,-0.03475873276052144,not_a_failed_drive,2023-12-17,2023-12-31,15,1,0.0,repeated_nonpersistent_alerts,True
ZTM04S07,2023-10-01,2023-12-28,30,0,0.8569701126733451,0.8569701126733451,,0.8569701126733451,0.8569701126733451,30,True,30,2023-10-01,True,30,2023-10-01,false_positive,,,-0.15697011267334515,not_a_failed_drive,2023-10-01,2023-12-28,89,3,0.0,repeated_nonpersistent_alerts,True
ZTM08LRY,2023-10-05,2023-12-27,24,0,0.8133502075057817,0.7139887118682334,,0.8133502075057817,0.7139887118682334,24,True,13,2023-10-05,True,24,2023-10-05,false_positive,,,-0.11335020750578173,not_a_failed_drive,2023-10-05,2023-11-09,36,3,48.0,repeated_nonpersistent_alerts,False
ZTN086Z1,2023-10-04,2023-11-02,12,0,1.0,1.0,,1.0,1.0,12,True,12,2023-10-04,True,12,2023-10-04,false_positive,,,-0.30000000000000004,not_a_failed_drive,2023-10-04,2023-11-02,30,3,0.0,repeated_nonpersistent_alerts,True
ZTN0A5WM,2023-10-02,2023-12-31,40,0,0.9197357027083434,0.42101697873925403,,0.9197357027083434,0.42101697873925403,40,True,5,2023-12-17,True,8,2023-12-04,false_positive,,,-0.21973570270834342,not_a_failed_drive,2023-12-17,2023-12-31,15,1,0.0,repeated_nonpersistent_alerts,True
ZTN0AMY1,2023-10-04,2023-12-31,38,0,1.0,0.9998743234535709,,1.0,0.9998743234535709,38,True,38,2023-10-04,True,38,2023-10-04,false_positive,,,-0.30000000000000004,not_a_failed_drive,2023-10-04,2023-12-31,89,4,0.0,repeated_nonpersistent_alerts,True
ZTN1D59Q,2023-10-02,2023-12-29,28,0,0.9530999007354972,0.9094827645470424,,0.9530999007354972,0.9094827645470424,28,True,26,2023-10-13,True,26,2023-10-13,false_positive,,,-0.25309990073549726,not_a_failed_drive,2023-10-13,2023-12-29,78,4,0.0,repeated_nonpersistent_alerts,True
